program,address,name,source
level00.elf,001eb4c8,update_moby,boot-hash-match 001ebec8
level01.elf,0020d0c8,update_moby,boot-hash-match 001ebec8
level02.elf,001fc3b0,update_moby,boot-hash-match 001ebec8
level03.elf,001e4e30,update_moby,boot-hash-match 001ebec8
level04.elf,001dde30,update_moby,boot-hash-match 001ebec8
level05.elf,0021a130,update_moby,boot-hash-match 001ebec8
level06.elf,002030b0,update_moby,boot-hash-match 001ebec8
level07.elf,002132b0,update_moby,boot-hash-match 001ebec8
level08.elf,001fdec8,update_moby,boot-hash-match 001ebec8
level09.elf,0020a830,update_moby,boot-hash-match 001ebec8
level10.elf,001deb30,update_moby,boot-hash-match 001ebec8
level11.elf,0021cd30,update_moby,boot-hash-match 001ebec8
level12.elf,0020df30,update_moby,boot-hash-match 001ebec8
level13.elf,001f6eb0,update_moby,boot-hash-match 001ebec8
level14.elf,001fe6b0,update_moby,boot-hash-match 001ebec8
level15.elf,001e4bb0,update_moby,boot-hash-match 001ebec8
level16.elf,001e9d30,update_moby,boot-hash-match 001ebec8
level17.elf,001e8530,update_moby,boot-hash-match 001ebec8
level18.elf,001f41b0,update_moby,boot-hash-match 001ebec8
level00.elf,001eb9d8,draw_moby,boot-hash-match 001ec3d8
level01.elf,0020d5d8,draw_moby,boot-hash-match 001ec3d8
level02.elf,001fc8c0,draw_moby,boot-hash-match 001ec3d8
level03.elf,001e5340,draw_moby,boot-hash-match 001ec3d8
level04.elf,001de340,draw_moby,boot-hash-match 001ec3d8
level05.elf,0021a640,draw_moby,boot-hash-match 001ec3d8
level06.elf,002035c0,draw_moby,boot-hash-match 001ec3d8
level07.elf,002137c0,draw_moby,boot-hash-match 001ec3d8
level08.elf,001fe3d8,draw_moby,boot-hash-match 001ec3d8
level09.elf,0020ad40,draw_moby,boot-hash-match 001ec3d8
level10.elf,001df040,draw_moby,boot-hash-match 001ec3d8
level11.elf,0021d240,draw_moby,boot-hash-match 001ec3d8
level12.elf,0020e440,draw_moby,boot-hash-match 001ec3d8
level13.elf,001f73c0,draw_moby,boot-hash-match 001ec3d8
level14.elf,001febc0,draw_moby,boot-hash-match 001ec3d8
level15.elf,001e50c0,draw_moby,boot-hash-match 001ec3d8
level16.elf,001ea240,draw_moby,boot-hash-match 001ec3d8
level17.elf,001e8a40,draw_moby,boot-hash-match 001ec3d8
level18.elf,001f46c0,draw_moby,boot-hash-match 001ec3d8
level00.elf,001ebb30,fun_001ec530,boot-hash-match 001ec530
level01.elf,0020d730,fun_001ec530,boot-hash-match 001ec530
level02.elf,001fca18,fun_001ec530,boot-hash-match 001ec530
level03.elf,001e5498,fun_001ec530,boot-hash-match 001ec530
level04.elf,001de498,fun_001ec530,boot-hash-match 001ec530
level05.elf,0021a798,fun_001ec530,boot-hash-match 001ec530
level06.elf,00203718,fun_001ec530,boot-hash-match 001ec530
level07.elf,00213918,fun_001ec530,boot-hash-match 001ec530
level08.elf,001fe530,fun_001ec530,boot-hash-match 001ec530
level09.elf,0020ae98,fun_001ec530,boot-hash-match 001ec530
level10.elf,001df198,fun_001ec530,boot-hash-match 001ec530
level11.elf,0021d398,fun_001ec530,boot-hash-match 001ec530
level12.elf,0020e598,fun_001ec530,boot-hash-match 001ec530
level13.elf,001f7518,fun_001ec530,boot-hash-match 001ec530
level14.elf,001fed18,fun_001ec530,boot-hash-match 001ec530
level15.elf,001e5218,fun_001ec530,boot-hash-match 001ec530
level16.elf,001ea398,fun_001ec530,boot-hash-match 001ec530
level17.elf,001e8b98,fun_001ec530,boot-hash-match 001ec530
level18.elf,001f4818,fun_001ec530,boot-hash-match 001ec530
level00.elf,001ebd10,fun_001ec710,boot-hash-match 001ec710
level01.elf,0020d910,fun_001ec710,boot-hash-match 001ec710
level02.elf,001fcbf8,fun_001ec710,boot-hash-match 001ec710
level03.elf,001e5678,fun_001ec710,boot-hash-match 001ec710
level04.elf,001de678,fun_001ec710,boot-hash-match 001ec710
level05.elf,0021a978,fun_001ec710,boot-hash-match 001ec710
level06.elf,002038f8,fun_001ec710,boot-hash-match 001ec710
level07.elf,00213af8,fun_001ec710,boot-hash-match 001ec710
level08.elf,001fe710,fun_001ec710,boot-hash-match 001ec710
level09.elf,0020b078,fun_001ec710,boot-hash-match 001ec710
level10.elf,001df378,fun_001ec710,boot-hash-match 001ec710
level11.elf,0021d578,fun_001ec710,boot-hash-match 001ec710
level12.elf,0020e778,fun_001ec710,boot-hash-match 001ec710
level13.elf,001f76f8,fun_001ec710,boot-hash-match 001ec710
level14.elf,001feef8,fun_001ec710,boot-hash-match 001ec710
level15.elf,001e53f8,fun_001ec710,boot-hash-match 001ec710
level16.elf,001ea578,fun_001ec710,boot-hash-match 001ec710
level17.elf,001e8d78,fun_001ec710,boot-hash-match 001ec710
level18.elf,001f49f8,fun_001ec710,boot-hash-match 001ec710
level00.elf,001ebdf0,fun_001ec7f0,boot-hash-match 001ec7f0
level01.elf,0020d9f0,fun_001ec7f0,boot-hash-match 001ec7f0
level02.elf,001fccd8,fun_001ec7f0,boot-hash-match 001ec7f0
level03.elf,001e5758,fun_001ec7f0,boot-hash-match 001ec7f0
level04.elf,001de758,fun_001ec7f0,boot-hash-match 001ec7f0
level05.elf,0021aa58,fun_001ec7f0,boot-hash-match 001ec7f0
level06.elf,002039d8,fun_001ec7f0,boot-hash-match 001ec7f0
level07.elf,00213bd8,fun_001ec7f0,boot-hash-match 001ec7f0
level08.elf,001fe7f0,fun_001ec7f0,boot-hash-match 001ec7f0
level09.elf,0020b158,fun_001ec7f0,boot-hash-match 001ec7f0
level10.elf,001df458,fun_001ec7f0,boot-hash-match 001ec7f0
level11.elf,0021d658,fun_001ec7f0,boot-hash-match 001ec7f0
level12.elf,0020e858,fun_001ec7f0,boot-hash-match 001ec7f0
level13.elf,001f77d8,fun_001ec7f0,boot-hash-match 001ec7f0
level14.elf,001fefd8,fun_001ec7f0,boot-hash-match 001ec7f0
level15.elf,001e54d8,fun_001ec7f0,boot-hash-match 001ec7f0
level16.elf,001ea658,fun_001ec7f0,boot-hash-match 001ec7f0
level17.elf,001e8e58,fun_001ec7f0,boot-hash-match 001ec7f0
level18.elf,001f4ad8,fun_001ec7f0,boot-hash-match 001ec7f0
level00.elf,001ebe68,fun_001ec868,boot-hash-match 001ec868
level01.elf,0020da68,fun_001ec868,boot-hash-match 001ec868
level02.elf,001fcd50,fun_001ec868,boot-hash-match 001ec868
level03.elf,001e57d0,fun_001ec868,boot-hash-match 001ec868
level04.elf,001de7d0,fun_001ec868,boot-hash-match 001ec868
level05.elf,0021aad0,fun_001ec868,boot-hash-match 001ec868
level06.elf,00203a50,fun_001ec868,boot-hash-match 001ec868
level07.elf,00213c50,fun_001ec868,boot-hash-match 001ec868
level08.elf,001fe868,fun_001ec868,boot-hash-match 001ec868
level09.elf,0020b1d0,fun_001ec868,boot-hash-match 001ec868
level10.elf,001df4d0,fun_001ec868,boot-hash-match 001ec868
level11.elf,0021d6d0,fun_001ec868,boot-hash-match 001ec868
level12.elf,0020e8d0,fun_001ec868,boot-hash-match 001ec868
level13.elf,001f7850,fun_001ec868,boot-hash-match 001ec868
level14.elf,001ff050,fun_001ec868,boot-hash-match 001ec868
level15.elf,001e5550,fun_001ec868,boot-hash-match 001ec868
level16.elf,001ea6d0,fun_001ec868,boot-hash-match 001ec868
level17.elf,001e8ed0,fun_001ec868,boot-hash-match 001ec868
level18.elf,001f4b50,fun_001ec868,boot-hash-match 001ec868
level00.elf,001ebea0,fun_001ec8a0,boot-hash-match 001ec8a0
level01.elf,0020daa0,fun_001ec8a0,boot-hash-match 001ec8a0
level02.elf,001fcd88,fun_001ec8a0,boot-hash-match 001ec8a0
level03.elf,001e5808,fun_001ec8a0,boot-hash-match 001ec8a0
level04.elf,001de808,fun_001ec8a0,boot-hash-match 001ec8a0
level05.elf,0021ab08,fun_001ec8a0,boot-hash-match 001ec8a0
level06.elf,00203a88,fun_001ec8a0,boot-hash-match 001ec8a0
level07.elf,00213c88,fun_001ec8a0,boot-hash-match 001ec8a0
level08.elf,001fe8a0,fun_001ec8a0,boot-hash-match 001ec8a0
level09.elf,0020b208,fun_001ec8a0,boot-hash-match 001ec8a0
level10.elf,001df508,fun_001ec8a0,boot-hash-match 001ec8a0
level11.elf,0021d708,fun_001ec8a0,boot-hash-match 001ec8a0
level12.elf,0020e908,fun_001ec8a0,boot-hash-match 001ec8a0
level13.elf,001f7888,fun_001ec8a0,boot-hash-match 001ec8a0
level14.elf,001ff088,fun_001ec8a0,boot-hash-match 001ec8a0
level15.elf,001e5588,fun_001ec8a0,boot-hash-match 001ec8a0
level16.elf,001ea708,fun_001ec8a0,boot-hash-match 001ec8a0
level17.elf,001e8f08,fun_001ec8a0,boot-hash-match 001ec8a0
level18.elf,001f4b88,fun_001ec8a0,boot-hash-match 001ec8a0
level00.elf,001ec0f8,fun_001ecaf8,boot-hash-match 001ecaf8
level01.elf,0020dcf8,fun_001ecaf8,boot-hash-match 001ecaf8
level02.elf,001fcfe0,fun_001ecaf8,boot-hash-match 001ecaf8
level03.elf,001e5a60,fun_001ecaf8,boot-hash-match 001ecaf8
level04.elf,001dea60,fun_001ecaf8,boot-hash-match 001ecaf8
level05.elf,0021ad60,fun_001ecaf8,boot-hash-match 001ecaf8
level06.elf,00203ce0,fun_001ecaf8,boot-hash-match 001ecaf8
level07.elf,00213ee0,fun_001ecaf8,boot-hash-match 001ecaf8
level08.elf,001feaf8,fun_001ecaf8,boot-hash-match 001ecaf8
level09.elf,0020b460,fun_001ecaf8,boot-hash-match 001ecaf8
level10.elf,001df760,fun_001ecaf8,boot-hash-match 001ecaf8
level11.elf,0021d960,fun_001ecaf8,boot-hash-match 001ecaf8
level12.elf,0020eb60,fun_001ecaf8,boot-hash-match 001ecaf8
level13.elf,001f7ae0,fun_001ecaf8,boot-hash-match 001ecaf8
level14.elf,001ff2e0,fun_001ecaf8,boot-hash-match 001ecaf8
level15.elf,001e57e0,fun_001ecaf8,boot-hash-match 001ecaf8
level16.elf,001ea960,fun_001ecaf8,boot-hash-match 001ecaf8
level17.elf,001e9160,fun_001ecaf8,boot-hash-match 001ecaf8
level18.elf,001f4de0,fun_001ecaf8,boot-hash-match 001ecaf8
level00.elf,001ec2d8,fun_001eccd8,boot-hash-match 001eccd8
level01.elf,0020ded8,fun_001eccd8,boot-hash-match 001eccd8
level02.elf,001fd1c0,fun_001eccd8,boot-hash-match 001eccd8
level03.elf,001e5c40,fun_001eccd8,boot-hash-match 001eccd8
level04.elf,001dec40,fun_001eccd8,boot-hash-match 001eccd8
level05.elf,0021af40,fun_001eccd8,boot-hash-match 001eccd8
level06.elf,00203ec0,fun_001eccd8,boot-hash-match 001eccd8
level07.elf,002140c0,fun_001eccd8,boot-hash-match 001eccd8
level08.elf,001fecd8,fun_001eccd8,boot-hash-match 001eccd8
level09.elf,0020b640,fun_001eccd8,boot-hash-match 001eccd8
level10.elf,001df940,fun_001eccd8,boot-hash-match 001eccd8
level11.elf,0021db40,fun_001eccd8,boot-hash-match 001eccd8
level12.elf,0020ed40,fun_001eccd8,boot-hash-match 001eccd8
level13.elf,001f7cc0,fun_001eccd8,boot-hash-match 001eccd8
level14.elf,001ff4c0,fun_001eccd8,boot-hash-match 001eccd8
level15.elf,001e59c0,fun_001eccd8,boot-hash-match 001eccd8
level16.elf,001eab40,fun_001eccd8,boot-hash-match 001eccd8
level17.elf,001e9340,fun_001eccd8,boot-hash-match 001eccd8
level18.elf,001f4fc0,fun_001eccd8,boot-hash-match 001eccd8
level00.elf,001ec8b0,fun_001ed2b0,boot-hash-match 001ed2b0
level01.elf,0020e4b0,fun_001ed2b0,boot-hash-match 001ed2b0
level02.elf,001fd798,fun_001ed2b0,boot-hash-match 001ed2b0
level03.elf,001e6218,fun_001ed2b0,boot-hash-match 001ed2b0
level04.elf,001df218,fun_001ed2b0,boot-hash-match 001ed2b0
level05.elf,0021b518,fun_001ed2b0,boot-hash-match 001ed2b0
level06.elf,00204498,fun_001ed2b0,boot-hash-match 001ed2b0
level07.elf,00214698,fun_001ed2b0,boot-hash-match 001ed2b0
level08.elf,001ff2b0,fun_001ed2b0,boot-hash-match 001ed2b0
level09.elf,0020bc18,fun_001ed2b0,boot-hash-match 001ed2b0
level10.elf,001dff18,fun_001ed2b0,boot-hash-match 001ed2b0
level11.elf,0021e118,fun_001ed2b0,boot-hash-match 001ed2b0
level12.elf,0020f318,fun_001ed2b0,boot-hash-match 001ed2b0
level13.elf,001f8298,fun_001ed2b0,boot-hash-match 001ed2b0
level14.elf,001ffa98,fun_001ed2b0,boot-hash-match 001ed2b0
level15.elf,001e5f98,fun_001ed2b0,boot-hash-match 001ed2b0
level16.elf,001eb118,fun_001ed2b0,boot-hash-match 001ed2b0
level17.elf,001e9918,fun_001ed2b0,boot-hash-match 001ed2b0
level18.elf,001f5598,fun_001ed2b0,boot-hash-match 001ed2b0
level00.elf,001ec960,fun_001ed360,boot-hash-match 001ed360
level01.elf,0020e560,fun_001ed360,boot-hash-match 001ed360
level02.elf,001fd848,fun_001ed360,boot-hash-match 001ed360
level03.elf,001e62c8,fun_001ed360,boot-hash-match 001ed360
level04.elf,001df2c8,fun_001ed360,boot-hash-match 001ed360
level05.elf,0021b5c8,fun_001ed360,boot-hash-match 001ed360
level06.elf,00204548,fun_001ed360,boot-hash-match 001ed360
level07.elf,00214748,fun_001ed360,boot-hash-match 001ed360
level08.elf,001ff360,fun_001ed360,boot-hash-match 001ed360
level09.elf,0020bcc8,fun_001ed360,boot-hash-match 001ed360
level10.elf,001dffc8,fun_001ed360,boot-hash-match 001ed360
level11.elf,0021e1c8,fun_001ed360,boot-hash-match 001ed360
level12.elf,0020f3c8,fun_001ed360,boot-hash-match 001ed360
level13.elf,001f8348,fun_001ed360,boot-hash-match 001ed360
level14.elf,001ffb48,fun_001ed360,boot-hash-match 001ed360
level15.elf,001e6048,fun_001ed360,boot-hash-match 001ed360
level16.elf,001eb1c8,fun_001ed360,boot-hash-match 001ed360
level17.elf,001e99c8,fun_001ed360,boot-hash-match 001ed360
level18.elf,001f5648,fun_001ed360,boot-hash-match 001ed360
level00.elf,001eca70,fun_001ed470,boot-hash-match 001ed470
level01.elf,0020e670,fun_001ed470,boot-hash-match 001ed470
level02.elf,001fd958,fun_001ed470,boot-hash-match 001ed470
level03.elf,001e63d8,fun_001ed470,boot-hash-match 001ed470
level04.elf,001df3d8,fun_001ed470,boot-hash-match 001ed470
level05.elf,0021b6d8,fun_001ed470,boot-hash-match 001ed470
level06.elf,00204658,fun_001ed470,boot-hash-match 001ed470
level07.elf,00214858,fun_001ed470,boot-hash-match 001ed470
level08.elf,001ff470,fun_001ed470,boot-hash-match 001ed470
level09.elf,0020bdd8,fun_001ed470,boot-hash-match 001ed470
level10.elf,001e00d8,fun_001ed470,boot-hash-match 001ed470
level11.elf,0021e2d8,fun_001ed470,boot-hash-match 001ed470
level12.elf,0020f4d8,fun_001ed470,boot-hash-match 001ed470
level13.elf,001f8458,fun_001ed470,boot-hash-match 001ed470
level14.elf,001ffc58,fun_001ed470,boot-hash-match 001ed470
level15.elf,001e6158,fun_001ed470,boot-hash-match 001ed470
level16.elf,001eb2d8,fun_001ed470,boot-hash-match 001ed470
level17.elf,001e9ad8,fun_001ed470,boot-hash-match 001ed470
level18.elf,001f5758,fun_001ed470,boot-hash-match 001ed470
level00.elf,001ecf40,fun_001ed940,boot-hash-match 001ed940
level01.elf,0020eb40,fun_001ed940,boot-hash-match 001ed940
level02.elf,001fde28,fun_001ed940,boot-hash-match 001ed940
level03.elf,001e68a8,fun_001ed940,boot-hash-match 001ed940
level04.elf,001df8a8,fun_001ed940,boot-hash-match 001ed940
level05.elf,0021bba8,fun_001ed940,boot-hash-match 001ed940
level06.elf,00204b28,fun_001ed940,boot-hash-match 001ed940
level07.elf,00214d28,fun_001ed940,boot-hash-match 001ed940
level08.elf,001ff940,fun_001ed940,boot-hash-match 001ed940
level09.elf,0020c2a8,fun_001ed940,boot-hash-match 001ed940
level10.elf,001e05a8,fun_001ed940,boot-hash-match 001ed940
level11.elf,0021e7a8,fun_001ed940,boot-hash-match 001ed940
level12.elf,0020f9a8,fun_001ed940,boot-hash-match 001ed940
level13.elf,001f8928,fun_001ed940,boot-hash-match 001ed940
level14.elf,00200128,fun_001ed940,boot-hash-match 001ed940
level15.elf,001e6628,fun_001ed940,boot-hash-match 001ed940
level16.elf,001eb7a8,fun_001ed940,boot-hash-match 001ed940
level17.elf,001e9fa8,fun_001ed940,boot-hash-match 001ed940
level18.elf,001f5c28,fun_001ed940,boot-hash-match 001ed940
level00.elf,001ed060,fun_001eda60,boot-hash-match 001eda60
level01.elf,0020ec60,fun_001eda60,boot-hash-match 001eda60
level02.elf,001fdf48,fun_001eda60,boot-hash-match 001eda60
level03.elf,001e69c8,fun_001eda60,boot-hash-match 001eda60
level04.elf,001df9c8,fun_001eda60,boot-hash-match 001eda60
level05.elf,0021bcc8,fun_001eda60,boot-hash-match 001eda60
level06.elf,00204c48,fun_001eda60,boot-hash-match 001eda60
level07.elf,00214e48,fun_001eda60,boot-hash-match 001eda60
level08.elf,001ffa60,fun_001eda60,boot-hash-match 001eda60
level09.elf,0020c3c8,fun_001eda60,boot-hash-match 001eda60
level10.elf,001e06c8,fun_001eda60,boot-hash-match 001eda60
level11.elf,0021e8c8,fun_001eda60,boot-hash-match 001eda60
level12.elf,0020fac8,fun_001eda60,boot-hash-match 001eda60
level13.elf,001f8a48,fun_001eda60,boot-hash-match 001eda60
level14.elf,00200248,fun_001eda60,boot-hash-match 001eda60
level15.elf,001e6748,fun_001eda60,boot-hash-match 001eda60
level16.elf,001eb8c8,fun_001eda60,boot-hash-match 001eda60
level17.elf,001ea0c8,fun_001eda60,boot-hash-match 001eda60
level18.elf,001f5d48,fun_001eda60,boot-hash-match 001eda60
level00.elf,001ee6b8,fun_001ee4b0,boot-hash-match 001ee4b0
level01.elf,002102b8,fun_001ee4b0,boot-hash-match 001ee4b0
level02.elf,001ff5a0,fun_001ee4b0,boot-hash-match 001ee4b0
level03.elf,001e8020,fun_001ee4b0,boot-hash-match 001ee4b0
level04.elf,001e1020,fun_001ee4b0,boot-hash-match 001ee4b0
level05.elf,0021d320,fun_001ee4b0,boot-hash-match 001ee4b0
level06.elf,002062a0,fun_001ee4b0,boot-hash-match 001ee4b0
level07.elf,002164a0,fun_001ee4b0,boot-hash-match 001ee4b0
level08.elf,002010b8,fun_001ee4b0,boot-hash-match 001ee4b0
level09.elf,0020da20,fun_001ee4b0,boot-hash-match 001ee4b0
level10.elf,001e1d20,fun_001ee4b0,boot-hash-match 001ee4b0
level11.elf,0021ff20,fun_001ee4b0,boot-hash-match 001ee4b0
level12.elf,00211120,fun_001ee4b0,boot-hash-match 001ee4b0
level13.elf,001fa0a0,fun_001ee4b0,boot-hash-match 001ee4b0
level14.elf,002018a0,fun_001ee4b0,boot-hash-match 001ee4b0
level15.elf,001e7da0,fun_001ee4b0,boot-hash-match 001ee4b0
level16.elf,001ecf20,fun_001ee4b0,boot-hash-match 001ee4b0
level17.elf,001eb720,fun_001ee4b0,boot-hash-match 001ee4b0
level18.elf,001f73a0,fun_001ee4b0,boot-hash-match 001ee4b0
level00.elf,001efbd0,fun_001ef9c8,boot-hash-match 001ef9c8
level01.elf,002117d0,fun_001ef9c8,boot-hash-match 001ef9c8
level02.elf,00200ab8,fun_001ef9c8,boot-hash-match 001ef9c8
level03.elf,001e9538,fun_001ef9c8,boot-hash-match 001ef9c8
level04.elf,001e2538,fun_001ef9c8,boot-hash-match 001ef9c8
level05.elf,0021e838,fun_001ef9c8,boot-hash-match 001ef9c8
level06.elf,002077b8,fun_001ef9c8,boot-hash-match 001ef9c8
level07.elf,002179b8,fun_001ef9c8,boot-hash-match 001ef9c8
level08.elf,002025e0,fun_001ef9c8,boot-hash-match 001ef9c8
level09.elf,0020ef38,fun_001ef9c8,boot-hash-match 001ef9c8
level10.elf,001e3238,fun_001ef9c8,boot-hash-match 001ef9c8
level11.elf,00221438,fun_001ef9c8,boot-hash-match 001ef9c8
level12.elf,00212640,fun_001ef9c8,boot-hash-match 001ef9c8
level13.elf,001fb5b8,fun_001ef9c8,boot-hash-match 001ef9c8
level14.elf,00202dc0,fun_001ef9c8,boot-hash-match 001ef9c8
level15.elf,001e92b8,fun_001ef9c8,boot-hash-match 001ef9c8
level16.elf,001ee438,fun_001ef9c8,boot-hash-match 001ef9c8
level17.elf,001ecc38,fun_001ef9c8,boot-hash-match 001ef9c8
level18.elf,001f88b8,fun_001ef9c8,boot-hash-match 001ef9c8
level00.elf,001f35d8,fun_001f0b58,boot-hash-match 001f0b58
level01.elf,002151d8,fun_001f0b58,boot-hash-match 001f0b58
level02.elf,002044c0,fun_001f0b58,boot-hash-match 001f0b58
level03.elf,001ecf40,fun_001f0b58,boot-hash-match 001f0b58
level04.elf,001e5f40,fun_001f0b58,boot-hash-match 001f0b58
level05.elf,00222240,fun_001f0b58,boot-hash-match 001f0b58
level06.elf,0020b1c0,fun_001f0b58,boot-hash-match 001f0b58
level07.elf,0021b3c0,fun_001f0b58,boot-hash-match 001f0b58
level08.elf,00205fe8,fun_001f0b58,boot-hash-match 001f0b58
level09.elf,00212940,fun_001f0b58,boot-hash-match 001f0b58
level10.elf,001e6c40,fun_001f0b58,boot-hash-match 001f0b58
level11.elf,00224e40,fun_001f0b58,boot-hash-match 001f0b58
level12.elf,00216048,fun_001f0b58,boot-hash-match 001f0b58
level13.elf,001fefc0,fun_001f0b58,boot-hash-match 001f0b58
level14.elf,002067c8,fun_001f0b58,boot-hash-match 001f0b58
level15.elf,001eccc0,fun_001f0b58,boot-hash-match 001f0b58
level16.elf,001f1e40,fun_001f0b58,boot-hash-match 001f0b58
level17.elf,001f0640,fun_001f0b58,boot-hash-match 001f0b58
level18.elf,001fc2c0,fun_001f0b58,boot-hash-match 001f0b58
level00.elf,001f3638,clear_dma_queue_entry,boot-hash-match 001f0b88
level01.elf,00215238,clear_dma_queue_entry,boot-hash-match 001f0b88
level02.elf,00204520,clear_dma_queue_entry,boot-hash-match 001f0b88
level03.elf,001ecfa0,clear_dma_queue_entry,boot-hash-match 001f0b88
level04.elf,001e5fa0,clear_dma_queue_entry,boot-hash-match 001f0b88
level05.elf,002222a0,clear_dma_queue_entry,boot-hash-match 001f0b88
level06.elf,0020b220,clear_dma_queue_entry,boot-hash-match 001f0b88
level07.elf,0021b420,clear_dma_queue_entry,boot-hash-match 001f0b88
level08.elf,00206048,clear_dma_queue_entry,boot-hash-match 001f0b88
level09.elf,002129a0,clear_dma_queue_entry,boot-hash-match 001f0b88
level10.elf,001e6ca0,clear_dma_queue_entry,boot-hash-match 001f0b88
level11.elf,00224ea0,clear_dma_queue_entry,boot-hash-match 001f0b88
level12.elf,002160a8,clear_dma_queue_entry,boot-hash-match 001f0b88
level13.elf,001ff020,clear_dma_queue_entry,boot-hash-match 001f0b88
level14.elf,00206828,clear_dma_queue_entry,boot-hash-match 001f0b88
level15.elf,001ecd20,clear_dma_queue_entry,boot-hash-match 001f0b88
level16.elf,001f1ea0,clear_dma_queue_entry,boot-hash-match 001f0b88
level17.elf,001f06a0,clear_dma_queue_entry,boot-hash-match 001f0b88
level18.elf,001fc320,clear_dma_queue_entry,boot-hash-match 001f0b88
level00.elf,001f6da8,fun_001f21c0,boot-hash-match 001f21c0
level01.elf,002189a8,fun_001f21c0,boot-hash-match 001f21c0
level02.elf,00207c90,fun_001f21c0,boot-hash-match 001f21c0
level03.elf,001f0710,fun_001f21c0,boot-hash-match 001f21c0
level04.elf,001e9710,fun_001f21c0,boot-hash-match 001f21c0
level05.elf,00225a10,fun_001f21c0,boot-hash-match 001f21c0
level06.elf,0020e990,fun_001f21c0,boot-hash-match 001f21c0
level07.elf,0021eb90,fun_001f21c0,boot-hash-match 001f21c0
level08.elf,002097b8,fun_001f21c0,boot-hash-match 001f21c0
level09.elf,00216110,fun_001f21c0,boot-hash-match 001f21c0
level10.elf,001ea410,fun_001f21c0,boot-hash-match 001f21c0
level11.elf,00228610,fun_001f21c0,boot-hash-match 001f21c0
level12.elf,00219818,fun_001f21c0,boot-hash-match 001f21c0
level13.elf,00202790,fun_001f21c0,boot-hash-match 001f21c0
level14.elf,00209f98,fun_001f21c0,boot-hash-match 001f21c0
level15.elf,001f0490,fun_001f21c0,boot-hash-match 001f21c0
level16.elf,001f5610,fun_001f21c0,boot-hash-match 001f21c0
level17.elf,001f3e10,fun_001f21c0,boot-hash-match 001f21c0
level18.elf,001ffa90,fun_001f21c0,boot-hash-match 001f21c0
level00.elf,001f6e48,fun_001f2260,boot-hash-match 001f2260
level01.elf,00218a48,fun_001f2260,boot-hash-match 001f2260
level02.elf,00207d30,fun_001f2260,boot-hash-match 001f2260
level03.elf,001f07b0,fun_001f2260,boot-hash-match 001f2260
level04.elf,001e97b0,fun_001f2260,boot-hash-match 001f2260
level05.elf,00225ab0,fun_001f2260,boot-hash-match 001f2260
level06.elf,0020ea30,fun_001f2260,boot-hash-match 001f2260
level07.elf,0021ec30,fun_001f2260,boot-hash-match 001f2260
level08.elf,00209858,fun_001f2260,boot-hash-match 001f2260
level09.elf,002161b0,fun_001f2260,boot-hash-match 001f2260
level10.elf,001ea4b0,fun_001f2260,boot-hash-match 001f2260
level11.elf,002286b0,fun_001f2260,boot-hash-match 001f2260
level12.elf,002198b8,fun_001f2260,boot-hash-match 001f2260
level13.elf,00202830,fun_001f2260,boot-hash-match 001f2260
level14.elf,0020a038,fun_001f2260,boot-hash-match 001f2260
level15.elf,001f0530,fun_001f2260,boot-hash-match 001f2260
level16.elf,001f56b0,fun_001f2260,boot-hash-match 001f2260
level17.elf,001f3eb0,fun_001f2260,boot-hash-match 001f2260
level18.elf,001ffb30,fun_001f2260,boot-hash-match 001f2260
level00.elf,001f7fa0,fun_001f33b8,boot-hash-match 001f33b8
level01.elf,00219ba0,fun_001f33b8,boot-hash-match 001f33b8
level02.elf,00208e88,fun_001f33b8,boot-hash-match 001f33b8
level03.elf,001f1908,fun_001f33b8,boot-hash-match 001f33b8
level04.elf,001ea908,fun_001f33b8,boot-hash-match 001f33b8
level05.elf,00226c08,fun_001f33b8,boot-hash-match 001f33b8
level06.elf,0020fb88,fun_001f33b8,boot-hash-match 001f33b8
level07.elf,0021fd88,fun_001f33b8,boot-hash-match 001f33b8
level08.elf,0020a9b0,fun_001f33b8,boot-hash-match 001f33b8
level09.elf,00217308,fun_001f33b8,boot-hash-match 001f33b8
level10.elf,001eb608,fun_001f33b8,boot-hash-match 001f33b8
level11.elf,00229808,fun_001f33b8,boot-hash-match 001f33b8
level12.elf,0021aa10,fun_001f33b8,boot-hash-match 001f33b8
level13.elf,00203988,fun_001f33b8,boot-hash-match 001f33b8
level14.elf,0020b190,fun_001f33b8,boot-hash-match 001f33b8
level15.elf,001f1688,fun_001f33b8,boot-hash-match 001f33b8
level16.elf,001f6808,fun_001f33b8,boot-hash-match 001f33b8
level17.elf,001f5008,fun_001f33b8,boot-hash-match 001f33b8
level18.elf,00200c88,fun_001f33b8,boot-hash-match 001f33b8
level00.elf,001f8e90,prepare_debug_profiler_render,boot-hash-match 001f4248
level01.elf,0021aa90,prepare_debug_profiler_render,boot-hash-match 001f4248
level02.elf,00209d78,prepare_debug_profiler_render,boot-hash-match 001f4248
level03.elf,001f27f8,prepare_debug_profiler_render,boot-hash-match 001f4248
level04.elf,001eb7f8,prepare_debug_profiler_render,boot-hash-match 001f4248
level05.elf,00227af8,prepare_debug_profiler_render,boot-hash-match 001f4248
level06.elf,00210a78,prepare_debug_profiler_render,boot-hash-match 001f4248
level07.elf,00220c78,prepare_debug_profiler_render,boot-hash-match 001f4248
level08.elf,0020b8a0,prepare_debug_profiler_render,boot-hash-match 001f4248
level09.elf,002181f8,prepare_debug_profiler_render,boot-hash-match 001f4248
level10.elf,001ec4f8,prepare_debug_profiler_render,boot-hash-match 001f4248
level11.elf,0022a6f8,prepare_debug_profiler_render,boot-hash-match 001f4248
level12.elf,0021b900,prepare_debug_profiler_render,boot-hash-match 001f4248
level13.elf,00204878,prepare_debug_profiler_render,boot-hash-match 001f4248
level14.elf,0020c080,prepare_debug_profiler_render,boot-hash-match 001f4248
level15.elf,001f2578,prepare_debug_profiler_render,boot-hash-match 001f4248
level16.elf,001f76f8,prepare_debug_profiler_render,boot-hash-match 001f4248
level17.elf,001f5ef8,prepare_debug_profiler_render,boot-hash-match 001f4248
level18.elf,00201b78,prepare_debug_profiler_render,boot-hash-match 001f4248
level00.elf,001f9660,fun_001f4880,boot-hash-match 001f4880
level01.elf,0021b260,fun_001f4880,boot-hash-match 001f4880
level02.elf,0020a598,fun_001f4880,boot-hash-match 001f4880
level03.elf,001f2fc8,fun_001f4880,boot-hash-match 001f4880
level04.elf,001ebfc8,fun_001f4880,boot-hash-match 001f4880
level05.elf,00228318,fun_001f4880,boot-hash-match 001f4880
level06.elf,00211248,fun_001f4880,boot-hash-match 001f4880
level07.elf,00221498,fun_001f4880,boot-hash-match 001f4880
level08.elf,0020c070,fun_001f4880,boot-hash-match 001f4880
level09.elf,00218a18,fun_001f4880,boot-hash-match 001f4880
level10.elf,001eccc8,fun_001f4880,boot-hash-match 001f4880
level11.elf,0022aec8,fun_001f4880,boot-hash-match 001f4880
level12.elf,0021c120,fun_001f4880,boot-hash-match 001f4880
level13.elf,00205048,fun_001f4880,boot-hash-match 001f4880
level14.elf,0020c8f0,fun_001f4880,boot-hash-match 001f4880
level15.elf,001f2d98,fun_001f4880,boot-hash-match 001f4880
level16.elf,001f7ec8,fun_001f4880,boot-hash-match 001f4880
level17.elf,001f66c8,fun_001f4880,boot-hash-match 001f4880
level18.elf,00202348,fun_001f4880,boot-hash-match 001f4880
level00.elf,001f9a20,fun_001f4be0,boot-hash-match 001f4be0
level01.elf,0021b620,fun_001f4be0,boot-hash-match 001f4be0
level02.elf,0020a958,fun_001f4be0,boot-hash-match 001f4be0
level03.elf,001f3388,fun_001f4be0,boot-hash-match 001f4be0
level04.elf,001ec388,fun_001f4be0,boot-hash-match 001f4be0
level05.elf,002286d8,fun_001f4be0,boot-hash-match 001f4be0
level06.elf,00211608,fun_001f4be0,boot-hash-match 001f4be0
level07.elf,00221858,fun_001f4be0,boot-hash-match 001f4be0
level08.elf,0020c430,fun_001f4be0,boot-hash-match 001f4be0
level09.elf,00218dd8,fun_001f4be0,boot-hash-match 001f4be0
level10.elf,001ed088,fun_001f4be0,boot-hash-match 001f4be0
level11.elf,0022b288,fun_001f4be0,boot-hash-match 001f4be0
level12.elf,0021c4e0,fun_001f4be0,boot-hash-match 001f4be0
level13.elf,00205408,fun_001f4be0,boot-hash-match 001f4be0
level14.elf,0020ccb0,fun_001f4be0,boot-hash-match 001f4be0
level15.elf,001f3158,fun_001f4be0,boot-hash-match 001f4be0
level16.elf,001f8288,fun_001f4be0,boot-hash-match 001f4be0
level17.elf,001f6a88,fun_001f4be0,boot-hash-match 001f4be0
level18.elf,00202708,fun_001f4be0,boot-hash-match 001f4be0
level00.elf,001f9bd8,fun_001f4d98,boot-hash-match 001f4d98
level01.elf,0021b7d8,fun_001f4d98,boot-hash-match 001f4d98
level02.elf,0020ab10,fun_001f4d98,boot-hash-match 001f4d98
level03.elf,001f3540,fun_001f4d98,boot-hash-match 001f4d98
level04.elf,001ec540,fun_001f4d98,boot-hash-match 001f4d98
level05.elf,00228890,fun_001f4d98,boot-hash-match 001f4d98
level06.elf,002117c0,fun_001f4d98,boot-hash-match 001f4d98
level07.elf,00221a10,fun_001f4d98,boot-hash-match 001f4d98
level08.elf,0020c5e8,fun_001f4d98,boot-hash-match 001f4d98
level09.elf,00218f90,fun_001f4d98,boot-hash-match 001f4d98
level10.elf,001ed240,fun_001f4d98,boot-hash-match 001f4d98
level11.elf,0022b440,fun_001f4d98,boot-hash-match 001f4d98
level12.elf,0021c698,fun_001f4d98,boot-hash-match 001f4d98
level13.elf,002055c0,fun_001f4d98,boot-hash-match 001f4d98
level14.elf,0020ce68,fun_001f4d98,boot-hash-match 001f4d98
level15.elf,001f3310,fun_001f4d98,boot-hash-match 001f4d98
level16.elf,001f8440,fun_001f4d98,boot-hash-match 001f4d98
level17.elf,001f6c40,fun_001f4d98,boot-hash-match 001f4d98
level18.elf,002028c0,fun_001f4d98,boot-hash-match 001f4d98
level00.elf,001f9df8,fun_001f4fb8,boot-hash-match 001f4fb8
level01.elf,0021b9f8,fun_001f4fb8,boot-hash-match 001f4fb8
level02.elf,0020ad30,fun_001f4fb8,boot-hash-match 001f4fb8
level03.elf,001f3760,fun_001f4fb8,boot-hash-match 001f4fb8
level04.elf,001ec760,fun_001f4fb8,boot-hash-match 001f4fb8
level05.elf,00228ab0,fun_001f4fb8,boot-hash-match 001f4fb8
level06.elf,002119e0,fun_001f4fb8,boot-hash-match 001f4fb8
level07.elf,00221c30,fun_001f4fb8,boot-hash-match 001f4fb8
level08.elf,0020c808,fun_001f4fb8,boot-hash-match 001f4fb8
level09.elf,002191b0,fun_001f4fb8,boot-hash-match 001f4fb8
level10.elf,001ed460,fun_001f4fb8,boot-hash-match 001f4fb8
level11.elf,0022b660,fun_001f4fb8,boot-hash-match 001f4fb8
level12.elf,0021c8b8,fun_001f4fb8,boot-hash-match 001f4fb8
level13.elf,002057e0,fun_001f4fb8,boot-hash-match 001f4fb8
level14.elf,0020d088,fun_001f4fb8,boot-hash-match 001f4fb8
level15.elf,001f3530,fun_001f4fb8,boot-hash-match 001f4fb8
level16.elf,001f8660,fun_001f4fb8,boot-hash-match 001f4fb8
level17.elf,001f6e60,fun_001f4fb8,boot-hash-match 001f4fb8
level18.elf,00202ae0,fun_001f4fb8,boot-hash-match 001f4fb8
level00.elf,001f9f78,draw_fogged_fullscreen_sprite,boot-hash-match 001f5138
level01.elf,0021bb78,draw_fogged_fullscreen_sprite,boot-hash-match 001f5138
level02.elf,0020aeb0,draw_fogged_fullscreen_sprite,boot-hash-match 001f5138
level03.elf,001f38e0,draw_fogged_fullscreen_sprite,boot-hash-match 001f5138
level04.elf,001ec8e0,draw_fogged_fullscreen_sprite,boot-hash-match 001f5138
level05.elf,00228c30,draw_fogged_fullscreen_sprite,boot-hash-match 001f5138
level06.elf,00211b60,draw_fogged_fullscreen_sprite,boot-hash-match 001f5138
level07.elf,00221db0,draw_fogged_fullscreen_sprite,boot-hash-match 001f5138
level08.elf,0020c988,draw_fogged_fullscreen_sprite,boot-hash-match 001f5138
level09.elf,00219330,draw_fogged_fullscreen_sprite,boot-hash-match 001f5138
level10.elf,001ed5e0,draw_fogged_fullscreen_sprite,boot-hash-match 001f5138
level11.elf,0022b7e0,draw_fogged_fullscreen_sprite,boot-hash-match 001f5138
level12.elf,0021ca38,draw_fogged_fullscreen_sprite,boot-hash-match 001f5138
level13.elf,00205960,draw_fogged_fullscreen_sprite,boot-hash-match 001f5138
level14.elf,0020d208,draw_fogged_fullscreen_sprite,boot-hash-match 001f5138
level15.elf,001f36b0,draw_fogged_fullscreen_sprite,boot-hash-match 001f5138
level16.elf,001f87e0,draw_fogged_fullscreen_sprite,boot-hash-match 001f5138
level17.elf,001f6fe0,draw_fogged_fullscreen_sprite,boot-hash-match 001f5138
level18.elf,00202c60,draw_fogged_fullscreen_sprite,boot-hash-match 001f5138
level00.elf,001fa050,emit_rgba_draw_packet,boot-hash-match 001f5210
level01.elf,0021bc50,emit_rgba_draw_packet,boot-hash-match 001f5210
level02.elf,0020af88,emit_rgba_draw_packet,boot-hash-match 001f5210
level03.elf,001f39b8,emit_rgba_draw_packet,boot-hash-match 001f5210
level04.elf,001ec9b8,emit_rgba_draw_packet,boot-hash-match 001f5210
level05.elf,00228d08,emit_rgba_draw_packet,boot-hash-match 001f5210
level06.elf,00211c38,emit_rgba_draw_packet,boot-hash-match 001f5210
level07.elf,00221e88,emit_rgba_draw_packet,boot-hash-match 001f5210
level08.elf,0020ca60,emit_rgba_draw_packet,boot-hash-match 001f5210
level09.elf,00219408,emit_rgba_draw_packet,boot-hash-match 001f5210
level10.elf,001ed6b8,emit_rgba_draw_packet,boot-hash-match 001f5210
level11.elf,0022b8b8,emit_rgba_draw_packet,boot-hash-match 001f5210
level12.elf,0021cb10,emit_rgba_draw_packet,boot-hash-match 001f5210
level13.elf,00205a38,emit_rgba_draw_packet,boot-hash-match 001f5210
level14.elf,0020d2e0,emit_rgba_draw_packet,boot-hash-match 001f5210
level15.elf,001f3788,emit_rgba_draw_packet,boot-hash-match 001f5210
level16.elf,001f88b8,emit_rgba_draw_packet,boot-hash-match 001f5210
level17.elf,001f70b8,emit_rgba_draw_packet,boot-hash-match 001f5210
level18.elf,00202d38,emit_rgba_draw_packet,boot-hash-match 001f5210
level00.elf,001fa418,fun_001f55d8,boot-hash-match 001f55d8
level01.elf,0021c018,fun_001f55d8,boot-hash-match 001f55d8
level02.elf,0020b350,fun_001f55d8,boot-hash-match 001f55d8
level03.elf,001f3d80,fun_001f55d8,boot-hash-match 001f55d8
level04.elf,001ecd80,fun_001f55d8,boot-hash-match 001f55d8
level05.elf,002290d0,fun_001f55d8,boot-hash-match 001f55d8
level06.elf,00212000,fun_001f55d8,boot-hash-match 001f55d8
level07.elf,00222250,fun_001f55d8,boot-hash-match 001f55d8
level08.elf,0020ce28,fun_001f55d8,boot-hash-match 001f55d8
level09.elf,002197d0,fun_001f55d8,boot-hash-match 001f55d8
level10.elf,001eda80,fun_001f55d8,boot-hash-match 001f55d8
level11.elf,0022bc80,fun_001f55d8,boot-hash-match 001f55d8
level12.elf,0021ced8,fun_001f55d8,boot-hash-match 001f55d8
level13.elf,00205e00,fun_001f55d8,boot-hash-match 001f55d8
level14.elf,0020d6a8,fun_001f55d8,boot-hash-match 001f55d8
level15.elf,001f3b50,fun_001f55d8,boot-hash-match 001f55d8
level16.elf,001f8c80,fun_001f55d8,boot-hash-match 001f55d8
level17.elf,001f7480,fun_001f55d8,boot-hash-match 001f55d8
level18.elf,00203100,fun_001f55d8,boot-hash-match 001f55d8
level00.elf,001fa648,fun_001f5808,boot-hash-match 001f5808
level01.elf,0021c248,fun_001f5808,boot-hash-match 001f5808
level02.elf,0020b580,fun_001f5808,boot-hash-match 001f5808
level03.elf,001f3fb0,fun_001f5808,boot-hash-match 001f5808
level04.elf,001ecfb0,fun_001f5808,boot-hash-match 001f5808
level05.elf,00229300,fun_001f5808,boot-hash-match 001f5808
level06.elf,00212230,fun_001f5808,boot-hash-match 001f5808
level07.elf,00222480,fun_001f5808,boot-hash-match 001f5808
level08.elf,0020d058,fun_001f5808,boot-hash-match 001f5808
level09.elf,00219a00,fun_001f5808,boot-hash-match 001f5808
level10.elf,001edcb0,fun_001f5808,boot-hash-match 001f5808
level11.elf,0022beb0,fun_001f5808,boot-hash-match 001f5808
level12.elf,0021d108,fun_001f5808,boot-hash-match 001f5808
level13.elf,00206030,fun_001f5808,boot-hash-match 001f5808
level14.elf,0020d8d8,fun_001f5808,boot-hash-match 001f5808
level15.elf,001f3d80,fun_001f5808,boot-hash-match 001f5808
level16.elf,001f8eb0,fun_001f5808,boot-hash-match 001f5808
level17.elf,001f76b0,fun_001f5808,boot-hash-match 001f5808
level18.elf,00203330,fun_001f5808,boot-hash-match 001f5808
level00.elf,001faea0,fun_001f6060,boot-hash-match 001f6060
level01.elf,0021caa0,fun_001f6060,boot-hash-match 001f6060
level02.elf,0020bed8,fun_001f6060,boot-hash-match 001f6060
level03.elf,001f4808,fun_001f6060,boot-hash-match 001f6060
level04.elf,001ed908,fun_001f6060,boot-hash-match 001f6060
level05.elf,00229b58,fun_001f6060,boot-hash-match 001f6060
level06.elf,00212b88,fun_001f6060,boot-hash-match 001f6060
level07.elf,00222cd8,fun_001f6060,boot-hash-match 001f6060
level08.elf,0020d9b0,fun_001f6060,boot-hash-match 001f6060
level09.elf,0021a258,fun_001f6060,boot-hash-match 001f6060
level10.elf,001ee508,fun_001f6060,boot-hash-match 001f6060
level11.elf,0022c808,fun_001f6060,boot-hash-match 001f6060
level12.elf,0021da60,fun_001f6060,boot-hash-match 001f6060
level13.elf,00206988,fun_001f6060,boot-hash-match 001f6060
level14.elf,0020e130,fun_001f6060,boot-hash-match 001f6060
level15.elf,001f45d8,fun_001f6060,boot-hash-match 001f6060
level16.elf,001f9708,fun_001f6060,boot-hash-match 001f6060
level17.elf,001f7f08,fun_001f6060,boot-hash-match 001f6060
level18.elf,00203c88,fun_001f6060,boot-hash-match 001f6060
level00.elf,001fb040,measure_text_width,boot-hash-match 001f6200
level01.elf,0021cc40,measure_text_width,boot-hash-match 001f6200
level02.elf,0020c078,measure_text_width,boot-hash-match 001f6200
level03.elf,001f49a8,measure_text_width,boot-hash-match 001f6200
level04.elf,001edaa8,measure_text_width,boot-hash-match 001f6200
level05.elf,00229cf8,measure_text_width,boot-hash-match 001f6200
level06.elf,00212d28,measure_text_width,boot-hash-match 001f6200
level07.elf,00222e78,measure_text_width,boot-hash-match 001f6200
level08.elf,0020db50,measure_text_width,boot-hash-match 001f6200
level09.elf,0021a3f8,measure_text_width,boot-hash-match 001f6200
level10.elf,001ee6a8,measure_text_width,boot-hash-match 001f6200
level11.elf,0022c9a8,measure_text_width,boot-hash-match 001f6200
level12.elf,0021dc00,measure_text_width,boot-hash-match 001f6200
level13.elf,00206b28,measure_text_width,boot-hash-match 001f6200
level14.elf,0020e2d0,measure_text_width,boot-hash-match 001f6200
level15.elf,001f4778,measure_text_width,boot-hash-match 001f6200
level16.elf,001f98a8,measure_text_width,boot-hash-match 001f6200
level17.elf,001f80a8,measure_text_width,boot-hash-match 001f6200
level18.elf,00203e28,measure_text_width,boot-hash-match 001f6200
level00.elf,001fb370,font_print_large,boot-hash-match 001f6530
level01.elf,0021cf70,font_print_large,boot-hash-match 001f6530
level02.elf,0020c3a8,font_print_large,boot-hash-match 001f6530
level03.elf,001f4cd8,font_print_large,boot-hash-match 001f6530
level04.elf,001eddd8,font_print_large,boot-hash-match 001f6530
level05.elf,0022a028,font_print_large,boot-hash-match 001f6530
level06.elf,00213058,font_print_large,boot-hash-match 001f6530
level07.elf,002231a8,font_print_large,boot-hash-match 001f6530
level08.elf,0020de80,font_print_large,boot-hash-match 001f6530
level09.elf,0021a728,font_print_large,boot-hash-match 001f6530
level10.elf,001ee9d8,font_print_large,boot-hash-match 001f6530
level11.elf,0022ccd8,font_print_large,boot-hash-match 001f6530
level12.elf,0021df30,font_print_large,boot-hash-match 001f6530
level13.elf,00206e58,font_print_large,boot-hash-match 001f6530
level14.elf,0020e600,font_print_large,boot-hash-match 001f6530
level15.elf,001f4aa8,font_print_large,boot-hash-match 001f6530
level16.elf,001f9bd8,font_print_large,boot-hash-match 001f6530
level17.elf,001f83d8,font_print_large,boot-hash-match 001f6530
level18.elf,00204158,font_print_large,boot-hash-match 001f6530
level00.elf,001fb4f0,process_bgm_display_text_event,boot-hash-match 001f6638
level01.elf,0021d0f0,process_bgm_display_text_event,boot-hash-match 001f6638
level02.elf,0020c528,process_bgm_display_text_event,boot-hash-match 001f6638
level03.elf,001f4e58,process_bgm_display_text_event,boot-hash-match 001f6638
level04.elf,001edf58,process_bgm_display_text_event,boot-hash-match 001f6638
level05.elf,0022a1a8,process_bgm_display_text_event,boot-hash-match 001f6638
level06.elf,002131d8,process_bgm_display_text_event,boot-hash-match 001f6638
level07.elf,00223328,process_bgm_display_text_event,boot-hash-match 001f6638
level08.elf,0020e000,process_bgm_display_text_event,boot-hash-match 001f6638
level09.elf,0021a8a8,process_bgm_display_text_event,boot-hash-match 001f6638
level10.elf,001eeb58,process_bgm_display_text_event,boot-hash-match 001f6638
level11.elf,0022ce58,process_bgm_display_text_event,boot-hash-match 001f6638
level12.elf,0021e0b0,process_bgm_display_text_event,boot-hash-match 001f6638
level13.elf,00206fd8,process_bgm_display_text_event,boot-hash-match 001f6638
level14.elf,0020e780,process_bgm_display_text_event,boot-hash-match 001f6638
level15.elf,001f4c28,process_bgm_display_text_event,boot-hash-match 001f6638
level16.elf,001f9d58,process_bgm_display_text_event,boot-hash-match 001f6638
level17.elf,001f8558,process_bgm_display_text_event,boot-hash-match 001f6638
level18.elf,002042d8,process_bgm_display_text_event,boot-hash-match 001f6638
level00.elf,001fb7f8,font_print_right,boot-hash-match 001f6940
level01.elf,0021d3f8,font_print_right,boot-hash-match 001f6940
level02.elf,0020c830,font_print_right,boot-hash-match 001f6940
level03.elf,001f5160,font_print_right,boot-hash-match 001f6940
level04.elf,001ee260,font_print_right,boot-hash-match 001f6940
level05.elf,0022a4b0,font_print_right,boot-hash-match 001f6940
level06.elf,002134e0,font_print_right,boot-hash-match 001f6940
level07.elf,00223630,font_print_right,boot-hash-match 001f6940
level08.elf,0020e308,font_print_right,boot-hash-match 001f6940
level09.elf,0021abb0,font_print_right,boot-hash-match 001f6940
level10.elf,001eee60,font_print_right,boot-hash-match 001f6940
level11.elf,0022d160,font_print_right,boot-hash-match 001f6940
level12.elf,0021e3b8,font_print_right,boot-hash-match 001f6940
level13.elf,002072e0,font_print_right,boot-hash-match 001f6940
level14.elf,0020ea88,font_print_right,boot-hash-match 001f6940
level15.elf,001f4f30,font_print_right,boot-hash-match 001f6940
level16.elf,001fa060,font_print_right,boot-hash-match 001f6940
level17.elf,001f8860,font_print_right,boot-hash-match 001f6940
level18.elf,002045e0,font_print_right,boot-hash-match 001f6940
level00.elf,001fb888,font_print_right_small,boot-hash-match 001f69d0
level01.elf,0021d488,font_print_right_small,boot-hash-match 001f69d0
level02.elf,0020c8c0,font_print_right_small,boot-hash-match 001f69d0
level03.elf,001f51f0,font_print_right_small,boot-hash-match 001f69d0
level04.elf,001ee2f0,font_print_right_small,boot-hash-match 001f69d0
level05.elf,0022a540,font_print_right_small,boot-hash-match 001f69d0
level06.elf,00213570,font_print_right_small,boot-hash-match 001f69d0
level07.elf,002236c0,font_print_right_small,boot-hash-match 001f69d0
level08.elf,0020e398,font_print_right_small,boot-hash-match 001f69d0
level09.elf,0021ac40,font_print_right_small,boot-hash-match 001f69d0
level10.elf,001eeef0,font_print_right_small,boot-hash-match 001f69d0
level11.elf,0022d1f0,font_print_right_small,boot-hash-match 001f69d0
level12.elf,0021e448,font_print_right_small,boot-hash-match 001f69d0
level13.elf,00207370,font_print_right_small,boot-hash-match 001f69d0
level14.elf,0020eb18,font_print_right_small,boot-hash-match 001f69d0
level15.elf,001f4fc0,font_print_right_small,boot-hash-match 001f69d0
level16.elf,001fa0f0,font_print_right_small,boot-hash-match 001f69d0
level17.elf,001f88f0,font_print_right_small,boot-hash-match 001f69d0
level18.elf,00204670,font_print_right_small,boot-hash-match 001f69d0
level00.elf,001fb918,font_print_right_large,boot-hash-match 001f6a60
level01.elf,0021d518,font_print_right_large,boot-hash-match 001f6a60
level02.elf,0020c950,font_print_right_large,boot-hash-match 001f6a60
level03.elf,001f5280,font_print_right_large,boot-hash-match 001f6a60
level04.elf,001ee380,font_print_right_large,boot-hash-match 001f6a60
level05.elf,0022a5d0,font_print_right_large,boot-hash-match 001f6a60
level06.elf,00213600,font_print_right_large,boot-hash-match 001f6a60
level07.elf,00223750,font_print_right_large,boot-hash-match 001f6a60
level08.elf,0020e428,font_print_right_large,boot-hash-match 001f6a60
level09.elf,0021acd0,font_print_right_large,boot-hash-match 001f6a60
level10.elf,001eef80,font_print_right_large,boot-hash-match 001f6a60
level11.elf,0022d280,font_print_right_large,boot-hash-match 001f6a60
level12.elf,0021e4d8,font_print_right_large,boot-hash-match 001f6a60
level13.elf,00207400,font_print_right_large,boot-hash-match 001f6a60
level14.elf,0020eba8,font_print_right_large,boot-hash-match 001f6a60
level15.elf,001f5050,font_print_right_large,boot-hash-match 001f6a60
level16.elf,001fa180,font_print_right_large,boot-hash-match 001f6a60
level17.elf,001f8980,font_print_right_large,boot-hash-match 001f6a60
level18.elf,00204700,font_print_right_large,boot-hash-match 001f6a60
level00.elf,001fb9a8,font_print_center,boot-hash-match 001f6af0
level01.elf,0021d5a8,font_print_center,boot-hash-match 001f6af0
level02.elf,0020c9e0,font_print_center,boot-hash-match 001f6af0
level03.elf,001f5310,font_print_center,boot-hash-match 001f6af0
level04.elf,001ee410,font_print_center,boot-hash-match 001f6af0
level05.elf,0022a660,font_print_center,boot-hash-match 001f6af0
level06.elf,00213690,font_print_center,boot-hash-match 001f6af0
level07.elf,002237e0,font_print_center,boot-hash-match 001f6af0
level08.elf,0020e4b8,font_print_center,boot-hash-match 001f6af0
level09.elf,0021ad60,font_print_center,boot-hash-match 001f6af0
level10.elf,001ef010,font_print_center,boot-hash-match 001f6af0
level11.elf,0022d310,font_print_center,boot-hash-match 001f6af0
level12.elf,0021e568,font_print_center,boot-hash-match 001f6af0
level13.elf,00207490,font_print_center,boot-hash-match 001f6af0
level14.elf,0020ec38,font_print_center,boot-hash-match 001f6af0
level15.elf,001f50e0,font_print_center,boot-hash-match 001f6af0
level16.elf,001fa210,font_print_center,boot-hash-match 001f6af0
level17.elf,001f8a10,font_print_center,boot-hash-match 001f6af0
level18.elf,00204790,font_print_center,boot-hash-match 001f6af0
level00.elf,001fba40,font_print_center_small,boot-hash-match 001f6b88
level01.elf,0021d640,font_print_center_small,boot-hash-match 001f6b88
level02.elf,0020ca78,font_print_center_small,boot-hash-match 001f6b88
level03.elf,001f53a8,font_print_center_small,boot-hash-match 001f6b88
level04.elf,001ee4a8,font_print_center_small,boot-hash-match 001f6b88
level05.elf,0022a6f8,font_print_center_small,boot-hash-match 001f6b88
level06.elf,00213728,font_print_center_small,boot-hash-match 001f6b88
level07.elf,00223878,font_print_center_small,boot-hash-match 001f6b88
level08.elf,0020e550,font_print_center_small,boot-hash-match 001f6b88
level09.elf,0021adf8,font_print_center_small,boot-hash-match 001f6b88
level10.elf,001ef0a8,font_print_center_small,boot-hash-match 001f6b88
level11.elf,0022d3a8,font_print_center_small,boot-hash-match 001f6b88
level12.elf,0021e600,font_print_center_small,boot-hash-match 001f6b88
level13.elf,00207528,font_print_center_small,boot-hash-match 001f6b88
level14.elf,0020ecd0,font_print_center_small,boot-hash-match 001f6b88
level15.elf,001f5178,font_print_center_small,boot-hash-match 001f6b88
level16.elf,001fa2a8,font_print_center_small,boot-hash-match 001f6b88
level17.elf,001f8aa8,font_print_center_small,boot-hash-match 001f6b88
level18.elf,00204828,font_print_center_small,boot-hash-match 001f6b88
level00.elf,001fbad8,font_print_center_large,boot-hash-match 001f6c20
level01.elf,0021d6d8,font_print_center_large,boot-hash-match 001f6c20
level02.elf,0020cb10,font_print_center_large,boot-hash-match 001f6c20
level03.elf,001f5440,font_print_center_large,boot-hash-match 001f6c20
level04.elf,001ee540,font_print_center_large,boot-hash-match 001f6c20
level05.elf,0022a790,font_print_center_large,boot-hash-match 001f6c20
level06.elf,002137c0,font_print_center_large,boot-hash-match 001f6c20
level07.elf,00223910,font_print_center_large,boot-hash-match 001f6c20
level08.elf,0020e5e8,font_print_center_large,boot-hash-match 001f6c20
level09.elf,0021ae90,font_print_center_large,boot-hash-match 001f6c20
level10.elf,001ef140,font_print_center_large,boot-hash-match 001f6c20
level11.elf,0022d440,font_print_center_large,boot-hash-match 001f6c20
level12.elf,0021e698,font_print_center_large,boot-hash-match 001f6c20
level13.elf,002075c0,font_print_center_large,boot-hash-match 001f6c20
level14.elf,0020ed68,font_print_center_large,boot-hash-match 001f6c20
level15.elf,001f5210,font_print_center_large,boot-hash-match 001f6c20
level16.elf,001fa340,font_print_center_large,boot-hash-match 001f6c20
level17.elf,001f8b40,font_print_center_large,boot-hash-match 001f6c20
level18.elf,002048c0,font_print_center_large,boot-hash-match 001f6c20
level00.elf,001fbb70,fun_001f6cb8,boot-hash-match 001f6cb8
level01.elf,0021d770,fun_001f6cb8,boot-hash-match 001f6cb8
level02.elf,0020cba8,fun_001f6cb8,boot-hash-match 001f6cb8
level03.elf,001f54d8,fun_001f6cb8,boot-hash-match 001f6cb8
level04.elf,001ee5d8,fun_001f6cb8,boot-hash-match 001f6cb8
level05.elf,0022a828,fun_001f6cb8,boot-hash-match 001f6cb8
level06.elf,00213858,fun_001f6cb8,boot-hash-match 001f6cb8
level07.elf,002239a8,fun_001f6cb8,boot-hash-match 001f6cb8
level08.elf,0020e680,fun_001f6cb8,boot-hash-match 001f6cb8
level09.elf,0021af28,fun_001f6cb8,boot-hash-match 001f6cb8
level10.elf,001ef1d8,fun_001f6cb8,boot-hash-match 001f6cb8
level11.elf,0022d4d8,fun_001f6cb8,boot-hash-match 001f6cb8
level12.elf,0021e730,fun_001f6cb8,boot-hash-match 001f6cb8
level13.elf,00207658,fun_001f6cb8,boot-hash-match 001f6cb8
level14.elf,0020ee00,fun_001f6cb8,boot-hash-match 001f6cb8
level15.elf,001f52a8,fun_001f6cb8,boot-hash-match 001f6cb8
level16.elf,001fa3d8,fun_001f6cb8,boot-hash-match 001f6cb8
level17.elf,001f8bd8,fun_001f6cb8,boot-hash-match 001f6cb8
level18.elf,00204958,fun_001f6cb8,boot-hash-match 001f6cb8
level00.elf,001fbe88,fun_001f6fd0,boot-hash-match 001f6fd0
level01.elf,0021da88,fun_001f6fd0,boot-hash-match 001f6fd0
level02.elf,0020cec0,fun_001f6fd0,boot-hash-match 001f6fd0
level03.elf,001f57f0,fun_001f6fd0,boot-hash-match 001f6fd0
level04.elf,001ee8f0,fun_001f6fd0,boot-hash-match 001f6fd0
level05.elf,0022ab40,fun_001f6fd0,boot-hash-match 001f6fd0
level06.elf,00213b70,fun_001f6fd0,boot-hash-match 001f6fd0
level07.elf,00223cc0,fun_001f6fd0,boot-hash-match 001f6fd0
level08.elf,0020e998,fun_001f6fd0,boot-hash-match 001f6fd0
level09.elf,0021b240,fun_001f6fd0,boot-hash-match 001f6fd0
level10.elf,001ef4f0,fun_001f6fd0,boot-hash-match 001f6fd0
level11.elf,0022d7f0,fun_001f6fd0,boot-hash-match 001f6fd0
level12.elf,0021ea48,fun_001f6fd0,boot-hash-match 001f6fd0
level13.elf,00207970,fun_001f6fd0,boot-hash-match 001f6fd0
level14.elf,0020f118,fun_001f6fd0,boot-hash-match 001f6fd0
level15.elf,001f55c0,fun_001f6fd0,boot-hash-match 001f6fd0
level16.elf,001fa6f0,fun_001f6fd0,boot-hash-match 001f6fd0
level17.elf,001f8ef0,fun_001f6fd0,boot-hash-match 001f6fd0
level18.elf,00204c70,fun_001f6fd0,boot-hash-match 001f6fd0
level00.elf,001fc438,font_print_window_regular,boot-hash-match 001f7580
level01.elf,0021e038,font_print_window_regular,boot-hash-match 001f7580
level02.elf,0020d470,font_print_window_regular,boot-hash-match 001f7580
level03.elf,001f5da0,font_print_window_regular,boot-hash-match 001f7580
level04.elf,001eeea0,font_print_window_regular,boot-hash-match 001f7580
level05.elf,0022b0f0,font_print_window_regular,boot-hash-match 001f7580
level06.elf,00214120,font_print_window_regular,boot-hash-match 001f7580
level07.elf,00224270,font_print_window_regular,boot-hash-match 001f7580
level08.elf,0020ef48,font_print_window_regular,boot-hash-match 001f7580
level09.elf,0021b7f0,font_print_window_regular,boot-hash-match 001f7580
level10.elf,001efaa0,font_print_window_regular,boot-hash-match 001f7580
level11.elf,0022dda0,font_print_window_regular,boot-hash-match 001f7580
level12.elf,0021eff8,font_print_window_regular,boot-hash-match 001f7580
level13.elf,00207f20,font_print_window_regular,boot-hash-match 001f7580
level14.elf,0020f6c8,font_print_window_regular,boot-hash-match 001f7580
level15.elf,001f5b70,font_print_window_regular,boot-hash-match 001f7580
level16.elf,001faca0,font_print_window_regular,boot-hash-match 001f7580
level17.elf,001f94a0,font_print_window_regular,boot-hash-match 001f7580
level18.elf,00205220,font_print_window_regular,boot-hash-match 001f7580
level00.elf,001fc4a8,font_print_window_small,boot-hash-match 001f75f0
level01.elf,0021e0a8,font_print_window_small,boot-hash-match 001f75f0
level02.elf,0020d4e0,font_print_window_small,boot-hash-match 001f75f0
level03.elf,001f5e10,font_print_window_small,boot-hash-match 001f75f0
level04.elf,001eef10,font_print_window_small,boot-hash-match 001f75f0
level05.elf,0022b160,font_print_window_small,boot-hash-match 001f75f0
level06.elf,00214190,font_print_window_small,boot-hash-match 001f75f0
level07.elf,002242e0,font_print_window_small,boot-hash-match 001f75f0
level08.elf,0020efb8,font_print_window_small,boot-hash-match 001f75f0
level09.elf,0021b860,font_print_window_small,boot-hash-match 001f75f0
level10.elf,001efb10,font_print_window_small,boot-hash-match 001f75f0
level11.elf,0022de10,font_print_window_small,boot-hash-match 001f75f0
level12.elf,0021f068,font_print_window_small,boot-hash-match 001f75f0
level13.elf,00207f90,font_print_window_small,boot-hash-match 001f75f0
level14.elf,0020f738,font_print_window_small,boot-hash-match 001f75f0
level15.elf,001f5be0,font_print_window_small,boot-hash-match 001f75f0
level16.elf,001fad10,font_print_window_small,boot-hash-match 001f75f0
level17.elf,001f9510,font_print_window_small,boot-hash-match 001f75f0
level18.elf,00205290,font_print_window_small,boot-hash-match 001f75f0
level00.elf,001fc740,fun_001f76a0,boot-hash-match 001f76a0
level01.elf,0021e340,fun_001f76a0,boot-hash-match 001f76a0
level02.elf,0020d778,fun_001f76a0,boot-hash-match 001f76a0
level03.elf,001f60a8,fun_001f76a0,boot-hash-match 001f76a0
level04.elf,001ef1a8,fun_001f76a0,boot-hash-match 001f76a0
level05.elf,0022b3f8,fun_001f76a0,boot-hash-match 001f76a0
level06.elf,00214428,fun_001f76a0,boot-hash-match 001f76a0
level07.elf,00224578,fun_001f76a0,boot-hash-match 001f76a0
level08.elf,0020f250,fun_001f76a0,boot-hash-match 001f76a0
level09.elf,0021baf8,fun_001f76a0,boot-hash-match 001f76a0
level10.elf,001efda8,fun_001f76a0,boot-hash-match 001f76a0
level11.elf,0022e0a8,fun_001f76a0,boot-hash-match 001f76a0
level12.elf,0021f300,fun_001f76a0,boot-hash-match 001f76a0
level13.elf,00208228,fun_001f76a0,boot-hash-match 001f76a0
level14.elf,0020f9d0,fun_001f76a0,boot-hash-match 001f76a0
level15.elf,001f5e78,fun_001f76a0,boot-hash-match 001f76a0
level16.elf,001fafa8,fun_001f76a0,boot-hash-match 001f76a0
level17.elf,001f97a8,fun_001f76a0,boot-hash-match 001f76a0
level18.elf,00205528,fun_001f76a0,boot-hash-match 001f76a0
level00.elf,001fc928,fun_001f7888,boot-hash-match 001f7888
level01.elf,0021e528,fun_001f7888,boot-hash-match 001f7888
level02.elf,0020d960,fun_001f7888,boot-hash-match 001f7888
level03.elf,001f6290,fun_001f7888,boot-hash-match 001f7888
level04.elf,001ef390,fun_001f7888,boot-hash-match 001f7888
level05.elf,0022b5e0,fun_001f7888,boot-hash-match 001f7888
level06.elf,00214610,fun_001f7888,boot-hash-match 001f7888
level07.elf,00224760,fun_001f7888,boot-hash-match 001f7888
level08.elf,0020f438,fun_001f7888,boot-hash-match 001f7888
level09.elf,0021bce0,fun_001f7888,boot-hash-match 001f7888
level10.elf,001eff90,fun_001f7888,boot-hash-match 001f7888
level11.elf,0022e290,fun_001f7888,boot-hash-match 001f7888
level12.elf,0021f4e8,fun_001f7888,boot-hash-match 001f7888
level13.elf,00208410,fun_001f7888,boot-hash-match 001f7888
level14.elf,0020fbb8,fun_001f7888,boot-hash-match 001f7888
level15.elf,001f6060,fun_001f7888,boot-hash-match 001f7888
level16.elf,001fb190,fun_001f7888,boot-hash-match 001f7888
level17.elf,001f9990,fun_001f7888,boot-hash-match 001f7888
level18.elf,00205710,fun_001f7888,boot-hash-match 001f7888
level00.elf,001fca48,fun_001f79a8,boot-hash-match 001f79a8
level01.elf,0021e648,fun_001f79a8,boot-hash-match 001f79a8
level02.elf,0020da80,fun_001f79a8,boot-hash-match 001f79a8
level03.elf,001f63b0,fun_001f79a8,boot-hash-match 001f79a8
level04.elf,001ef4b0,fun_001f79a8,boot-hash-match 001f79a8
level05.elf,0022b700,fun_001f79a8,boot-hash-match 001f79a8
level06.elf,00214730,fun_001f79a8,boot-hash-match 001f79a8
level07.elf,00224880,fun_001f79a8,boot-hash-match 001f79a8
level08.elf,0020f558,fun_001f79a8,boot-hash-match 001f79a8
level09.elf,0021be00,fun_001f79a8,boot-hash-match 001f79a8
level10.elf,001f00b0,fun_001f79a8,boot-hash-match 001f79a8
level11.elf,0022e3b0,fun_001f79a8,boot-hash-match 001f79a8
level12.elf,0021f608,fun_001f79a8,boot-hash-match 001f79a8
level13.elf,00208530,fun_001f79a8,boot-hash-match 001f79a8
level14.elf,0020fcd8,fun_001f79a8,boot-hash-match 001f79a8
level15.elf,001f6180,fun_001f79a8,boot-hash-match 001f79a8
level16.elf,001fb2b0,fun_001f79a8,boot-hash-match 001f79a8
level17.elf,001f9ab0,fun_001f79a8,boot-hash-match 001f79a8
level18.elf,00205830,fun_001f79a8,boot-hash-match 001f79a8
level00.elf,001fe08c,fun_001f89a4,boot-hash-match 001f89a4
level01.elf,0021ff9c,fun_001f89a4,boot-hash-match 001f89a4
level02.elf,0020f0c4,fun_001f89a4,boot-hash-match 001f89a4
level03.elf,001f79f4,fun_001f89a4,boot-hash-match 001f89a4
level04.elf,001f0af4,fun_001f89a4,boot-hash-match 001f89a4
level05.elf,0022cd44,fun_001f89a4,boot-hash-match 001f89a4
level06.elf,00215d74,fun_001f89a4,boot-hash-match 001f89a4
level07.elf,00225ec4,fun_001f89a4,boot-hash-match 001f89a4
level08.elf,00210b9c,fun_001f89a4,boot-hash-match 001f89a4
level09.elf,0021d754,fun_001f89a4,boot-hash-match 001f89a4
level10.elf,001f16f4,fun_001f89a4,boot-hash-match 001f89a4
level11.elf,0022f9f4,fun_001f89a4,boot-hash-match 001f89a4
level12.elf,00220f5c,fun_001f89a4,boot-hash-match 001f89a4
level13.elf,00209b74,fun_001f89a4,boot-hash-match 001f89a4
level14.elf,0021162c,fun_001f89a4,boot-hash-match 001f89a4
level15.elf,001f77c4,fun_001f89a4,boot-hash-match 001f89a4
level16.elf,001fc8f4,fun_001f89a4,boot-hash-match 001f89a4
level17.elf,001fb0f4,fun_001f89a4,boot-hash-match 001f89a4
level18.elf,00206e74,fun_001f89a4,boot-hash-match 001f89a4
level00.elf,001fef10,multiply_global_scale,boot-hash-match 001f96e8
level01.elf,00220e20,multiply_global_scale,boot-hash-match 001f96e8
level02.elf,0020ff48,multiply_global_scale,boot-hash-match 001f96e8
level03.elf,001f8878,multiply_global_scale,boot-hash-match 001f96e8
level04.elf,001f1978,multiply_global_scale,boot-hash-match 001f96e8
level05.elf,0022dbc8,multiply_global_scale,boot-hash-match 001f96e8
level06.elf,00216fa8,multiply_global_scale,boot-hash-match 001f96e8
level07.elf,00226d48,multiply_global_scale,boot-hash-match 001f96e8
level08.elf,00211a20,multiply_global_scale,boot-hash-match 001f96e8
level09.elf,0021ebc0,multiply_global_scale,boot-hash-match 001f96e8
level10.elf,001f2578,multiply_global_scale,boot-hash-match 001f96e8
level11.elf,00230878,multiply_global_scale,boot-hash-match 001f96e8
level12.elf,00221de0,multiply_global_scale,boot-hash-match 001f96e8
level13.elf,0020a9f8,multiply_global_scale,boot-hash-match 001f96e8
level14.elf,002124b0,multiply_global_scale,boot-hash-match 001f96e8
level15.elf,001f8648,multiply_global_scale,boot-hash-match 001f96e8
level16.elf,001fd778,multiply_global_scale,boot-hash-match 001f96e8
level17.elf,001fbf78,multiply_global_scale,boot-hash-match 001f96e8
level18.elf,00207cf8,multiply_global_scale,boot-hash-match 001f96e8
level00.elf,001fef20,fun_001f96f8,boot-hash-match 001f96f8
level01.elf,00220e30,fun_001f96f8,boot-hash-match 001f96f8
level02.elf,0020ff58,fun_001f96f8,boot-hash-match 001f96f8
level03.elf,001f8888,fun_001f96f8,boot-hash-match 001f96f8
level04.elf,001f1988,fun_001f96f8,boot-hash-match 001f96f8
level05.elf,0022dbd8,fun_001f96f8,boot-hash-match 001f96f8
level06.elf,00216fb8,fun_001f96f8,boot-hash-match 001f96f8
level07.elf,00226d58,fun_001f96f8,boot-hash-match 001f96f8
level08.elf,00211a30,fun_001f96f8,boot-hash-match 001f96f8
level09.elf,0021ebd0,fun_001f96f8,boot-hash-match 001f96f8
level10.elf,001f2588,fun_001f96f8,boot-hash-match 001f96f8
level11.elf,00230888,fun_001f96f8,boot-hash-match 001f96f8
level12.elf,00221df0,fun_001f96f8,boot-hash-match 001f96f8
level13.elf,0020aa08,fun_001f96f8,boot-hash-match 001f96f8
level14.elf,002124c0,fun_001f96f8,boot-hash-match 001f96f8
level15.elf,001f8658,fun_001f96f8,boot-hash-match 001f96f8
level16.elf,001fd788,fun_001f96f8,boot-hash-match 001f96f8
level17.elf,001fbf88,fun_001f96f8,boot-hash-match 001f96f8
level18.elf,00207d08,fun_001f96f8,boot-hash-match 001f96f8
level00.elf,001feff8,fun_001f97a0,boot-hash-match 001f97a0
level01.elf,00220f08,fun_001f97a0,boot-hash-match 001f97a0
level02.elf,00210030,fun_001f97a0,boot-hash-match 001f97a0
level03.elf,001f8960,fun_001f97a0,boot-hash-match 001f97a0
level04.elf,001f1a60,fun_001f97a0,boot-hash-match 001f97a0
level05.elf,0022dcb0,fun_001f97a0,boot-hash-match 001f97a0
level06.elf,00217090,fun_001f97a0,boot-hash-match 001f97a0
level07.elf,00226e30,fun_001f97a0,boot-hash-match 001f97a0
level08.elf,00211b48,fun_001f97a0,boot-hash-match 001f97a0
level09.elf,0021eca8,fun_001f97a0,boot-hash-match 001f97a0
level10.elf,001f2660,fun_001f97a0,boot-hash-match 001f97a0
level11.elf,00230960,fun_001f97a0,boot-hash-match 001f97a0
level12.elf,00221f08,fun_001f97a0,boot-hash-match 001f97a0
level13.elf,0020aae0,fun_001f97a0,boot-hash-match 001f97a0
level14.elf,002125d8,fun_001f97a0,boot-hash-match 001f97a0
level15.elf,001f8770,fun_001f97a0,boot-hash-match 001f97a0
level16.elf,001fd860,fun_001f97a0,boot-hash-match 001f97a0
level17.elf,001fc0a0,fun_001f97a0,boot-hash-match 001f97a0
level18.elf,00207de0,fun_001f97a0,boot-hash-match 001f97a0
level00.elf,001ff008,raise_kernel_trap,boot-hash-match 001f97b0
level01.elf,00220f18,raise_kernel_trap,boot-hash-match 001f97b0
level02.elf,00210040,raise_kernel_trap,boot-hash-match 001f97b0
level03.elf,001f8970,raise_kernel_trap,boot-hash-match 001f97b0
level04.elf,001f1a70,raise_kernel_trap,boot-hash-match 001f97b0
level05.elf,0022dcc0,raise_kernel_trap,boot-hash-match 001f97b0
level06.elf,002170a0,raise_kernel_trap,boot-hash-match 001f97b0
level07.elf,00226e40,raise_kernel_trap,boot-hash-match 001f97b0
level08.elf,00211b58,raise_kernel_trap,boot-hash-match 001f97b0
level09.elf,0021ecb8,raise_kernel_trap,boot-hash-match 001f97b0
level10.elf,001f2670,raise_kernel_trap,boot-hash-match 001f97b0
level11.elf,00230970,raise_kernel_trap,boot-hash-match 001f97b0
level12.elf,00221f18,raise_kernel_trap,boot-hash-match 001f97b0
level13.elf,0020aaf0,raise_kernel_trap,boot-hash-match 001f97b0
level14.elf,002125e8,raise_kernel_trap,boot-hash-match 001f97b0
level15.elf,001f8780,raise_kernel_trap,boot-hash-match 001f97b0
level16.elf,001fd870,raise_kernel_trap,boot-hash-match 001f97b0
level17.elf,001fc0b0,raise_kernel_trap,boot-hash-match 001f97b0
level18.elf,00207df0,raise_kernel_trap,boot-hash-match 001f97b0
level00.elf,001ff090,fun_001f9838,boot-hash-match 001f9838
level01.elf,00220fa0,fun_001f9838,boot-hash-match 001f9838
level02.elf,002100c8,fun_001f9838,boot-hash-match 001f9838
level03.elf,001f89f8,fun_001f9838,boot-hash-match 001f9838
level04.elf,001f1af8,fun_001f9838,boot-hash-match 001f9838
level05.elf,0022dd48,fun_001f9838,boot-hash-match 001f9838
level06.elf,00217128,fun_001f9838,boot-hash-match 001f9838
level07.elf,00226ec8,fun_001f9838,boot-hash-match 001f9838
level08.elf,00211be0,fun_001f9838,boot-hash-match 001f9838
level09.elf,0021ed40,fun_001f9838,boot-hash-match 001f9838
level10.elf,001f26f8,fun_001f9838,boot-hash-match 001f9838
level11.elf,002309f8,fun_001f9838,boot-hash-match 001f9838
level12.elf,00221fa0,fun_001f9838,boot-hash-match 001f9838
level13.elf,0020ab78,fun_001f9838,boot-hash-match 001f9838
level14.elf,00212670,fun_001f9838,boot-hash-match 001f9838
level15.elf,001f8808,fun_001f9838,boot-hash-match 001f9838
level16.elf,001fd8f8,fun_001f9838,boot-hash-match 001f9838
level17.elf,001fc138,fun_001f9838,boot-hash-match 001f9838
level18.elf,00207e78,fun_001f9838,boot-hash-match 001f9838
level00.elf,001ff150,fun_001f98f8,boot-hash-match 001f98f8
level01.elf,00221060,fun_001f98f8,boot-hash-match 001f98f8
level02.elf,00210188,fun_001f98f8,boot-hash-match 001f98f8
level03.elf,001f8ab8,fun_001f98f8,boot-hash-match 001f98f8
level04.elf,001f1bb8,fun_001f98f8,boot-hash-match 001f98f8
level05.elf,0022de08,fun_001f98f8,boot-hash-match 001f98f8
level06.elf,002171e8,fun_001f98f8,boot-hash-match 001f98f8
level07.elf,00226f88,fun_001f98f8,boot-hash-match 001f98f8
level08.elf,00211ca0,fun_001f98f8,boot-hash-match 001f98f8
level09.elf,0021ee00,fun_001f98f8,boot-hash-match 001f98f8
level10.elf,001f27b8,fun_001f98f8,boot-hash-match 001f98f8
level11.elf,00230ab8,fun_001f98f8,boot-hash-match 001f98f8
level12.elf,00222060,fun_001f98f8,boot-hash-match 001f98f8
level13.elf,0020ac38,fun_001f98f8,boot-hash-match 001f98f8
level14.elf,00212730,fun_001f98f8,boot-hash-match 001f98f8
level15.elf,001f88c8,fun_001f98f8,boot-hash-match 001f98f8
level16.elf,001fd9b8,fun_001f98f8,boot-hash-match 001f98f8
level17.elf,001fc1f8,fun_001f98f8,boot-hash-match 001f98f8
level18.elf,00207f38,fun_001f98f8,boot-hash-match 001f98f8
level00.elf,001ff180,write_dma_channel,boot-hash-match 001f9928
level01.elf,00221090,write_dma_channel,boot-hash-match 001f9928
level02.elf,002101b8,write_dma_channel,boot-hash-match 001f9928
level02.elf,002101e8,write_dma_channel,boot-hash-match 001f9928
level03.elf,001f8ae8,write_dma_channel,boot-hash-match 001f9928
level03.elf,001f8b18,write_dma_channel,boot-hash-match 001f9928
level04.elf,001f1be8,write_dma_channel,boot-hash-match 001f9928
level05.elf,0022de38,write_dma_channel,boot-hash-match 001f9928
level05.elf,0022de68,write_dma_channel,boot-hash-match 001f9928
level06.elf,00217218,write_dma_channel,boot-hash-match 001f9928
level07.elf,00226fb8,write_dma_channel,boot-hash-match 001f9928
level07.elf,00226fe8,write_dma_channel,boot-hash-match 001f9928
level08.elf,00211cd0,write_dma_channel,boot-hash-match 001f9928
level08.elf,00211d00,write_dma_channel,boot-hash-match 001f9928
level09.elf,0021ee30,write_dma_channel,boot-hash-match 001f9928
level09.elf,0021ee60,write_dma_channel,boot-hash-match 001f9928
level10.elf,001f27e8,write_dma_channel,boot-hash-match 001f9928
level11.elf,00230ae8,write_dma_channel,boot-hash-match 001f9928
level12.elf,00222090,write_dma_channel,boot-hash-match 001f9928
level13.elf,0020ac68,write_dma_channel,boot-hash-match 001f9928
level14.elf,00212760,write_dma_channel,boot-hash-match 001f9928
level14.elf,00212790,write_dma_channel,boot-hash-match 001f9928
level15.elf,001f88f8,write_dma_channel,boot-hash-match 001f9928
level16.elf,001fd9e8,write_dma_channel,boot-hash-match 001f9928
level17.elf,001fc228,write_dma_channel,boot-hash-match 001f9928
level18.elf,00207f68,write_dma_channel,boot-hash-match 001f9928
level00.elf,001ff1b0,fun_001f9958,boot-hash-match 001f9958
level01.elf,002210c0,fun_001f9958,boot-hash-match 001f9958
level02.elf,00210218,fun_001f9958,boot-hash-match 001f9958
level03.elf,001f8b48,fun_001f9958,boot-hash-match 001f9958
level04.elf,001f1c18,fun_001f9958,boot-hash-match 001f9958
level05.elf,0022de98,fun_001f9958,boot-hash-match 001f9958
level06.elf,00217248,fun_001f9958,boot-hash-match 001f9958
level07.elf,00227018,fun_001f9958,boot-hash-match 001f9958
level08.elf,00211d30,fun_001f9958,boot-hash-match 001f9958
level09.elf,0021ee90,fun_001f9958,boot-hash-match 001f9958
level10.elf,001f2818,fun_001f9958,boot-hash-match 001f9958
level11.elf,00230b18,fun_001f9958,boot-hash-match 001f9958
level12.elf,002220c0,fun_001f9958,boot-hash-match 001f9958
level13.elf,0020ac98,fun_001f9958,boot-hash-match 001f9958
level14.elf,002127c0,fun_001f9958,boot-hash-match 001f9958
level15.elf,001f8928,fun_001f9958,boot-hash-match 001f9958
level16.elf,001fda18,fun_001f9958,boot-hash-match 001f9958
level17.elf,001fc258,fun_001f9958,boot-hash-match 001f9958
level18.elf,00207f98,fun_001f9958,boot-hash-match 001f9958
level00.elf,001ff1e0,fun_001f9988,boot-hash-match 001f9988
level01.elf,002210f0,fun_001f9988,boot-hash-match 001f9988
level02.elf,00210248,fun_001f9988,boot-hash-match 001f9988
level03.elf,001f8b78,fun_001f9988,boot-hash-match 001f9988
level04.elf,001f1c48,fun_001f9988,boot-hash-match 001f9988
level05.elf,0022dec8,fun_001f9988,boot-hash-match 001f9988
level06.elf,00217278,fun_001f9988,boot-hash-match 001f9988
level07.elf,00227048,fun_001f9988,boot-hash-match 001f9988
level08.elf,00211d60,fun_001f9988,boot-hash-match 001f9988
level09.elf,0021eec0,fun_001f9988,boot-hash-match 001f9988
level10.elf,001f2848,fun_001f9988,boot-hash-match 001f9988
level11.elf,00230b48,fun_001f9988,boot-hash-match 001f9988
level12.elf,002220f0,fun_001f9988,boot-hash-match 001f9988
level13.elf,0020acc8,fun_001f9988,boot-hash-match 001f9988
level14.elf,002127f0,fun_001f9988,boot-hash-match 001f9988
level15.elf,001f8958,fun_001f9988,boot-hash-match 001f9988
level16.elf,001fda48,fun_001f9988,boot-hash-match 001f9988
level17.elf,001fc288,fun_001f9988,boot-hash-match 001f9988
level18.elf,00207fc8,fun_001f9988,boot-hash-match 001f9988
level00.elf,001ff200,subtract_integer_with_clamp,boot-hash-match 001f99a8
level01.elf,00221110,subtract_integer_with_clamp,boot-hash-match 001f99a8
level02.elf,00210268,subtract_integer_with_clamp,boot-hash-match 001f99a8
level03.elf,001f8b98,subtract_integer_with_clamp,boot-hash-match 001f99a8
level04.elf,001f1c68,subtract_integer_with_clamp,boot-hash-match 001f99a8
level05.elf,0022dee8,subtract_integer_with_clamp,boot-hash-match 001f99a8
level06.elf,00217298,subtract_integer_with_clamp,boot-hash-match 001f99a8
level07.elf,00227068,subtract_integer_with_clamp,boot-hash-match 001f99a8
level08.elf,00211d80,subtract_integer_with_clamp,boot-hash-match 001f99a8
level09.elf,0021eee0,subtract_integer_with_clamp,boot-hash-match 001f99a8
level10.elf,001f2868,subtract_integer_with_clamp,boot-hash-match 001f99a8
level11.elf,00230b68,subtract_integer_with_clamp,boot-hash-match 001f99a8
level12.elf,00222110,subtract_integer_with_clamp,boot-hash-match 001f99a8
level13.elf,0020ace8,subtract_integer_with_clamp,boot-hash-match 001f99a8
level14.elf,00212810,subtract_integer_with_clamp,boot-hash-match 001f99a8
level15.elf,001f8978,subtract_integer_with_clamp,boot-hash-match 001f99a8
level16.elf,001fda68,subtract_integer_with_clamp,boot-hash-match 001f99a8
level17.elf,001fc2a8,subtract_integer_with_clamp,boot-hash-match 001f99a8
level18.elf,00207fe8,subtract_integer_with_clamp,boot-hash-match 001f99a8
level00.elf,001ff228,fun_001f99d0,boot-hash-match 001f99d0
level01.elf,00221138,fun_001f99d0,boot-hash-match 001f99d0
level02.elf,00210290,fun_001f99d0,boot-hash-match 001f99d0
level03.elf,001f8bc0,fun_001f99d0,boot-hash-match 001f99d0
level04.elf,001f1c90,fun_001f99d0,boot-hash-match 001f99d0
level05.elf,0022df10,fun_001f99d0,boot-hash-match 001f99d0
level06.elf,002172c0,fun_001f99d0,boot-hash-match 001f99d0
level07.elf,00227090,fun_001f99d0,boot-hash-match 001f99d0
level08.elf,00211da8,fun_001f99d0,boot-hash-match 001f99d0
level09.elf,0021ef08,fun_001f99d0,boot-hash-match 001f99d0
level10.elf,001f2890,fun_001f99d0,boot-hash-match 001f99d0
level11.elf,00230b90,fun_001f99d0,boot-hash-match 001f99d0
level12.elf,00222138,fun_001f99d0,boot-hash-match 001f99d0
level13.elf,0020ad10,fun_001f99d0,boot-hash-match 001f99d0
level14.elf,00212838,fun_001f99d0,boot-hash-match 001f99d0
level15.elf,001f89a0,fun_001f99d0,boot-hash-match 001f99d0
level16.elf,001fda90,fun_001f99d0,boot-hash-match 001f99d0
level17.elf,001fc2d0,fun_001f99d0,boot-hash-match 001f99d0
level18.elf,00208010,fun_001f99d0,boot-hash-match 001f99d0
level00.elf,001ff240,fun_001f99e8,boot-hash-match 001f99e8
level01.elf,00221150,fun_001f99e8,boot-hash-match 001f99e8
level02.elf,002102a8,fun_001f99e8,boot-hash-match 001f99e8
level03.elf,001f8bd8,fun_001f99e8,boot-hash-match 001f99e8
level04.elf,001f1ca8,fun_001f99e8,boot-hash-match 001f99e8
level05.elf,0022df28,fun_001f99e8,boot-hash-match 001f99e8
level06.elf,002172d8,fun_001f99e8,boot-hash-match 001f99e8
level07.elf,002270a8,fun_001f99e8,boot-hash-match 001f99e8
level08.elf,00211dc0,fun_001f99e8,boot-hash-match 001f99e8
level09.elf,0021ef20,fun_001f99e8,boot-hash-match 001f99e8
level10.elf,001f28a8,fun_001f99e8,boot-hash-match 001f99e8
level11.elf,00230ba8,fun_001f99e8,boot-hash-match 001f99e8
level12.elf,00222150,fun_001f99e8,boot-hash-match 001f99e8
level13.elf,0020ad28,fun_001f99e8,boot-hash-match 001f99e8
level14.elf,00212850,fun_001f99e8,boot-hash-match 001f99e8
level15.elf,001f89b8,fun_001f99e8,boot-hash-match 001f99e8
level16.elf,001fdaa8,fun_001f99e8,boot-hash-match 001f99e8
level17.elf,001fc2e8,fun_001f99e8,boot-hash-match 001f99e8
level18.elf,00208028,fun_001f99e8,boot-hash-match 001f99e8
level00.elf,001ff268,fun_001f9a00,boot-hash-match 001f9a00
level01.elf,00221178,fun_001f9a00,boot-hash-match 001f9a00
level02.elf,002102d0,fun_001f9a00,boot-hash-match 001f9a00
level03.elf,001f8c00,fun_001f9a00,boot-hash-match 001f9a00
level04.elf,001f1cd0,fun_001f9a00,boot-hash-match 001f9a00
level05.elf,0022df50,fun_001f9a00,boot-hash-match 001f9a00
level06.elf,00217308,fun_001f9a00,boot-hash-match 001f9a00
level07.elf,002270d0,fun_001f9a00,boot-hash-match 001f9a00
level08.elf,00211de8,fun_001f9a00,boot-hash-match 001f9a00
level09.elf,0021ef48,fun_001f9a00,boot-hash-match 001f9a00
level10.elf,001f28d0,fun_001f9a00,boot-hash-match 001f9a00
level11.elf,00230bd0,fun_001f9a00,boot-hash-match 001f9a00
level12.elf,00222178,fun_001f9a00,boot-hash-match 001f9a00
level13.elf,0020ad50,fun_001f9a00,boot-hash-match 001f9a00
level14.elf,00212878,fun_001f9a00,boot-hash-match 001f9a00
level15.elf,001f89e0,fun_001f9a00,boot-hash-match 001f9a00
level16.elf,001fdad0,fun_001f9a00,boot-hash-match 001f9a00
level17.elf,001fc310,fun_001f9a00,boot-hash-match 001f9a00
level18.elf,00208050,fun_001f9a00,boot-hash-match 001f9a00
level00.elf,001ff278,fun_001f9a10,boot-hash-match 001f9a10
level01.elf,00221188,fun_001f9a10,boot-hash-match 001f9a10
level02.elf,002102e0,fun_001f9a10,boot-hash-match 001f9a10
level03.elf,001f8c10,fun_001f9a10,boot-hash-match 001f9a10
level04.elf,001f1ce0,fun_001f9a10,boot-hash-match 001f9a10
level05.elf,0022df60,fun_001f9a10,boot-hash-match 001f9a10
level06.elf,00217318,fun_001f9a10,boot-hash-match 001f9a10
level07.elf,002270e0,fun_001f9a10,boot-hash-match 001f9a10
level08.elf,00211df8,fun_001f9a10,boot-hash-match 001f9a10
level09.elf,0021ef58,fun_001f9a10,boot-hash-match 001f9a10
level10.elf,001f28e0,fun_001f9a10,boot-hash-match 001f9a10
level11.elf,00230be0,fun_001f9a10,boot-hash-match 001f9a10
level12.elf,00222188,fun_001f9a10,boot-hash-match 001f9a10
level13.elf,0020ad60,fun_001f9a10,boot-hash-match 001f9a10
level14.elf,00212888,fun_001f9a10,boot-hash-match 001f9a10
level15.elf,001f89f0,fun_001f9a10,boot-hash-match 001f9a10
level16.elf,001fdae0,fun_001f9a10,boot-hash-match 001f9a10
level17.elf,001fc320,fun_001f9a10,boot-hash-match 001f9a10
level18.elf,00208060,fun_001f9a10,boot-hash-match 001f9a10
level00.elf,001ff2a8,fun_001f9a28,boot-hash-match 001f9a28
level01.elf,002211b8,fun_001f9a28,boot-hash-match 001f9a28
level02.elf,00210310,fun_001f9a28,boot-hash-match 001f9a28
level03.elf,001f8c40,fun_001f9a28,boot-hash-match 001f9a28
level04.elf,001f1d10,fun_001f9a28,boot-hash-match 001f9a28
level05.elf,0022df90,fun_001f9a28,boot-hash-match 001f9a28
level06.elf,00217348,fun_001f9a28,boot-hash-match 001f9a28
level07.elf,00227110,fun_001f9a28,boot-hash-match 001f9a28
level08.elf,00211e28,fun_001f9a28,boot-hash-match 001f9a28
level09.elf,0021ef88,fun_001f9a28,boot-hash-match 001f9a28
level10.elf,001f2910,fun_001f9a28,boot-hash-match 001f9a28
level11.elf,00230c10,fun_001f9a28,boot-hash-match 001f9a28
level12.elf,002221b8,fun_001f9a28,boot-hash-match 001f9a28
level13.elf,0020ad90,fun_001f9a28,boot-hash-match 001f9a28
level14.elf,002128b8,fun_001f9a28,boot-hash-match 001f9a28
level15.elf,001f8a20,fun_001f9a28,boot-hash-match 001f9a28
level16.elf,001fdb10,fun_001f9a28,boot-hash-match 001f9a28
level17.elf,001fc350,fun_001f9a28,boot-hash-match 001f9a28
level18.elf,00208090,fun_001f9a28,boot-hash-match 001f9a28
level00.elf,001ff2d8,fun_001f9a40,boot-hash-match 001f9a40
level01.elf,002211e8,fun_001f9a40,boot-hash-match 001f9a40
level02.elf,00210340,fun_001f9a40,boot-hash-match 001f9a40
level03.elf,001f8c70,fun_001f9a40,boot-hash-match 001f9a40
level04.elf,001f1d40,fun_001f9a40,boot-hash-match 001f9a40
level05.elf,0022dfc0,fun_001f9a40,boot-hash-match 001f9a40
level06.elf,00217378,fun_001f9a40,boot-hash-match 001f9a40
level07.elf,00227140,fun_001f9a40,boot-hash-match 001f9a40
level08.elf,00211e58,fun_001f9a40,boot-hash-match 001f9a40
level09.elf,0021efb8,fun_001f9a40,boot-hash-match 001f9a40
level10.elf,001f2940,fun_001f9a40,boot-hash-match 001f9a40
level11.elf,00230c40,fun_001f9a40,boot-hash-match 001f9a40
level12.elf,002221e8,fun_001f9a40,boot-hash-match 001f9a40
level13.elf,0020adc0,fun_001f9a40,boot-hash-match 001f9a40
level14.elf,002128e8,fun_001f9a40,boot-hash-match 001f9a40
level15.elf,001f8a50,fun_001f9a40,boot-hash-match 001f9a40
level16.elf,001fdb40,fun_001f9a40,boot-hash-match 001f9a40
level17.elf,001fc380,fun_001f9a40,boot-hash-match 001f9a40
level18.elf,002080c0,fun_001f9a40,boot-hash-match 001f9a40
level00.elf,001ff300,fun_001f9a68,boot-hash-match 001f9a68
level01.elf,00221210,fun_001f9a68,boot-hash-match 001f9a68
level02.elf,00210368,fun_001f9a68,boot-hash-match 001f9a68
level03.elf,001f8c98,fun_001f9a68,boot-hash-match 001f9a68
level04.elf,001f1d68,fun_001f9a68,boot-hash-match 001f9a68
level05.elf,0022dfe8,fun_001f9a68,boot-hash-match 001f9a68
level06.elf,002173a0,fun_001f9a68,boot-hash-match 001f9a68
level07.elf,00227168,fun_001f9a68,boot-hash-match 001f9a68
level08.elf,00211e80,fun_001f9a68,boot-hash-match 001f9a68
level09.elf,0021efe0,fun_001f9a68,boot-hash-match 001f9a68
level10.elf,001f2968,fun_001f9a68,boot-hash-match 001f9a68
level11.elf,00230c68,fun_001f9a68,boot-hash-match 001f9a68
level12.elf,00222210,fun_001f9a68,boot-hash-match 001f9a68
level13.elf,0020ade8,fun_001f9a68,boot-hash-match 001f9a68
level14.elf,00212910,fun_001f9a68,boot-hash-match 001f9a68
level15.elf,001f8a78,fun_001f9a68,boot-hash-match 001f9a68
level16.elf,001fdb68,fun_001f9a68,boot-hash-match 001f9a68
level17.elf,001fc3a8,fun_001f9a68,boot-hash-match 001f9a68
level18.elf,002080e8,fun_001f9a68,boot-hash-match 001f9a68
level00.elf,001ff330,fun_001f9a80,boot-hash-match 001f9a80
level01.elf,00221240,fun_001f9a80,boot-hash-match 001f9a80
level02.elf,00210398,fun_001f9a80,boot-hash-match 001f9a80
level03.elf,001f8cc8,fun_001f9a80,boot-hash-match 001f9a80
level04.elf,001f1d98,fun_001f9a80,boot-hash-match 001f9a80
level05.elf,0022e018,fun_001f9a80,boot-hash-match 001f9a80
level06.elf,002173d0,fun_001f9a80,boot-hash-match 001f9a80
level07.elf,00227198,fun_001f9a80,boot-hash-match 001f9a80
level08.elf,00211eb0,fun_001f9a80,boot-hash-match 001f9a80
level09.elf,0021f010,fun_001f9a80,boot-hash-match 001f9a80
level10.elf,001f2998,fun_001f9a80,boot-hash-match 001f9a80
level11.elf,00230c98,fun_001f9a80,boot-hash-match 001f9a80
level12.elf,00222240,fun_001f9a80,boot-hash-match 001f9a80
level13.elf,0020ae18,fun_001f9a80,boot-hash-match 001f9a80
level14.elf,00212940,fun_001f9a80,boot-hash-match 001f9a80
level15.elf,001f8aa8,fun_001f9a80,boot-hash-match 001f9a80
level16.elf,001fdb98,fun_001f9a80,boot-hash-match 001f9a80
level17.elf,001fc3d8,fun_001f9a80,boot-hash-match 001f9a80
level18.elf,00208118,fun_001f9a80,boot-hash-match 001f9a80
level00.elf,001ff360,fun_001f9a98,boot-hash-match 001f9a98
level01.elf,00221270,fun_001f9a98,boot-hash-match 001f9a98
level02.elf,002103c8,fun_001f9a98,boot-hash-match 001f9a98
level03.elf,001f8cf8,fun_001f9a98,boot-hash-match 001f9a98
level04.elf,001f1dc8,fun_001f9a98,boot-hash-match 001f9a98
level05.elf,0022e048,fun_001f9a98,boot-hash-match 001f9a98
level06.elf,00217400,fun_001f9a98,boot-hash-match 001f9a98
level07.elf,002271c8,fun_001f9a98,boot-hash-match 001f9a98
level08.elf,00211ee0,fun_001f9a98,boot-hash-match 001f9a98
level09.elf,0021f040,fun_001f9a98,boot-hash-match 001f9a98
level10.elf,001f29c8,fun_001f9a98,boot-hash-match 001f9a98
level11.elf,00230cc8,fun_001f9a98,boot-hash-match 001f9a98
level12.elf,00222270,fun_001f9a98,boot-hash-match 001f9a98
level13.elf,0020ae48,fun_001f9a98,boot-hash-match 001f9a98
level14.elf,00212970,fun_001f9a98,boot-hash-match 001f9a98
level15.elf,001f8ad8,fun_001f9a98,boot-hash-match 001f9a98
level16.elf,001fdbc8,fun_001f9a98,boot-hash-match 001f9a98
level17.elf,001fc408,fun_001f9a98,boot-hash-match 001f9a98
level18.elf,00208148,fun_001f9a98,boot-hash-match 001f9a98
level00.elf,001ff408,fun_001f9b20,boot-hash-match 001f9b20
level01.elf,00221318,fun_001f9b20,boot-hash-match 001f9b20
level02.elf,00210470,fun_001f9b20,boot-hash-match 001f9b20
level03.elf,001f8da0,fun_001f9b20,boot-hash-match 001f9b20
level04.elf,001f1e70,fun_001f9b20,boot-hash-match 001f9b20
level05.elf,0022e0f0,fun_001f9b20,boot-hash-match 001f9b20
level06.elf,002174a8,fun_001f9b20,boot-hash-match 001f9b20
level07.elf,00227270,fun_001f9b20,boot-hash-match 001f9b20
level08.elf,00211f88,fun_001f9b20,boot-hash-match 001f9b20
level09.elf,0021f0e8,fun_001f9b20,boot-hash-match 001f9b20
level10.elf,001f2a70,fun_001f9b20,boot-hash-match 001f9b20
level11.elf,00230d70,fun_001f9b20,boot-hash-match 001f9b20
level12.elf,00222318,fun_001f9b20,boot-hash-match 001f9b20
level13.elf,0020aef0,fun_001f9b20,boot-hash-match 001f9b20
level14.elf,00212a18,fun_001f9b20,boot-hash-match 001f9b20
level15.elf,001f8b80,fun_001f9b20,boot-hash-match 001f9b20
level16.elf,001fdc70,fun_001f9b20,boot-hash-match 001f9b20
level17.elf,001fc4b0,fun_001f9b20,boot-hash-match 001f9b20
level18.elf,002081f0,fun_001f9b20,boot-hash-match 001f9b20
level00.elf,001ff450,fun_001f9b48,boot-hash-match 001f9b48
level01.elf,00221360,fun_001f9b48,boot-hash-match 001f9b48
level02.elf,002104b8,fun_001f9b48,boot-hash-match 001f9b48
level03.elf,001f8de8,fun_001f9b48,boot-hash-match 001f9b48
level04.elf,001f1eb8,fun_001f9b48,boot-hash-match 001f9b48
level05.elf,0022e138,fun_001f9b48,boot-hash-match 001f9b48
level06.elf,002174f0,fun_001f9b48,boot-hash-match 001f9b48
level07.elf,002272b8,fun_001f9b48,boot-hash-match 001f9b48
level08.elf,00211fd0,fun_001f9b48,boot-hash-match 001f9b48
level09.elf,0021f130,fun_001f9b48,boot-hash-match 001f9b48
level10.elf,001f2ab8,fun_001f9b48,boot-hash-match 001f9b48
level11.elf,00230db8,fun_001f9b48,boot-hash-match 001f9b48
level12.elf,00222360,fun_001f9b48,boot-hash-match 001f9b48
level13.elf,0020af38,fun_001f9b48,boot-hash-match 001f9b48
level14.elf,00212a60,fun_001f9b48,boot-hash-match 001f9b48
level15.elf,001f8bc8,fun_001f9b48,boot-hash-match 001f9b48
level16.elf,001fdcb8,fun_001f9b48,boot-hash-match 001f9b48
level17.elf,001fc4f8,fun_001f9b48,boot-hash-match 001f9b48
level18.elf,00208238,fun_001f9b48,boot-hash-match 001f9b48
level00.elf,001ff488,fun_001f9b80,boot-hash-match 001f9b80
level01.elf,00221398,fun_001f9b80,boot-hash-match 001f9b80
level02.elf,002104f0,fun_001f9b80,boot-hash-match 001f9b80
level03.elf,001f8e20,fun_001f9b80,boot-hash-match 001f9b80
level04.elf,001f1ef0,fun_001f9b80,boot-hash-match 001f9b80
level05.elf,0022e170,fun_001f9b80,boot-hash-match 001f9b80
level06.elf,00217528,fun_001f9b80,boot-hash-match 001f9b80
level07.elf,002272f0,fun_001f9b80,boot-hash-match 001f9b80
level08.elf,00212008,fun_001f9b80,boot-hash-match 001f9b80
level09.elf,0021f168,fun_001f9b80,boot-hash-match 001f9b80
level10.elf,001f2af0,fun_001f9b80,boot-hash-match 001f9b80
level11.elf,00230df0,fun_001f9b80,boot-hash-match 001f9b80
level12.elf,00222398,fun_001f9b80,boot-hash-match 001f9b80
level13.elf,0020af70,fun_001f9b80,boot-hash-match 001f9b80
level14.elf,00212a98,fun_001f9b80,boot-hash-match 001f9b80
level15.elf,001f8c00,fun_001f9b80,boot-hash-match 001f9b80
level16.elf,001fdcf0,fun_001f9b80,boot-hash-match 001f9b80
level17.elf,001fc530,fun_001f9b80,boot-hash-match 001f9b80
level18.elf,00208270,fun_001f9b80,boot-hash-match 001f9b80
level00.elf,001ff4b8,fun_001f9bb0,boot-hash-match 001f9bb0
level01.elf,002213c8,fun_001f9bb0,boot-hash-match 001f9bb0
level02.elf,00210520,fun_001f9bb0,boot-hash-match 001f9bb0
level03.elf,001f8e50,fun_001f9bb0,boot-hash-match 001f9bb0
level04.elf,001f1f20,fun_001f9bb0,boot-hash-match 001f9bb0
level05.elf,0022e1a0,fun_001f9bb0,boot-hash-match 001f9bb0
level06.elf,00217558,fun_001f9bb0,boot-hash-match 001f9bb0
level07.elf,00227320,fun_001f9bb0,boot-hash-match 001f9bb0
level08.elf,00212038,fun_001f9bb0,boot-hash-match 001f9bb0
level09.elf,0021f198,fun_001f9bb0,boot-hash-match 001f9bb0
level10.elf,001f2b20,fun_001f9bb0,boot-hash-match 001f9bb0
level11.elf,00230e20,fun_001f9bb0,boot-hash-match 001f9bb0
level12.elf,002223c8,fun_001f9bb0,boot-hash-match 001f9bb0
level13.elf,0020afa0,fun_001f9bb0,boot-hash-match 001f9bb0
level14.elf,00212ac8,fun_001f9bb0,boot-hash-match 001f9bb0
level15.elf,001f8c30,fun_001f9bb0,boot-hash-match 001f9bb0
level16.elf,001fdd20,fun_001f9bb0,boot-hash-match 001f9bb0
level17.elf,001fc560,fun_001f9bb0,boot-hash-match 001f9bb0
level18.elf,002082a0,fun_001f9bb0,boot-hash-match 001f9bb0
level00.elf,001ff550,fun_001f9c48,boot-hash-match 001f9c48
level01.elf,00221460,fun_001f9c48,boot-hash-match 001f9c48
level02.elf,002105b8,fun_001f9c48,boot-hash-match 001f9c48
level03.elf,001f8ee8,fun_001f9c48,boot-hash-match 001f9c48
level04.elf,001f1fb8,fun_001f9c48,boot-hash-match 001f9c48
level05.elf,0022e238,fun_001f9c48,boot-hash-match 001f9c48
level06.elf,002175f0,fun_001f9c48,boot-hash-match 001f9c48
level07.elf,002273b8,fun_001f9c48,boot-hash-match 001f9c48
level08.elf,002120d0,fun_001f9c48,boot-hash-match 001f9c48
level09.elf,0021f230,fun_001f9c48,boot-hash-match 001f9c48
level10.elf,001f2bb8,fun_001f9c48,boot-hash-match 001f9c48
level11.elf,00230eb8,fun_001f9c48,boot-hash-match 001f9c48
level12.elf,00222460,fun_001f9c48,boot-hash-match 001f9c48
level13.elf,0020b038,fun_001f9c48,boot-hash-match 001f9c48
level14.elf,00212b60,fun_001f9c48,boot-hash-match 001f9c48
level15.elf,001f8cc8,fun_001f9c48,boot-hash-match 001f9c48
level16.elf,001fddb8,fun_001f9c48,boot-hash-match 001f9c48
level17.elf,001fc5f8,fun_001f9c48,boot-hash-match 001f9c48
level18.elf,00208338,fun_001f9c48,boot-hash-match 001f9c48
level00.elf,001ff598,fun_001f9c90,boot-hash-match 001f9c90
level01.elf,002214a8,fun_001f9c90,boot-hash-match 001f9c90
level02.elf,00210600,fun_001f9c90,boot-hash-match 001f9c90
level03.elf,001f8f30,fun_001f9c90,boot-hash-match 001f9c90
level04.elf,001f2000,fun_001f9c90,boot-hash-match 001f9c90
level05.elf,0022e280,fun_001f9c90,boot-hash-match 001f9c90
level06.elf,00217638,fun_001f9c90,boot-hash-match 001f9c90
level07.elf,00227400,fun_001f9c90,boot-hash-match 001f9c90
level08.elf,00212118,fun_001f9c90,boot-hash-match 001f9c90
level09.elf,0021f278,fun_001f9c90,boot-hash-match 001f9c90
level10.elf,001f2c00,fun_001f9c90,boot-hash-match 001f9c90
level11.elf,00230f00,fun_001f9c90,boot-hash-match 001f9c90
level12.elf,002224a8,fun_001f9c90,boot-hash-match 001f9c90
level13.elf,0020b080,fun_001f9c90,boot-hash-match 001f9c90
level14.elf,00212ba8,fun_001f9c90,boot-hash-match 001f9c90
level15.elf,001f8d10,fun_001f9c90,boot-hash-match 001f9c90
level16.elf,001fde00,fun_001f9c90,boot-hash-match 001f9c90
level17.elf,001fc640,fun_001f9c90,boot-hash-match 001f9c90
level18.elf,00208380,fun_001f9c90,boot-hash-match 001f9c90
level00.elf,001ff6d0,fun_001f9cf8,boot-hash-match 001f9cf8
level01.elf,002215e0,fun_001f9cf8,boot-hash-match 001f9cf8
level02.elf,00210738,fun_001f9cf8,boot-hash-match 001f9cf8
level03.elf,001f9068,fun_001f9cf8,boot-hash-match 001f9cf8
level04.elf,001f2138,fun_001f9cf8,boot-hash-match 001f9cf8
level05.elf,0022e3b8,fun_001f9cf8,boot-hash-match 001f9cf8
level06.elf,00217770,fun_001f9cf8,boot-hash-match 001f9cf8
level07.elf,00227538,fun_001f9cf8,boot-hash-match 001f9cf8
level08.elf,00212250,fun_001f9cf8,boot-hash-match 001f9cf8
level09.elf,0021f3b0,fun_001f9cf8,boot-hash-match 001f9cf8
level10.elf,001f2d38,fun_001f9cf8,boot-hash-match 001f9cf8
level11.elf,00231038,fun_001f9cf8,boot-hash-match 001f9cf8
level12.elf,002225e0,fun_001f9cf8,boot-hash-match 001f9cf8
level13.elf,0020b1b8,fun_001f9cf8,boot-hash-match 001f9cf8
level14.elf,00212ce0,fun_001f9cf8,boot-hash-match 001f9cf8
level15.elf,001f8e48,fun_001f9cf8,boot-hash-match 001f9cf8
level16.elf,001fdf38,fun_001f9cf8,boot-hash-match 001f9cf8
level17.elf,001fc778,fun_001f9cf8,boot-hash-match 001f9cf8
level18.elf,002084b8,fun_001f9cf8,boot-hash-match 001f9cf8
level00.elf,001ff6f8,fun_001f9d20,boot-hash-match 001f9d20
level01.elf,00221608,fun_001f9d20,boot-hash-match 001f9d20
level02.elf,00210760,fun_001f9d20,boot-hash-match 001f9d20
level03.elf,001f9090,fun_001f9d20,boot-hash-match 001f9d20
level04.elf,001f2160,fun_001f9d20,boot-hash-match 001f9d20
level05.elf,0022e3e0,fun_001f9d20,boot-hash-match 001f9d20
level06.elf,00217798,fun_001f9d20,boot-hash-match 001f9d20
level07.elf,00227560,fun_001f9d20,boot-hash-match 001f9d20
level08.elf,00212278,fun_001f9d20,boot-hash-match 001f9d20
level09.elf,0021f3d8,fun_001f9d20,boot-hash-match 001f9d20
level10.elf,001f2d60,fun_001f9d20,boot-hash-match 001f9d20
level11.elf,00231060,fun_001f9d20,boot-hash-match 001f9d20
level12.elf,00222608,fun_001f9d20,boot-hash-match 001f9d20
level13.elf,0020b1e0,fun_001f9d20,boot-hash-match 001f9d20
level14.elf,00212d08,fun_001f9d20,boot-hash-match 001f9d20
level15.elf,001f8e70,fun_001f9d20,boot-hash-match 001f9d20
level16.elf,001fdf60,fun_001f9d20,boot-hash-match 001f9d20
level17.elf,001fc7a0,fun_001f9d20,boot-hash-match 001f9d20
level18.elf,002084e0,fun_001f9d20,boot-hash-match 001f9d20
level00.elf,001ff7e8,fast_cos,boot-hash-match 001f9dc8
level01.elf,002216f8,fast_cos,boot-hash-match 001f9dc8
level02.elf,00210850,fast_cos,boot-hash-match 001f9dc8
level03.elf,001f9180,fast_cos,boot-hash-match 001f9dc8
level04.elf,001f2250,fast_cos,boot-hash-match 001f9dc8
level05.elf,0022e4d0,fast_cos,boot-hash-match 001f9dc8
level06.elf,00217888,fast_cos,boot-hash-match 001f9dc8
level07.elf,00227650,fast_cos,boot-hash-match 001f9dc8
level08.elf,00212368,fast_cos,boot-hash-match 001f9dc8
level09.elf,0021f4c8,fast_cos,boot-hash-match 001f9dc8
level10.elf,001f2e50,fast_cos,boot-hash-match 001f9dc8
level11.elf,00231150,fast_cos,boot-hash-match 001f9dc8
level12.elf,002226f8,fast_cos,boot-hash-match 001f9dc8
level13.elf,0020b2d0,fast_cos,boot-hash-match 001f9dc8
level14.elf,00212df8,fast_cos,boot-hash-match 001f9dc8
level15.elf,001f8f60,fast_cos,boot-hash-match 001f9dc8
level16.elf,001fe050,fast_cos,boot-hash-match 001f9dc8
level17.elf,001fc890,fast_cos,boot-hash-match 001f9dc8
level18.elf,002085d0,fast_cos,boot-hash-match 001f9dc8
level00.elf,001ff800,fast_sin,boot-hash-match 001f9de0
level01.elf,00221710,fast_sin,boot-hash-match 001f9de0
level02.elf,00210868,fast_sin,boot-hash-match 001f9de0
level03.elf,001f9198,fast_sin,boot-hash-match 001f9de0
level04.elf,001f2268,fast_sin,boot-hash-match 001f9de0
level05.elf,0022e4e8,fast_sin,boot-hash-match 001f9de0
level06.elf,002178a0,fast_sin,boot-hash-match 001f9de0
level07.elf,00227668,fast_sin,boot-hash-match 001f9de0
level08.elf,00212380,fast_sin,boot-hash-match 001f9de0
level09.elf,0021f4e0,fast_sin,boot-hash-match 001f9de0
level10.elf,001f2e68,fast_sin,boot-hash-match 001f9de0
level11.elf,00231168,fast_sin,boot-hash-match 001f9de0
level12.elf,00222710,fast_sin,boot-hash-match 001f9de0
level13.elf,0020b2e8,fast_sin,boot-hash-match 001f9de0
level14.elf,00212e10,fast_sin,boot-hash-match 001f9de0
level15.elf,001f8f78,fast_sin,boot-hash-match 001f9de0
level16.elf,001fe068,fast_sin,boot-hash-match 001f9de0
level17.elf,001fc8a8,fast_sin,boot-hash-match 001f9de0
level18.elf,002085e8,fast_sin,boot-hash-match 001f9de0
level00.elf,001ff9e8,fun_001f9fc8,boot-hash-match 001f9fc8
level01.elf,002218f8,fun_001f9fc8,boot-hash-match 001f9fc8
level02.elf,00210a50,fun_001f9fc8,boot-hash-match 001f9fc8
level03.elf,001f9380,fun_001f9fc8,boot-hash-match 001f9fc8
level04.elf,001f2450,fun_001f9fc8,boot-hash-match 001f9fc8
level05.elf,0022e6d0,fun_001f9fc8,boot-hash-match 001f9fc8
level06.elf,00217a88,fun_001f9fc8,boot-hash-match 001f9fc8
level07.elf,00227850,fun_001f9fc8,boot-hash-match 001f9fc8
level08.elf,00212568,fun_001f9fc8,boot-hash-match 001f9fc8
level09.elf,0021f6c8,fun_001f9fc8,boot-hash-match 001f9fc8
level10.elf,001f3050,fun_001f9fc8,boot-hash-match 001f9fc8
level11.elf,00231350,fun_001f9fc8,boot-hash-match 001f9fc8
level12.elf,002228f8,fun_001f9fc8,boot-hash-match 001f9fc8
level13.elf,0020b4d0,fun_001f9fc8,boot-hash-match 001f9fc8
level14.elf,00212ff8,fun_001f9fc8,boot-hash-match 001f9fc8
level15.elf,001f9160,fun_001f9fc8,boot-hash-match 001f9fc8
level16.elf,001fe250,fun_001f9fc8,boot-hash-match 001f9fc8
level17.elf,001fca90,fun_001f9fc8,boot-hash-match 001f9fc8
level18.elf,002087d0,fun_001f9fc8,boot-hash-match 001f9fc8
level00.elf,001ffa18,fun_001f9ff8,boot-hash-match 001f9ff8
level01.elf,00221928,fun_001f9ff8,boot-hash-match 001f9ff8
level02.elf,00210a80,fun_001f9ff8,boot-hash-match 001f9ff8
level03.elf,001f93b0,fun_001f9ff8,boot-hash-match 001f9ff8
level04.elf,001f2480,fun_001f9ff8,boot-hash-match 001f9ff8
level05.elf,0022e700,fun_001f9ff8,boot-hash-match 001f9ff8
level06.elf,00217ab8,fun_001f9ff8,boot-hash-match 001f9ff8
level07.elf,00227880,fun_001f9ff8,boot-hash-match 001f9ff8
level08.elf,00212598,fun_001f9ff8,boot-hash-match 001f9ff8
level09.elf,0021f6f8,fun_001f9ff8,boot-hash-match 001f9ff8
level10.elf,001f3080,fun_001f9ff8,boot-hash-match 001f9ff8
level11.elf,00231380,fun_001f9ff8,boot-hash-match 001f9ff8
level12.elf,00222928,fun_001f9ff8,boot-hash-match 001f9ff8
level13.elf,0020b500,fun_001f9ff8,boot-hash-match 001f9ff8
level14.elf,00213028,fun_001f9ff8,boot-hash-match 001f9ff8
level15.elf,001f9190,fun_001f9ff8,boot-hash-match 001f9ff8
level16.elf,001fe280,fun_001f9ff8,boot-hash-match 001f9ff8
level17.elf,001fcac0,fun_001f9ff8,boot-hash-match 001f9ff8
level18.elf,00208800,fun_001f9ff8,boot-hash-match 001f9ff8
level00.elf,001ffa50,fun_001fa030,boot-hash-match 001fa030
level01.elf,00221960,fun_001fa030,boot-hash-match 001fa030
level02.elf,00210ab8,fun_001fa030,boot-hash-match 001fa030
level03.elf,001f93e8,fun_001fa030,boot-hash-match 001fa030
level04.elf,001f24b8,fun_001fa030,boot-hash-match 001fa030
level05.elf,0022e738,fun_001fa030,boot-hash-match 001fa030
level06.elf,00217af0,fun_001fa030,boot-hash-match 001fa030
level07.elf,002278b8,fun_001fa030,boot-hash-match 001fa030
level08.elf,002125d0,fun_001fa030,boot-hash-match 001fa030
level09.elf,0021f730,fun_001fa030,boot-hash-match 001fa030
level10.elf,001f30b8,fun_001fa030,boot-hash-match 001fa030
level11.elf,002313b8,fun_001fa030,boot-hash-match 001fa030
level12.elf,00222960,fun_001fa030,boot-hash-match 001fa030
level13.elf,0020b538,fun_001fa030,boot-hash-match 001fa030
level14.elf,00213060,fun_001fa030,boot-hash-match 001fa030
level15.elf,001f91c8,fun_001fa030,boot-hash-match 001fa030
level16.elf,001fe2b8,fun_001fa030,boot-hash-match 001fa030
level17.elf,001fcaf8,fun_001fa030,boot-hash-match 001fa030
level18.elf,00208838,fun_001fa030,boot-hash-match 001fa030
level00.elf,001ffa70,fun_001fa050,boot-hash-match 001fa050
level01.elf,00221980,fun_001fa050,boot-hash-match 001fa050
level02.elf,00210ad8,fun_001fa050,boot-hash-match 001fa050
level03.elf,001f9408,fun_001fa050,boot-hash-match 001fa050
level04.elf,001f24d8,fun_001fa050,boot-hash-match 001fa050
level05.elf,0022e758,fun_001fa050,boot-hash-match 001fa050
level06.elf,00217b10,fun_001fa050,boot-hash-match 001fa050
level07.elf,002278d8,fun_001fa050,boot-hash-match 001fa050
level08.elf,002125f0,fun_001fa050,boot-hash-match 001fa050
level09.elf,0021f750,fun_001fa050,boot-hash-match 001fa050
level10.elf,001f30d8,fun_001fa050,boot-hash-match 001fa050
level11.elf,002313d8,fun_001fa050,boot-hash-match 001fa050
level12.elf,00222980,fun_001fa050,boot-hash-match 001fa050
level13.elf,0020b558,fun_001fa050,boot-hash-match 001fa050
level14.elf,00213080,fun_001fa050,boot-hash-match 001fa050
level15.elf,001f91e8,fun_001fa050,boot-hash-match 001fa050
level16.elf,001fe2d8,fun_001fa050,boot-hash-match 001fa050
level17.elf,001fcb18,fun_001fa050,boot-hash-match 001fa050
level18.elf,00208858,fun_001fa050,boot-hash-match 001fa050
level00.elf,001ffa90,fun_001fa070,boot-hash-match 001fa070
level01.elf,002219a0,fun_001fa070,boot-hash-match 001fa070
level02.elf,00210af8,fun_001fa070,boot-hash-match 001fa070
level03.elf,001f9428,fun_001fa070,boot-hash-match 001fa070
level04.elf,001f24f8,fun_001fa070,boot-hash-match 001fa070
level05.elf,0022e778,fun_001fa070,boot-hash-match 001fa070
level06.elf,00217b30,fun_001fa070,boot-hash-match 001fa070
level07.elf,002278f8,fun_001fa070,boot-hash-match 001fa070
level08.elf,00212610,fun_001fa070,boot-hash-match 001fa070
level09.elf,0021f770,fun_001fa070,boot-hash-match 001fa070
level10.elf,001f30f8,fun_001fa070,boot-hash-match 001fa070
level11.elf,002313f8,fun_001fa070,boot-hash-match 001fa070
level12.elf,002229a0,fun_001fa070,boot-hash-match 001fa070
level13.elf,0020b578,fun_001fa070,boot-hash-match 001fa070
level14.elf,002130a0,fun_001fa070,boot-hash-match 001fa070
level15.elf,001f9208,fun_001fa070,boot-hash-match 001fa070
level16.elf,001fe2f8,fun_001fa070,boot-hash-match 001fa070
level17.elf,001fcb38,fun_001fa070,boot-hash-match 001fa070
level18.elf,00208878,fun_001fa070,boot-hash-match 001fa070
level00.elf,001ffcb8,fun_001fa298,boot-hash-match 001fa298
level01.elf,00221bc8,fun_001fa298,boot-hash-match 001fa298
level02.elf,00210d20,fun_001fa298,boot-hash-match 001fa298
level03.elf,001f9650,fun_001fa298,boot-hash-match 001fa298
level04.elf,001f2720,fun_001fa298,boot-hash-match 001fa298
level05.elf,0022e9a0,fun_001fa298,boot-hash-match 001fa298
level06.elf,00217d58,fun_001fa298,boot-hash-match 001fa298
level07.elf,00227b20,fun_001fa298,boot-hash-match 001fa298
level08.elf,00212838,fun_001fa298,boot-hash-match 001fa298
level09.elf,0021f998,fun_001fa298,boot-hash-match 001fa298
level10.elf,001f3320,fun_001fa298,boot-hash-match 001fa298
level11.elf,00231620,fun_001fa298,boot-hash-match 001fa298
level12.elf,00222bc8,fun_001fa298,boot-hash-match 001fa298
level13.elf,0020b7a0,fun_001fa298,boot-hash-match 001fa298
level14.elf,002132c8,fun_001fa298,boot-hash-match 001fa298
level15.elf,001f9430,fun_001fa298,boot-hash-match 001fa298
level16.elf,001fe520,fun_001fa298,boot-hash-match 001fa298
level17.elf,001fcd60,fun_001fa298,boot-hash-match 001fa298
level18.elf,00208aa0,fun_001fa298,boot-hash-match 001fa298
level00.elf,001ffcd8,fun_001fa2b8,boot-hash-match 001fa2b8
level01.elf,00221be8,fun_001fa2b8,boot-hash-match 001fa2b8
level02.elf,00210d40,fun_001fa2b8,boot-hash-match 001fa2b8
level03.elf,001f9670,fun_001fa2b8,boot-hash-match 001fa2b8
level04.elf,001f2740,fun_001fa2b8,boot-hash-match 001fa2b8
level05.elf,0022e9c0,fun_001fa2b8,boot-hash-match 001fa2b8
level06.elf,00217d78,fun_001fa2b8,boot-hash-match 001fa2b8
level07.elf,00227b40,fun_001fa2b8,boot-hash-match 001fa2b8
level08.elf,00212858,fun_001fa2b8,boot-hash-match 001fa2b8
level09.elf,0021f9b8,fun_001fa2b8,boot-hash-match 001fa2b8
level10.elf,001f3340,fun_001fa2b8,boot-hash-match 001fa2b8
level11.elf,00231640,fun_001fa2b8,boot-hash-match 001fa2b8
level12.elf,00222be8,fun_001fa2b8,boot-hash-match 001fa2b8
level13.elf,0020b7c0,fun_001fa2b8,boot-hash-match 001fa2b8
level14.elf,002132e8,fun_001fa2b8,boot-hash-match 001fa2b8
level15.elf,001f9450,fun_001fa2b8,boot-hash-match 001fa2b8
level16.elf,001fe540,fun_001fa2b8,boot-hash-match 001fa2b8
level17.elf,001fcd80,fun_001fa2b8,boot-hash-match 001fa2b8
level18.elf,00208ac0,fun_001fa2b8,boot-hash-match 001fa2b8
level00.elf,001ffcf8,fun_001fa2d8,boot-hash-match 001fa2d8
level01.elf,00221c08,fun_001fa2d8,boot-hash-match 001fa2d8
level02.elf,00210d60,fun_001fa2d8,boot-hash-match 001fa2d8
level03.elf,001f9690,fun_001fa2d8,boot-hash-match 001fa2d8
level04.elf,001f2760,fun_001fa2d8,boot-hash-match 001fa2d8
level05.elf,0022e9e0,fun_001fa2d8,boot-hash-match 001fa2d8
level06.elf,00217d98,fun_001fa2d8,boot-hash-match 001fa2d8
level07.elf,00227b60,fun_001fa2d8,boot-hash-match 001fa2d8
level08.elf,00212878,fun_001fa2d8,boot-hash-match 001fa2d8
level09.elf,0021f9d8,fun_001fa2d8,boot-hash-match 001fa2d8
level10.elf,001f3360,fun_001fa2d8,boot-hash-match 001fa2d8
level11.elf,00231660,fun_001fa2d8,boot-hash-match 001fa2d8
level12.elf,00222c08,fun_001fa2d8,boot-hash-match 001fa2d8
level13.elf,0020b7e0,fun_001fa2d8,boot-hash-match 001fa2d8
level14.elf,00213308,fun_001fa2d8,boot-hash-match 001fa2d8
level15.elf,001f9470,fun_001fa2d8,boot-hash-match 001fa2d8
level16.elf,001fe560,fun_001fa2d8,boot-hash-match 001fa2d8
level17.elf,001fcda0,fun_001fa2d8,boot-hash-match 001fa2d8
level18.elf,00208ae0,fun_001fa2d8,boot-hash-match 001fa2d8
level00.elf,001ffd88,fun_001fa328,boot-hash-match 001fa328
level01.elf,00221c98,fun_001fa328,boot-hash-match 001fa328
level02.elf,00210df0,fun_001fa328,boot-hash-match 001fa328
level03.elf,001f9720,fun_001fa328,boot-hash-match 001fa328
level04.elf,001f27f0,fun_001fa328,boot-hash-match 001fa328
level05.elf,0022ea70,fun_001fa328,boot-hash-match 001fa328
level06.elf,00217e28,fun_001fa328,boot-hash-match 001fa328
level07.elf,00227bf0,fun_001fa328,boot-hash-match 001fa328
level08.elf,00212908,fun_001fa328,boot-hash-match 001fa328
level09.elf,0021fa68,fun_001fa328,boot-hash-match 001fa328
level10.elf,001f33f0,fun_001fa328,boot-hash-match 001fa328
level11.elf,002316f0,fun_001fa328,boot-hash-match 001fa328
level12.elf,00222c98,fun_001fa328,boot-hash-match 001fa328
level13.elf,0020b870,fun_001fa328,boot-hash-match 001fa328
level14.elf,00213398,fun_001fa328,boot-hash-match 001fa328
level15.elf,001f9500,fun_001fa328,boot-hash-match 001fa328
level16.elf,001fe5f0,fun_001fa328,boot-hash-match 001fa328
level17.elf,001fce30,fun_001fa328,boot-hash-match 001fa328
level18.elf,00208b70,fun_001fa328,boot-hash-match 001fa328
level00.elf,001ffdd8,fun_001fa378,boot-hash-match 001fa378
level01.elf,00221ce8,fun_001fa378,boot-hash-match 001fa378
level02.elf,00210e40,fun_001fa378,boot-hash-match 001fa378
level03.elf,001f9770,fun_001fa378,boot-hash-match 001fa378
level04.elf,001f2840,fun_001fa378,boot-hash-match 001fa378
level05.elf,0022eac0,fun_001fa378,boot-hash-match 001fa378
level06.elf,00217e78,fun_001fa378,boot-hash-match 001fa378
level07.elf,00227c40,fun_001fa378,boot-hash-match 001fa378
level08.elf,00212958,fun_001fa378,boot-hash-match 001fa378
level09.elf,0021fab8,fun_001fa378,boot-hash-match 001fa378
level10.elf,001f3440,fun_001fa378,boot-hash-match 001fa378
level11.elf,00231740,fun_001fa378,boot-hash-match 001fa378
level12.elf,00222ce8,fun_001fa378,boot-hash-match 001fa378
level13.elf,0020b8c0,fun_001fa378,boot-hash-match 001fa378
level14.elf,002133e8,fun_001fa378,boot-hash-match 001fa378
level15.elf,001f9550,fun_001fa378,boot-hash-match 001fa378
level16.elf,001fe640,fun_001fa378,boot-hash-match 001fa378
level17.elf,001fce80,fun_001fa378,boot-hash-match 001fa378
level18.elf,00208bc0,fun_001fa378,boot-hash-match 001fa378
level00.elf,001ffe68,fun_001fa3c0,boot-hash-match 001fa3c0
level01.elf,00221d78,fun_001fa3c0,boot-hash-match 001fa3c0
level02.elf,00210ed0,fun_001fa3c0,boot-hash-match 001fa3c0
level03.elf,001f9800,fun_001fa3c0,boot-hash-match 001fa3c0
level04.elf,001f28d0,fun_001fa3c0,boot-hash-match 001fa3c0
level05.elf,0022eb50,fun_001fa3c0,boot-hash-match 001fa3c0
level06.elf,00217f08,fun_001fa3c0,boot-hash-match 001fa3c0
level07.elf,00227cd0,fun_001fa3c0,boot-hash-match 001fa3c0
level08.elf,002129e8,fun_001fa3c0,boot-hash-match 001fa3c0
level09.elf,0021fb48,fun_001fa3c0,boot-hash-match 001fa3c0
level10.elf,001f34d0,fun_001fa3c0,boot-hash-match 001fa3c0
level11.elf,002317d0,fun_001fa3c0,boot-hash-match 001fa3c0
level12.elf,00222d78,fun_001fa3c0,boot-hash-match 001fa3c0
level13.elf,0020b950,fun_001fa3c0,boot-hash-match 001fa3c0
level14.elf,00213478,fun_001fa3c0,boot-hash-match 001fa3c0
level15.elf,001f95e0,fun_001fa3c0,boot-hash-match 001fa3c0
level16.elf,001fe6d0,fun_001fa3c0,boot-hash-match 001fa3c0
level17.elf,001fcf10,fun_001fa3c0,boot-hash-match 001fa3c0
level18.elf,00208c50,fun_001fa3c0,boot-hash-match 001fa3c0
level00.elf,001ffea8,fun_001fa400,boot-hash-match 001fa400
level01.elf,00221db8,fun_001fa400,boot-hash-match 001fa400
level02.elf,00210f10,fun_001fa400,boot-hash-match 001fa400
level03.elf,001f9840,fun_001fa400,boot-hash-match 001fa400
level04.elf,001f2910,fun_001fa400,boot-hash-match 001fa400
level05.elf,0022eb90,fun_001fa400,boot-hash-match 001fa400
level06.elf,00217f48,fun_001fa400,boot-hash-match 001fa400
level07.elf,00227d10,fun_001fa400,boot-hash-match 001fa400
level08.elf,00212a28,fun_001fa400,boot-hash-match 001fa400
level09.elf,0021fb88,fun_001fa400,boot-hash-match 001fa400
level10.elf,001f3510,fun_001fa400,boot-hash-match 001fa400
level11.elf,00231810,fun_001fa400,boot-hash-match 001fa400
level12.elf,00222db8,fun_001fa400,boot-hash-match 001fa400
level13.elf,0020b990,fun_001fa400,boot-hash-match 001fa400
level14.elf,002134b8,fun_001fa400,boot-hash-match 001fa400
level15.elf,001f9620,fun_001fa400,boot-hash-match 001fa400
level16.elf,001fe710,fun_001fa400,boot-hash-match 001fa400
level17.elf,001fcf50,fun_001fa400,boot-hash-match 001fa400
level18.elf,00208c90,fun_001fa400,boot-hash-match 001fa400
level00.elf,001fffe8,fun_001fa480,boot-hash-match 001fa480
level01.elf,00221ef8,fun_001fa480,boot-hash-match 001fa480
level02.elf,00211050,fun_001fa480,boot-hash-match 001fa480
level03.elf,001f9980,fun_001fa480,boot-hash-match 001fa480
level04.elf,001f2a50,fun_001fa480,boot-hash-match 001fa480
level05.elf,0022ecd0,fun_001fa480,boot-hash-match 001fa480
level06.elf,00218088,fun_001fa480,boot-hash-match 001fa480
level07.elf,00227e50,fun_001fa480,boot-hash-match 001fa480
level08.elf,00212b68,fun_001fa480,boot-hash-match 001fa480
level09.elf,0021fcc8,fun_001fa480,boot-hash-match 001fa480
level10.elf,001f3650,fun_001fa480,boot-hash-match 001fa480
level11.elf,00231950,fun_001fa480,boot-hash-match 001fa480
level12.elf,00222ef8,fun_001fa480,boot-hash-match 001fa480
level13.elf,0020bad0,fun_001fa480,boot-hash-match 001fa480
level14.elf,002135f8,fun_001fa480,boot-hash-match 001fa480
level15.elf,001f9760,fun_001fa480,boot-hash-match 001fa480
level16.elf,001fe850,fun_001fa480,boot-hash-match 001fa480
level17.elf,001fd090,fun_001fa480,boot-hash-match 001fa480
level18.elf,00208dd0,fun_001fa480,boot-hash-match 001fa480
level00.elf,00200060,fun_001fa4f8,boot-hash-match 001fa4f8
level01.elf,00221f70,fun_001fa4f8,boot-hash-match 001fa4f8
level02.elf,002110c8,fun_001fa4f8,boot-hash-match 001fa4f8
level03.elf,001f99f8,fun_001fa4f8,boot-hash-match 001fa4f8
level04.elf,001f2ac8,fun_001fa4f8,boot-hash-match 001fa4f8
level05.elf,0022ed48,fun_001fa4f8,boot-hash-match 001fa4f8
level06.elf,00218100,fun_001fa4f8,boot-hash-match 001fa4f8
level07.elf,00227ec8,fun_001fa4f8,boot-hash-match 001fa4f8
level08.elf,00212be0,fun_001fa4f8,boot-hash-match 001fa4f8
level09.elf,0021fd40,fun_001fa4f8,boot-hash-match 001fa4f8
level10.elf,001f36c8,fun_001fa4f8,boot-hash-match 001fa4f8
level11.elf,002319c8,fun_001fa4f8,boot-hash-match 001fa4f8
level12.elf,00222f70,fun_001fa4f8,boot-hash-match 001fa4f8
level13.elf,0020bb48,fun_001fa4f8,boot-hash-match 001fa4f8
level14.elf,00213670,fun_001fa4f8,boot-hash-match 001fa4f8
level15.elf,001f97d8,fun_001fa4f8,boot-hash-match 001fa4f8
level16.elf,001fe8c8,fun_001fa4f8,boot-hash-match 001fa4f8
level17.elf,001fd108,fun_001fa4f8,boot-hash-match 001fa4f8
level18.elf,00208e48,fun_001fa4f8,boot-hash-match 001fa4f8
level00.elf,002000e8,fast_add_rotations,boot-hash-match 001fa580
level01.elf,00221ff8,fast_add_rotations,boot-hash-match 001fa580
level02.elf,00211150,fast_add_rotations,boot-hash-match 001fa580
level03.elf,001f9a80,fast_add_rotations,boot-hash-match 001fa580
level04.elf,001f2b50,fast_add_rotations,boot-hash-match 001fa580
level05.elf,0022edd0,fast_add_rotations,boot-hash-match 001fa580
level06.elf,00218188,fast_add_rotations,boot-hash-match 001fa580
level07.elf,00227f50,fast_add_rotations,boot-hash-match 001fa580
level08.elf,00212c68,fast_add_rotations,boot-hash-match 001fa580
level09.elf,0021fdc8,fast_add_rotations,boot-hash-match 001fa580
level10.elf,001f3750,fast_add_rotations,boot-hash-match 001fa580
level11.elf,00231a50,fast_add_rotations,boot-hash-match 001fa580
level12.elf,00222ff8,fast_add_rotations,boot-hash-match 001fa580
level13.elf,0020bbd0,fast_add_rotations,boot-hash-match 001fa580
level14.elf,002136f8,fast_add_rotations,boot-hash-match 001fa580
level15.elf,001f9860,fast_add_rotations,boot-hash-match 001fa580
level16.elf,001fe950,fast_add_rotations,boot-hash-match 001fa580
level17.elf,001fd190,fast_add_rotations,boot-hash-match 001fa580
level18.elf,00208ed0,fast_add_rotations,boot-hash-match 001fa580
level00.elf,00200130,fast_subtract_rotations,boot-hash-match 001fa5c8
level01.elf,00222040,fast_subtract_rotations,boot-hash-match 001fa5c8
level02.elf,00211198,fast_subtract_rotations,boot-hash-match 001fa5c8
level03.elf,001f9ac8,fast_subtract_rotations,boot-hash-match 001fa5c8
level04.elf,001f2b98,fast_subtract_rotations,boot-hash-match 001fa5c8
level05.elf,0022ee18,fast_subtract_rotations,boot-hash-match 001fa5c8
level06.elf,002181d0,fast_subtract_rotations,boot-hash-match 001fa5c8
level07.elf,00227f98,fast_subtract_rotations,boot-hash-match 001fa5c8
level08.elf,00212cb0,fast_subtract_rotations,boot-hash-match 001fa5c8
level09.elf,0021fe10,fast_subtract_rotations,boot-hash-match 001fa5c8
level10.elf,001f3798,fast_subtract_rotations,boot-hash-match 001fa5c8
level11.elf,00231a98,fast_subtract_rotations,boot-hash-match 001fa5c8
level12.elf,00223040,fast_subtract_rotations,boot-hash-match 001fa5c8
level13.elf,0020bc18,fast_subtract_rotations,boot-hash-match 001fa5c8
level14.elf,00213740,fast_subtract_rotations,boot-hash-match 001fa5c8
level15.elf,001f98a8,fast_subtract_rotations,boot-hash-match 001fa5c8
level16.elf,001fe998,fast_subtract_rotations,boot-hash-match 001fa5c8
level17.elf,001fd1d8,fast_subtract_rotations,boot-hash-match 001fa5c8
level18.elf,00208f18,fast_subtract_rotations,boot-hash-match 001fa5c8
level00.elf,00200240,convert_integer_to_float,boot-hash-match 001fa6c0
level01.elf,00222150,convert_integer_to_float,boot-hash-match 001fa6c0
level02.elf,002112a8,convert_integer_to_float,boot-hash-match 001fa6c0
level03.elf,001f9bd8,convert_integer_to_float,boot-hash-match 001fa6c0
level04.elf,001f2ca8,convert_integer_to_float,boot-hash-match 001fa6c0
level05.elf,0022ef28,convert_integer_to_float,boot-hash-match 001fa6c0
level06.elf,002182e0,convert_integer_to_float,boot-hash-match 001fa6c0
level07.elf,002280a8,convert_integer_to_float,boot-hash-match 001fa6c0
level08.elf,00212dc0,convert_integer_to_float,boot-hash-match 001fa6c0
level09.elf,0021ff20,convert_integer_to_float,boot-hash-match 001fa6c0
level10.elf,001f38a8,convert_integer_to_float,boot-hash-match 001fa6c0
level11.elf,00231ba8,convert_integer_to_float,boot-hash-match 001fa6c0
level12.elf,00223150,convert_integer_to_float,boot-hash-match 001fa6c0
level13.elf,0020bd28,convert_integer_to_float,boot-hash-match 001fa6c0
level14.elf,00213850,convert_integer_to_float,boot-hash-match 001fa6c0
level15.elf,001f99b8,convert_integer_to_float,boot-hash-match 001fa6c0
level16.elf,001feaa8,convert_integer_to_float,boot-hash-match 001fa6c0
level17.elf,001fd2e8,convert_integer_to_float,boot-hash-match 001fa6c0
level18.elf,00209028,convert_integer_to_float,boot-hash-match 001fa6c0
level00.elf,00200250,truncate_float_to_s32,boot-hash-match 001fa6d0
level01.elf,00222160,truncate_float_to_s32,boot-hash-match 001fa6d0
level02.elf,002112b8,truncate_float_to_s32,boot-hash-match 001fa6d0
level03.elf,001f9be8,truncate_float_to_s32,boot-hash-match 001fa6d0
level04.elf,001f2cb8,truncate_float_to_s32,boot-hash-match 001fa6d0
level05.elf,0022ef38,truncate_float_to_s32,boot-hash-match 001fa6d0
level06.elf,002182f0,truncate_float_to_s32,boot-hash-match 001fa6d0
level07.elf,002280b8,truncate_float_to_s32,boot-hash-match 001fa6d0
level08.elf,00212dd0,truncate_float_to_s32,boot-hash-match 001fa6d0
level09.elf,0021ff30,truncate_float_to_s32,boot-hash-match 001fa6d0
level10.elf,001f38b8,truncate_float_to_s32,boot-hash-match 001fa6d0
level11.elf,00231bb8,truncate_float_to_s32,boot-hash-match 001fa6d0
level12.elf,00223160,truncate_float_to_s32,boot-hash-match 001fa6d0
level13.elf,0020bd38,truncate_float_to_s32,boot-hash-match 001fa6d0
level14.elf,00213860,truncate_float_to_s32,boot-hash-match 001fa6d0
level15.elf,001f99c8,truncate_float_to_s32,boot-hash-match 001fa6d0
level16.elf,001feab8,truncate_float_to_s32,boot-hash-match 001fa6d0
level17.elf,001fd2f8,truncate_float_to_s32,boot-hash-match 001fa6d0
level18.elf,00209038,truncate_float_to_s32,boot-hash-match 001fa6d0
level00.elf,002003d8,fun_001fa820,boot-hash-match 001fa820
level01.elf,002222e8,fun_001fa820,boot-hash-match 001fa820
level02.elf,00211440,fun_001fa820,boot-hash-match 001fa820
level03.elf,001f9d70,fun_001fa820,boot-hash-match 001fa820
level04.elf,001f2e40,fun_001fa820,boot-hash-match 001fa820
level05.elf,0022f0c0,fun_001fa820,boot-hash-match 001fa820
level06.elf,00218478,fun_001fa820,boot-hash-match 001fa820
level07.elf,00228240,fun_001fa820,boot-hash-match 001fa820
level08.elf,00212f58,fun_001fa820,boot-hash-match 001fa820
level09.elf,002200b8,fun_001fa820,boot-hash-match 001fa820
level10.elf,001f3a40,fun_001fa820,boot-hash-match 001fa820
level11.elf,00231d40,fun_001fa820,boot-hash-match 001fa820
level12.elf,002232e8,fun_001fa820,boot-hash-match 001fa820
level13.elf,0020bec0,fun_001fa820,boot-hash-match 001fa820
level14.elf,002139e8,fun_001fa820,boot-hash-match 001fa820
level15.elf,001f9b50,fun_001fa820,boot-hash-match 001fa820
level16.elf,001fec40,fun_001fa820,boot-hash-match 001fa820
level17.elf,001fd480,fun_001fa820,boot-hash-match 001fa820
level18.elf,002091c0,fun_001fa820,boot-hash-match 001fa820
level00.elf,00200fd8,append_gif_transfer_packet,boot-hash-match 001fb368
level01.elf,00222ee8,append_gif_transfer_packet,boot-hash-match 001fb368
level02.elf,00212040,append_gif_transfer_packet,boot-hash-match 001fb368
level03.elf,001fa970,append_gif_transfer_packet,boot-hash-match 001fb368
level04.elf,001f45b8,append_gif_transfer_packet,boot-hash-match 001fb368
level05.elf,0022fcc0,append_gif_transfer_packet,boot-hash-match 001fb368
level06.elf,00219078,append_gif_transfer_packet,boot-hash-match 001fb368
level07.elf,00228e40,append_gif_transfer_packet,boot-hash-match 001fb368
level08.elf,00213b58,append_gif_transfer_packet,boot-hash-match 001fb368
level09.elf,00220cb8,append_gif_transfer_packet,boot-hash-match 001fb368
level10.elf,001f4640,append_gif_transfer_packet,boot-hash-match 001fb368
level11.elf,00232940,append_gif_transfer_packet,boot-hash-match 001fb368
level12.elf,00223ee8,append_gif_transfer_packet,boot-hash-match 001fb368
level13.elf,0020cac0,append_gif_transfer_packet,boot-hash-match 001fb368
level14.elf,002145e8,append_gif_transfer_packet,boot-hash-match 001fb368
level15.elf,001fa750,append_gif_transfer_packet,boot-hash-match 001fb368
level16.elf,001ff840,append_gif_transfer_packet,boot-hash-match 001fb368
level17.elf,001fe080,append_gif_transfer_packet,boot-hash-match 001fb368
level18.elf,00209dc0,append_gif_transfer_packet,boot-hash-match 001fb368
level00.elf,002010b0,fun_001fb440,boot-hash-match 001fb440
level01.elf,00222fc0,fun_001fb440,boot-hash-match 001fb440
level02.elf,00212118,fun_001fb440,boot-hash-match 001fb440
level03.elf,001faa48,fun_001fb440,boot-hash-match 001fb440
level04.elf,001f4690,fun_001fb440,boot-hash-match 001fb440
level05.elf,0022fd98,fun_001fb440,boot-hash-match 001fb440
level06.elf,00219150,fun_001fb440,boot-hash-match 001fb440
level07.elf,00228f18,fun_001fb440,boot-hash-match 001fb440
level08.elf,00213c30,fun_001fb440,boot-hash-match 001fb440
level09.elf,00220d90,fun_001fb440,boot-hash-match 001fb440
level10.elf,001f4718,fun_001fb440,boot-hash-match 001fb440
level11.elf,00232a18,fun_001fb440,boot-hash-match 001fb440
level12.elf,00223fc0,fun_001fb440,boot-hash-match 001fb440
level13.elf,0020cb98,fun_001fb440,boot-hash-match 001fb440
level14.elf,002146c0,fun_001fb440,boot-hash-match 001fb440
level15.elf,001fa828,fun_001fb440,boot-hash-match 001fb440
level16.elf,001ff918,fun_001fb440,boot-hash-match 001fb440
level17.elf,001fe158,fun_001fb440,boot-hash-match 001fb440
level18.elf,00209e98,fun_001fb440,boot-hash-match 001fb440
level00.elf,002013b0,fun_001fb740,boot-hash-match 001fb740
level01.elf,002232c0,fun_001fb740,boot-hash-match 001fb740
level02.elf,00212418,fun_001fb740,boot-hash-match 001fb740
level03.elf,001fad48,fun_001fb740,boot-hash-match 001fb740
level04.elf,001f4990,fun_001fb740,boot-hash-match 001fb740
level05.elf,00230098,fun_001fb740,boot-hash-match 001fb740
level06.elf,00219450,fun_001fb740,boot-hash-match 001fb740
level07.elf,00229218,fun_001fb740,boot-hash-match 001fb740
level08.elf,00213f30,fun_001fb740,boot-hash-match 001fb740
level09.elf,00221090,fun_001fb740,boot-hash-match 001fb740
level10.elf,001f4a18,fun_001fb740,boot-hash-match 001fb740
level11.elf,00232d18,fun_001fb740,boot-hash-match 001fb740
level12.elf,002242c0,fun_001fb740,boot-hash-match 001fb740
level13.elf,0020ce98,fun_001fb740,boot-hash-match 001fb740
level14.elf,002149c0,fun_001fb740,boot-hash-match 001fb740
level15.elf,001fab28,fun_001fb740,boot-hash-match 001fb740
level16.elf,001ffc18,fun_001fb740,boot-hash-match 001fb740
level17.elf,001fe458,fun_001fb740,boot-hash-match 001fb740
level18.elf,0020a198,fun_001fb740,boot-hash-match 001fb740
level00.elf,00203358,calculate_ring_buffer_bounds,boot-hash-match 001fd6e0
level01.elf,00225268,calculate_ring_buffer_bounds,boot-hash-match 001fd6e0
level02.elf,002143c0,calculate_ring_buffer_bounds,boot-hash-match 001fd6e0
level03.elf,001fccf0,calculate_ring_buffer_bounds,boot-hash-match 001fd6e0
level04.elf,001f6938,calculate_ring_buffer_bounds,boot-hash-match 001fd6e0
level05.elf,00232040,calculate_ring_buffer_bounds,boot-hash-match 001fd6e0
level06.elf,0021b3f8,calculate_ring_buffer_bounds,boot-hash-match 001fd6e0
level07.elf,0022b1c0,calculate_ring_buffer_bounds,boot-hash-match 001fd6e0
level08.elf,00215ed8,calculate_ring_buffer_bounds,boot-hash-match 001fd6e0
level09.elf,00223038,calculate_ring_buffer_bounds,boot-hash-match 001fd6e0
level10.elf,001f69c0,calculate_ring_buffer_bounds,boot-hash-match 001fd6e0
level11.elf,00234cc0,calculate_ring_buffer_bounds,boot-hash-match 001fd6e0
level12.elf,00226268,calculate_ring_buffer_bounds,boot-hash-match 001fd6e0
level13.elf,0020ee40,calculate_ring_buffer_bounds,boot-hash-match 001fd6e0
level14.elf,00216968,calculate_ring_buffer_bounds,boot-hash-match 001fd6e0
level15.elf,001fcad0,calculate_ring_buffer_bounds,boot-hash-match 001fd6e0
level16.elf,00201bc0,calculate_ring_buffer_bounds,boot-hash-match 001fd6e0
level17.elf,00200400,calculate_ring_buffer_bounds,boot-hash-match 001fd6e0
level18.elf,0020c140,calculate_ring_buffer_bounds,boot-hash-match 001fd6e0
level00.elf,00204af8,fun_001fecc8,boot-hash-match 001fecc8
level01.elf,00226a08,fun_001fecc8,boot-hash-match 001fecc8
level02.elf,00215b60,fun_001fecc8,boot-hash-match 001fecc8
level03.elf,001fe490,fun_001fecc8,boot-hash-match 001fecc8
level04.elf,001f80d8,fun_001fecc8,boot-hash-match 001fecc8
level05.elf,002337e0,fun_001fecc8,boot-hash-match 001fecc8
level06.elf,0021cb98,fun_001fecc8,boot-hash-match 001fecc8
level07.elf,0022c960,fun_001fecc8,boot-hash-match 001fecc8
level08.elf,00217678,fun_001fecc8,boot-hash-match 001fecc8
level09.elf,002247d8,fun_001fecc8,boot-hash-match 001fecc8
level10.elf,001f8160,fun_001fecc8,boot-hash-match 001fecc8
level11.elf,00236460,fun_001fecc8,boot-hash-match 001fecc8
level12.elf,00227a08,fun_001fecc8,boot-hash-match 001fecc8
level13.elf,002105e0,fun_001fecc8,boot-hash-match 001fecc8
level14.elf,00218108,fun_001fecc8,boot-hash-match 001fecc8
level15.elf,001fe270,fun_001fecc8,boot-hash-match 001fecc8
level16.elf,00203360,fun_001fecc8,boot-hash-match 001fecc8
level17.elf,00201ba0,fun_001fecc8,boot-hash-match 001fecc8
level18.elf,0020d8e0,fun_001fecc8,boot-hash-match 001fecc8
level00.elf,00234e98,fun_001fee88,boot-hash-match 001fee88
level01.elf,0024a530,fun_001fee88,boot-hash-match 001fee88
level02.elf,002383f0,fun_001fee88,boot-hash-match 001fee88
level03.elf,00224668,fun_001fee88,boot-hash-match 001fee88
level04.elf,00228478,fun_001fee88,boot-hash-match 001fee88
level05.elf,0025e210,fun_001fee88,boot-hash-match 001fee88
level06.elf,00244c58,fun_001fee88,boot-hash-match 001fee88
level07.elf,0025cd00,fun_001fee88,boot-hash-match 001fee88
level08.elf,00240108,fun_001fee88,boot-hash-match 001fee88
level09.elf,00254b78,fun_001fee88,boot-hash-match 001fee88
level10.elf,00228500,fun_001fee88,boot-hash-match 001fee88
level11.elf,0025b8c8,fun_001fee88,boot-hash-match 001fee88
level12.elf,0024e708,fun_001fee88,boot-hash-match 001fee88
level13.elf,00240980,fun_001fee88,boot-hash-match 001fee88
level14.elf,0023e198,fun_001fee88,boot-hash-match 001fee88
level15.elf,00225a90,fun_001fee88,boot-hash-match 001fee88
level16.elf,00230920,fun_001fee88,boot-hash-match 001fee88
level17.elf,00230180,fun_001fee88,boot-hash-match 001fee88
level18.elf,00238478,fun_001fee88,boot-hash-match 001fee88
level00.elf,00235700,queue_animation_update,boot-hash-match 001ff308
level01.elf,0024ad98,queue_animation_update,boot-hash-match 001ff308
level02.elf,00238c58,queue_animation_update,boot-hash-match 001ff308
level03.elf,00224ed0,queue_animation_update,boot-hash-match 001ff308
level04.elf,00228ce0,queue_animation_update,boot-hash-match 001ff308
level05.elf,0025ea78,queue_animation_update,boot-hash-match 001ff308
level06.elf,002454c0,queue_animation_update,boot-hash-match 001ff308
level07.elf,0025d568,queue_animation_update,boot-hash-match 001ff308
level08.elf,00240970,queue_animation_update,boot-hash-match 001ff308
level09.elf,002553e0,queue_animation_update,boot-hash-match 001ff308
level10.elf,00228d68,queue_animation_update,boot-hash-match 001ff308
level11.elf,0025c130,queue_animation_update,boot-hash-match 001ff308
level12.elf,0024ef70,queue_animation_update,boot-hash-match 001ff308
level13.elf,002411e8,queue_animation_update,boot-hash-match 001ff308
level14.elf,0023ea00,queue_animation_update,boot-hash-match 001ff308
level15.elf,002262f8,queue_animation_update,boot-hash-match 001ff308
level16.elf,00231188,queue_animation_update,boot-hash-match 001ff308
level17.elf,002309e8,queue_animation_update,boot-hash-match 001ff308
level18.elf,00238ce0,queue_animation_update,boot-hash-match 001ff308
level00.elf,00235810,apply_pending_animation,boot-hash-match 001ff418
level01.elf,0024aea8,apply_pending_animation,boot-hash-match 001ff418
level02.elf,00238d68,apply_pending_animation,boot-hash-match 001ff418
level03.elf,00224fe0,apply_pending_animation,boot-hash-match 001ff418
level04.elf,00228df0,apply_pending_animation,boot-hash-match 001ff418
level05.elf,0025eb88,apply_pending_animation,boot-hash-match 001ff418
level06.elf,002455d0,apply_pending_animation,boot-hash-match 001ff418
level07.elf,0025d678,apply_pending_animation,boot-hash-match 001ff418
level08.elf,00240a80,apply_pending_animation,boot-hash-match 001ff418
level09.elf,002554f0,apply_pending_animation,boot-hash-match 001ff418
level10.elf,00228e78,apply_pending_animation,boot-hash-match 001ff418
level11.elf,0025c240,apply_pending_animation,boot-hash-match 001ff418
level12.elf,0024f080,apply_pending_animation,boot-hash-match 001ff418
level13.elf,002412f8,apply_pending_animation,boot-hash-match 001ff418
level14.elf,0023eb10,apply_pending_animation,boot-hash-match 001ff418
level15.elf,00226408,apply_pending_animation,boot-hash-match 001ff418
level16.elf,00231298,apply_pending_animation,boot-hash-match 001ff418
level17.elf,00230af8,apply_pending_animation,boot-hash-match 001ff418
level18.elf,00238df0,apply_pending_animation,boot-hash-match 001ff418
level00.elf,00235908,fun_001ff480,boot-hash-match 001ff480
level01.elf,0024afa0,fun_001ff480,boot-hash-match 001ff480
level02.elf,00238e60,fun_001ff480,boot-hash-match 001ff480
level03.elf,002250d8,fun_001ff480,boot-hash-match 001ff480
level04.elf,00228ee8,fun_001ff480,boot-hash-match 001ff480
level05.elf,0025ec80,fun_001ff480,boot-hash-match 001ff480
level06.elf,002456c8,fun_001ff480,boot-hash-match 001ff480
level07.elf,0025d770,fun_001ff480,boot-hash-match 001ff480
level08.elf,00240b78,fun_001ff480,boot-hash-match 001ff480
level09.elf,002555e8,fun_001ff480,boot-hash-match 001ff480
level10.elf,00228f70,fun_001ff480,boot-hash-match 001ff480
level11.elf,0025c338,fun_001ff480,boot-hash-match 001ff480
level12.elf,0024f178,fun_001ff480,boot-hash-match 001ff480
level13.elf,002413f0,fun_001ff480,boot-hash-match 001ff480
level14.elf,0023ec08,fun_001ff480,boot-hash-match 001ff480
level15.elf,00226500,fun_001ff480,boot-hash-match 001ff480
level16.elf,00231390,fun_001ff480,boot-hash-match 001ff480
level17.elf,00230bf0,fun_001ff480,boot-hash-match 001ff480
level18.elf,00238ee8,fun_001ff480,boot-hash-match 001ff480
level00.elf,00235988,load_animation_definition,boot-hash-match 001ff500
level01.elf,0024b020,load_animation_definition,boot-hash-match 001ff500
level02.elf,00238ee0,load_animation_definition,boot-hash-match 001ff500
level03.elf,00225158,load_animation_definition,boot-hash-match 001ff500
level04.elf,00228f68,load_animation_definition,boot-hash-match 001ff500
level05.elf,0025ed00,load_animation_definition,boot-hash-match 001ff500
level06.elf,00245748,load_animation_definition,boot-hash-match 001ff500
level07.elf,0025d7f0,load_animation_definition,boot-hash-match 001ff500
level08.elf,00240bf8,load_animation_definition,boot-hash-match 001ff500
level09.elf,00255668,load_animation_definition,boot-hash-match 001ff500
level10.elf,00228ff0,load_animation_definition,boot-hash-match 001ff500
level11.elf,0025c3b8,load_animation_definition,boot-hash-match 001ff500
level12.elf,0024f1f8,load_animation_definition,boot-hash-match 001ff500
level13.elf,00241470,load_animation_definition,boot-hash-match 001ff500
level14.elf,0023ec88,load_animation_definition,boot-hash-match 001ff500
level15.elf,00226580,load_animation_definition,boot-hash-match 001ff500
level16.elf,00231410,load_animation_definition,boot-hash-match 001ff500
level17.elf,00230c70,load_animation_definition,boot-hash-match 001ff500
level18.elf,00238f68,load_animation_definition,boot-hash-match 001ff500
level00.elf,0023af30,update_resource_counter,boot-hash-match 001ff768
level01.elf,0024fb38,update_resource_counter,boot-hash-match 001ff768
level02.elf,0023d610,update_resource_counter,boot-hash-match 001ff768
level03.elf,00229c70,update_resource_counter,boot-hash-match 001ff768
level04.elf,0022e510,update_resource_counter,boot-hash-match 001ff768
level05.elf,00264320,update_resource_counter,boot-hash-match 001ff768
level06.elf,0024a7e0,update_resource_counter,boot-hash-match 001ff768
level07.elf,00263120,update_resource_counter,boot-hash-match 001ff768
level08.elf,00245710,update_resource_counter,boot-hash-match 001ff768
level09.elf,0025ac10,update_resource_counter,boot-hash-match 001ff768
level10.elf,0022e598,update_resource_counter,boot-hash-match 001ff768
level11.elf,00260ed0,update_resource_counter,boot-hash-match 001ff768
level12.elf,00253d10,update_resource_counter,boot-hash-match 001ff768
level13.elf,00246da0,update_resource_counter,boot-hash-match 001ff768
level14.elf,00242f08,update_resource_counter,boot-hash-match 001ff768
level15.elf,0022b098,update_resource_counter,boot-hash-match 001ff768
level16.elf,00236a30,update_resource_counter,boot-hash-match 001ff768
level17.elf,00236218,update_resource_counter,boot-hash-match 001ff768
level18.elf,0023de08,update_resource_counter,boot-hash-match 001ff768
level00.elf,0023b4d8,fun_001ffc30,boot-hash-match 001ffc30
level01.elf,002500e0,fun_001ffc30,boot-hash-match 001ffc30
level02.elf,0023dbb8,fun_001ffc30,boot-hash-match 001ffc30
level03.elf,0022a218,fun_001ffc30,boot-hash-match 001ffc30
level04.elf,0022eab8,fun_001ffc30,boot-hash-match 001ffc30
level05.elf,002648c8,fun_001ffc30,boot-hash-match 001ffc30
level06.elf,0024ad88,fun_001ffc30,boot-hash-match 001ffc30
level07.elf,002636c8,fun_001ffc30,boot-hash-match 001ffc30
level08.elf,00245cb8,fun_001ffc30,boot-hash-match 001ffc30
level09.elf,0025b1b8,fun_001ffc30,boot-hash-match 001ffc30
level10.elf,0022eb40,fun_001ffc30,boot-hash-match 001ffc30
level11.elf,00261478,fun_001ffc30,boot-hash-match 001ffc30
level12.elf,002542b8,fun_001ffc30,boot-hash-match 001ffc30
level13.elf,00247348,fun_001ffc30,boot-hash-match 001ffc30
level14.elf,002434b0,fun_001ffc30,boot-hash-match 001ffc30
level15.elf,0022b640,fun_001ffc30,boot-hash-match 001ffc30
level16.elf,00236fd8,fun_001ffc30,boot-hash-match 001ffc30
level17.elf,002367c0,fun_001ffc30,boot-hash-match 001ffc30
level18.elf,0023e3b0,fun_001ffc30,boot-hash-match 001ffc30
level00.elf,0023bd20,fun_00200080,boot-hash-match 00200080
level01.elf,00250928,fun_00200080,boot-hash-match 00200080
level02.elf,0023e400,fun_00200080,boot-hash-match 00200080
level03.elf,0022aa60,fun_00200080,boot-hash-match 00200080
level04.elf,0022f300,fun_00200080,boot-hash-match 00200080
level05.elf,00265110,fun_00200080,boot-hash-match 00200080
level06.elf,0024b5d0,fun_00200080,boot-hash-match 00200080
level07.elf,00263f10,fun_00200080,boot-hash-match 00200080
level08.elf,00246500,fun_00200080,boot-hash-match 00200080
level09.elf,0025ba00,fun_00200080,boot-hash-match 00200080
level10.elf,0022f388,fun_00200080,boot-hash-match 00200080
level11.elf,00261cc0,fun_00200080,boot-hash-match 00200080
level12.elf,00254b00,fun_00200080,boot-hash-match 00200080
level13.elf,00247b90,fun_00200080,boot-hash-match 00200080
level14.elf,00243cf8,fun_00200080,boot-hash-match 00200080
level15.elf,0022be88,fun_00200080,boot-hash-match 00200080
level16.elf,00237820,fun_00200080,boot-hash-match 00200080
level17.elf,00237008,fun_00200080,boot-hash-match 00200080
level18.elf,0023ebf8,fun_00200080,boot-hash-match 00200080
level00.elf,0023bef8,fun_00200258,boot-hash-match 00200258
level01.elf,00250b00,fun_00200258,boot-hash-match 00200258
level02.elf,0023e5d8,fun_00200258,boot-hash-match 00200258
level03.elf,0022ac38,fun_00200258,boot-hash-match 00200258
level04.elf,0022f4d8,fun_00200258,boot-hash-match 00200258
level05.elf,002652e8,fun_00200258,boot-hash-match 00200258
level06.elf,0024b7a8,fun_00200258,boot-hash-match 00200258
level07.elf,002640e8,fun_00200258,boot-hash-match 00200258
level08.elf,002466d8,fun_00200258,boot-hash-match 00200258
level09.elf,0025bbd8,fun_00200258,boot-hash-match 00200258
level10.elf,0022f560,fun_00200258,boot-hash-match 00200258
level11.elf,00261e98,fun_00200258,boot-hash-match 00200258
level12.elf,00254cd8,fun_00200258,boot-hash-match 00200258
level13.elf,00247d68,fun_00200258,boot-hash-match 00200258
level14.elf,00243ed0,fun_00200258,boot-hash-match 00200258
level15.elf,0022c060,fun_00200258,boot-hash-match 00200258
level16.elf,002379f8,fun_00200258,boot-hash-match 00200258
level17.elf,002371e0,fun_00200258,boot-hash-match 00200258
level18.elf,0023edd0,fun_00200258,boot-hash-match 00200258
level00.elf,0023c108,fun_00200468,boot-hash-match 00200468
level01.elf,00250d10,fun_00200468,boot-hash-match 00200468
level02.elf,0023e7e8,fun_00200468,boot-hash-match 00200468
level03.elf,0022ae48,fun_00200468,boot-hash-match 00200468
level04.elf,0022f6e8,fun_00200468,boot-hash-match 00200468
level05.elf,002654f8,fun_00200468,boot-hash-match 00200468
level06.elf,0024b9b8,fun_00200468,boot-hash-match 00200468
level07.elf,002642f8,fun_00200468,boot-hash-match 00200468
level08.elf,002468e8,fun_00200468,boot-hash-match 00200468
level09.elf,0025bde8,fun_00200468,boot-hash-match 00200468
level10.elf,0022f770,fun_00200468,boot-hash-match 00200468
level11.elf,002620a8,fun_00200468,boot-hash-match 00200468
level12.elf,00254ee8,fun_00200468,boot-hash-match 00200468
level13.elf,00247f78,fun_00200468,boot-hash-match 00200468
level14.elf,002440e0,fun_00200468,boot-hash-match 00200468
level15.elf,0022c270,fun_00200468,boot-hash-match 00200468
level16.elf,00237c08,fun_00200468,boot-hash-match 00200468
level17.elf,002373f0,fun_00200468,boot-hash-match 00200468
level18.elf,0023efe0,fun_00200468,boot-hash-match 00200468
level00.elf,0023c2a0,fun_00200600,boot-hash-match 00200600
level01.elf,00250ea8,fun_00200600,boot-hash-match 00200600
level02.elf,0023e980,fun_00200600,boot-hash-match 00200600
level03.elf,0022afe0,fun_00200600,boot-hash-match 00200600
level04.elf,0022f880,fun_00200600,boot-hash-match 00200600
level05.elf,00265690,fun_00200600,boot-hash-match 00200600
level06.elf,0024bb50,fun_00200600,boot-hash-match 00200600
level07.elf,00264490,fun_00200600,boot-hash-match 00200600
level08.elf,00246a80,fun_00200600,boot-hash-match 00200600
level09.elf,0025bf80,fun_00200600,boot-hash-match 00200600
level10.elf,0022f908,fun_00200600,boot-hash-match 00200600
level11.elf,00262240,fun_00200600,boot-hash-match 00200600
level12.elf,00255080,fun_00200600,boot-hash-match 00200600
level13.elf,00248110,fun_00200600,boot-hash-match 00200600
level14.elf,00244278,fun_00200600,boot-hash-match 00200600
level15.elf,0022c408,fun_00200600,boot-hash-match 00200600
level16.elf,00237da0,fun_00200600,boot-hash-match 00200600
level17.elf,00237588,fun_00200600,boot-hash-match 00200600
level18.elf,0023f178,fun_00200600,boot-hash-match 00200600
level00.elf,0023c5f8,fun_00200958,boot-hash-match 00200958
level01.elf,00251200,fun_00200958,boot-hash-match 00200958
level02.elf,0023ecd8,fun_00200958,boot-hash-match 00200958
level03.elf,0022b338,fun_00200958,boot-hash-match 00200958
level04.elf,0022fbd8,fun_00200958,boot-hash-match 00200958
level05.elf,002659e8,fun_00200958,boot-hash-match 00200958
level06.elf,0024bea8,fun_00200958,boot-hash-match 00200958
level07.elf,002647e8,fun_00200958,boot-hash-match 00200958
level08.elf,00246dd8,fun_00200958,boot-hash-match 00200958
level09.elf,0025c2d8,fun_00200958,boot-hash-match 00200958
level10.elf,0022fc60,fun_00200958,boot-hash-match 00200958
level11.elf,00262598,fun_00200958,boot-hash-match 00200958
level12.elf,002553d8,fun_00200958,boot-hash-match 00200958
level13.elf,00248468,fun_00200958,boot-hash-match 00200958
level14.elf,002445d0,fun_00200958,boot-hash-match 00200958
level15.elf,0022c760,fun_00200958,boot-hash-match 00200958
level16.elf,002380f8,fun_00200958,boot-hash-match 00200958
level17.elf,002378e0,fun_00200958,boot-hash-match 00200958
level18.elf,0023f4d0,fun_00200958,boot-hash-match 00200958
level00.elf,0023c920,fun_00200c80,boot-hash-match 00200c80
level01.elf,00251528,fun_00200c80,boot-hash-match 00200c80
level02.elf,0023f000,fun_00200c80,boot-hash-match 00200c80
level03.elf,0022b660,fun_00200c80,boot-hash-match 00200c80
level04.elf,0022ff00,fun_00200c80,boot-hash-match 00200c80
level05.elf,00265d10,fun_00200c80,boot-hash-match 00200c80
level06.elf,0024c1d0,fun_00200c80,boot-hash-match 00200c80
level07.elf,00264b10,fun_00200c80,boot-hash-match 00200c80
level08.elf,00247100,fun_00200c80,boot-hash-match 00200c80
level09.elf,0025c600,fun_00200c80,boot-hash-match 00200c80
level10.elf,0022ff88,fun_00200c80,boot-hash-match 00200c80
level11.elf,002628c0,fun_00200c80,boot-hash-match 00200c80
level12.elf,00255700,fun_00200c80,boot-hash-match 00200c80
level13.elf,00248790,fun_00200c80,boot-hash-match 00200c80
level14.elf,002448f8,fun_00200c80,boot-hash-match 00200c80
level15.elf,0022ca88,fun_00200c80,boot-hash-match 00200c80
level16.elf,00238420,fun_00200c80,boot-hash-match 00200c80
level17.elf,00237c08,fun_00200c80,boot-hash-match 00200c80
level18.elf,0023f7f8,fun_00200c80,boot-hash-match 00200c80
level00.elf,0023caa8,fun_00200e08,boot-hash-match 00200e08
level01.elf,002516b0,fun_00200e08,boot-hash-match 00200e08
level02.elf,0023f188,fun_00200e08,boot-hash-match 00200e08
level03.elf,0022b7e8,fun_00200e08,boot-hash-match 00200e08
level04.elf,00230088,fun_00200e08,boot-hash-match 00200e08
level05.elf,00265e98,fun_00200e08,boot-hash-match 00200e08
level06.elf,0024c358,fun_00200e08,boot-hash-match 00200e08
level07.elf,00264c98,fun_00200e08,boot-hash-match 00200e08
level08.elf,00247288,fun_00200e08,boot-hash-match 00200e08
level09.elf,0025c788,fun_00200e08,boot-hash-match 00200e08
level10.elf,00230110,fun_00200e08,boot-hash-match 00200e08
level11.elf,00262a48,fun_00200e08,boot-hash-match 00200e08
level12.elf,00255888,fun_00200e08,boot-hash-match 00200e08
level13.elf,00248918,fun_00200e08,boot-hash-match 00200e08
level14.elf,00244a80,fun_00200e08,boot-hash-match 00200e08
level15.elf,0022cc10,fun_00200e08,boot-hash-match 00200e08
level16.elf,002385a8,fun_00200e08,boot-hash-match 00200e08
level17.elf,00237d90,fun_00200e08,boot-hash-match 00200e08
level18.elf,0023f980,fun_00200e08,boot-hash-match 00200e08
level00.elf,0023cea8,draw_stretchable_ui_frame,boot-hash-match 00201128
level01.elf,00251ab0,draw_stretchable_ui_frame,boot-hash-match 00201128
level02.elf,0023f588,draw_stretchable_ui_frame,boot-hash-match 00201128
level03.elf,0022bbe8,draw_stretchable_ui_frame,boot-hash-match 00201128
level04.elf,00230488,draw_stretchable_ui_frame,boot-hash-match 00201128
level05.elf,00266a60,draw_stretchable_ui_frame,boot-hash-match 00201128
level06.elf,0024c758,draw_stretchable_ui_frame,boot-hash-match 00201128
level07.elf,00265098,draw_stretchable_ui_frame,boot-hash-match 00201128
level08.elf,00247688,draw_stretchable_ui_frame,boot-hash-match 00201128
level09.elf,0025cb88,draw_stretchable_ui_frame,boot-hash-match 00201128
level10.elf,00230510,draw_stretchable_ui_frame,boot-hash-match 00201128
level11.elf,00262e48,draw_stretchable_ui_frame,boot-hash-match 00201128
level12.elf,00255c88,draw_stretchable_ui_frame,boot-hash-match 00201128
level13.elf,00248d18,draw_stretchable_ui_frame,boot-hash-match 00201128
level14.elf,00244e80,draw_stretchable_ui_frame,boot-hash-match 00201128
level15.elf,0022d010,draw_stretchable_ui_frame,boot-hash-match 00201128
level16.elf,00239170,draw_stretchable_ui_frame,boot-hash-match 00201128
level17.elf,00238190,draw_stretchable_ui_frame,boot-hash-match 00201128
level18.elf,0023fd80,draw_stretchable_ui_frame,boot-hash-match 00201128
level00.elf,0023edc0,refresh_point_light,boot-hash-match 00201f58
level01.elf,00252dd8,refresh_point_light,boot-hash-match 00201f58
level02.elf,00240910,refresh_point_light,boot-hash-match 00201f58
level02.elf,002a48a0,refresh_point_light,boot-hash-match 00201f58
level03.elf,0022d098,refresh_point_light,boot-hash-match 00201f58
level03.elf,002eb3a0,refresh_point_light,boot-hash-match 00201f58
level04.elf,002317b0,refresh_point_light,boot-hash-match 00201f58
level04.elf,002f03e0,refresh_point_light,boot-hash-match 00201f58
level05.elf,00267d88,refresh_point_light,boot-hash-match 00201f58
level05.elf,00328f18,refresh_point_light,boot-hash-match 00201f58
level06.elf,0024da80,refresh_point_light,boot-hash-match 00201f58
level06.elf,00314748,refresh_point_light,boot-hash-match 00201f58
level07.elf,00266418,refresh_point_light,boot-hash-match 00201f58
level07.elf,00328028,refresh_point_light,boot-hash-match 00201f58
level08.elf,002489b0,refresh_point_light,boot-hash-match 00201f58
level09.elf,0025deb0,refresh_point_light,boot-hash-match 00201f58
level09.elf,003141b8,refresh_point_light,boot-hash-match 00201f58
level10.elf,00231838,refresh_point_light,boot-hash-match 00201f58
level10.elf,002f4ab0,refresh_point_light,boot-hash-match 00201f58
level11.elf,00264170,refresh_point_light,boot-hash-match 00201f58
level11.elf,00327a28,refresh_point_light,boot-hash-match 00201f58
level12.elf,00256fb0,refresh_point_light,boot-hash-match 00201f58
level12.elf,00314888,refresh_point_light,boot-hash-match 00201f58
level13.elf,0024a040,refresh_point_light,boot-hash-match 00201f58
level13.elf,00316ae0,refresh_point_light,boot-hash-match 00201f58
level14.elf,00246950,refresh_point_light,boot-hash-match 00201f58
level14.elf,00313178,refresh_point_light,boot-hash-match 00201f58
level15.elf,0022e3c0,refresh_point_light,boot-hash-match 00201f58
level15.elf,002f6918,refresh_point_light,boot-hash-match 00201f58
level16.elf,0023a498,refresh_point_light,boot-hash-match 00201f58
level16.elf,002f3a20,refresh_point_light,boot-hash-match 00201f58
level17.elf,002394b8,refresh_point_light,boot-hash-match 00201f58
level17.elf,002ffed0,refresh_point_light,boot-hash-match 00201f58
level18.elf,002410a8,refresh_point_light,boot-hash-match 00201f58
level18.elf,003052b0,refresh_point_light,boot-hash-match 00201f58
level00.elf,0023f1d8,fun_00202270,boot-hash-match 00202270
level01.elf,002531f0,fun_00202270,boot-hash-match 00202270
level02.elf,00240d28,fun_00202270,boot-hash-match 00202270
level03.elf,0022d4b0,fun_00202270,boot-hash-match 00202270
level04.elf,00231bc8,fun_00202270,boot-hash-match 00202270
level05.elf,002681a0,fun_00202270,boot-hash-match 00202270
level06.elf,0024de98,fun_00202270,boot-hash-match 00202270
level07.elf,00266830,fun_00202270,boot-hash-match 00202270
level08.elf,00248dc8,fun_00202270,boot-hash-match 00202270
level09.elf,0025e2c8,fun_00202270,boot-hash-match 00202270
level10.elf,00231c50,fun_00202270,boot-hash-match 00202270
level11.elf,00264588,fun_00202270,boot-hash-match 00202270
level12.elf,002573c8,fun_00202270,boot-hash-match 00202270
level13.elf,0024a458,fun_00202270,boot-hash-match 00202270
level14.elf,00246d68,fun_00202270,boot-hash-match 00202270
level15.elf,0022e7d8,fun_00202270,boot-hash-match 00202270
level16.elf,0023a8b0,fun_00202270,boot-hash-match 00202270
level17.elf,002398d0,fun_00202270,boot-hash-match 00202270
level18.elf,002414c0,fun_00202270,boot-hash-match 00202270
level00.elf,0023f768,fun_00202800,boot-hash-match 00202800
level01.elf,00253780,fun_00202800,boot-hash-match 00202800
level02.elf,002412b8,fun_00202800,boot-hash-match 00202800
level03.elf,0022da40,fun_00202800,boot-hash-match 00202800
level04.elf,00232158,fun_00202800,boot-hash-match 00202800
level05.elf,00268730,fun_00202800,boot-hash-match 00202800
level06.elf,0024e428,fun_00202800,boot-hash-match 00202800
level07.elf,00266dc0,fun_00202800,boot-hash-match 00202800
level08.elf,00249358,fun_00202800,boot-hash-match 00202800
level09.elf,0025e858,fun_00202800,boot-hash-match 00202800
level10.elf,002321e0,fun_00202800,boot-hash-match 00202800
level11.elf,00264b18,fun_00202800,boot-hash-match 00202800
level12.elf,00257958,fun_00202800,boot-hash-match 00202800
level13.elf,0024a9e8,fun_00202800,boot-hash-match 00202800
level14.elf,002472f8,fun_00202800,boot-hash-match 00202800
level15.elf,0022ed68,fun_00202800,boot-hash-match 00202800
level16.elf,0023ae40,fun_00202800,boot-hash-match 00202800
level17.elf,00239e60,fun_00202800,boot-hash-match 00202800
level18.elf,00241a50,fun_00202800,boot-hash-match 00202800
level00.elf,0023f848,fun_002028e0,boot-hash-match 002028e0
level01.elf,00253860,fun_002028e0,boot-hash-match 002028e0
level02.elf,00241398,fun_002028e0,boot-hash-match 002028e0
level03.elf,0022db20,fun_002028e0,boot-hash-match 002028e0
level04.elf,00232238,fun_002028e0,boot-hash-match 002028e0
level05.elf,00268810,fun_002028e0,boot-hash-match 002028e0
level06.elf,0024e508,fun_002028e0,boot-hash-match 002028e0
level07.elf,00266ea0,fun_002028e0,boot-hash-match 002028e0
level08.elf,00249438,fun_002028e0,boot-hash-match 002028e0
level09.elf,0025e938,fun_002028e0,boot-hash-match 002028e0
level10.elf,002322c0,fun_002028e0,boot-hash-match 002028e0
level11.elf,00264bf8,fun_002028e0,boot-hash-match 002028e0
level12.elf,00257a38,fun_002028e0,boot-hash-match 002028e0
level13.elf,0024aac8,fun_002028e0,boot-hash-match 002028e0
level14.elf,002473d8,fun_002028e0,boot-hash-match 002028e0
level15.elf,0022ee48,fun_002028e0,boot-hash-match 002028e0
level16.elf,0023af20,fun_002028e0,boot-hash-match 002028e0
level17.elf,00239f40,fun_002028e0,boot-hash-match 002028e0
level18.elf,00241b30,fun_002028e0,boot-hash-match 002028e0
level00.elf,002400f0,fun_00202d78,boot-hash-match 00202d78
level01.elf,00254108,fun_00202d78,boot-hash-match 00202d78
level02.elf,00241c40,fun_00202d78,boot-hash-match 00202d78
level03.elf,0022e3c8,fun_00202d78,boot-hash-match 00202d78
level04.elf,00232ae0,fun_00202d78,boot-hash-match 00202d78
level05.elf,002690b8,fun_00202d78,boot-hash-match 00202d78
level06.elf,0024edb0,fun_00202d78,boot-hash-match 00202d78
level07.elf,00267748,fun_00202d78,boot-hash-match 00202d78
level08.elf,00249ce0,fun_00202d78,boot-hash-match 00202d78
level09.elf,0025f1e0,fun_00202d78,boot-hash-match 00202d78
level10.elf,00232b68,fun_00202d78,boot-hash-match 00202d78
level11.elf,002654a0,fun_00202d78,boot-hash-match 00202d78
level12.elf,002582e0,fun_00202d78,boot-hash-match 00202d78
level13.elf,0024b370,fun_00202d78,boot-hash-match 00202d78
level14.elf,00247c80,fun_00202d78,boot-hash-match 00202d78
level15.elf,0022f6f0,fun_00202d78,boot-hash-match 00202d78
level16.elf,0023b7c8,fun_00202d78,boot-hash-match 00202d78
level17.elf,0023a7e8,fun_00202d78,boot-hash-match 00202d78
level18.elf,002423d8,fun_00202d78,boot-hash-match 00202d78
level00.elf,00240498,fun_00203120,boot-hash-match 00203120
level01.elf,002544b0,fun_00203120,boot-hash-match 00203120
level02.elf,00241fe8,fun_00203120,boot-hash-match 00203120
level03.elf,0022e770,fun_00203120,boot-hash-match 00203120
level04.elf,00232e88,fun_00203120,boot-hash-match 00203120
level05.elf,00269460,fun_00203120,boot-hash-match 00203120
level06.elf,0024f158,fun_00203120,boot-hash-match 00203120
level07.elf,00267af0,fun_00203120,boot-hash-match 00203120
level08.elf,0024a088,fun_00203120,boot-hash-match 00203120
level09.elf,0025f588,fun_00203120,boot-hash-match 00203120
level10.elf,00232f10,fun_00203120,boot-hash-match 00203120
level11.elf,00265848,fun_00203120,boot-hash-match 00203120
level12.elf,00258688,fun_00203120,boot-hash-match 00203120
level13.elf,0024b718,fun_00203120,boot-hash-match 00203120
level14.elf,00248028,fun_00203120,boot-hash-match 00203120
level15.elf,0022fa98,fun_00203120,boot-hash-match 00203120
level16.elf,0023bb70,fun_00203120,boot-hash-match 00203120
level17.elf,0023ab90,fun_00203120,boot-hash-match 00203120
level18.elf,00242780,fun_00203120,boot-hash-match 00203120
level00.elf,00240658,relocate_asset_entry_pointers,boot-hash-match 002032e0
level01.elf,00254670,relocate_asset_entry_pointers,boot-hash-match 002032e0
level02.elf,002421a8,relocate_asset_entry_pointers,boot-hash-match 002032e0
level03.elf,0022e930,relocate_asset_entry_pointers,boot-hash-match 002032e0
level04.elf,00233048,relocate_asset_entry_pointers,boot-hash-match 002032e0
level05.elf,00269620,relocate_asset_entry_pointers,boot-hash-match 002032e0
level06.elf,0024f318,relocate_asset_entry_pointers,boot-hash-match 002032e0
level07.elf,00267cb0,relocate_asset_entry_pointers,boot-hash-match 002032e0
level08.elf,0024a248,relocate_asset_entry_pointers,boot-hash-match 002032e0
level09.elf,0025f748,relocate_asset_entry_pointers,boot-hash-match 002032e0
level10.elf,002330d0,relocate_asset_entry_pointers,boot-hash-match 002032e0
level11.elf,00265a08,relocate_asset_entry_pointers,boot-hash-match 002032e0
level12.elf,00258848,relocate_asset_entry_pointers,boot-hash-match 002032e0
level13.elf,0024b8d8,relocate_asset_entry_pointers,boot-hash-match 002032e0
level14.elf,002481e8,relocate_asset_entry_pointers,boot-hash-match 002032e0
level15.elf,0022fc58,relocate_asset_entry_pointers,boot-hash-match 002032e0
level16.elf,0023bd30,relocate_asset_entry_pointers,boot-hash-match 002032e0
level17.elf,0023ad50,relocate_asset_entry_pointers,boot-hash-match 002032e0
level18.elf,00242940,relocate_asset_entry_pointers,boot-hash-match 002032e0
level00.elf,002406b0,fun_00203338,boot-hash-match 00203338
level01.elf,002546c8,fun_00203338,boot-hash-match 00203338
level02.elf,00242200,fun_00203338,boot-hash-match 00203338
level03.elf,0022e988,fun_00203338,boot-hash-match 00203338
level04.elf,002330a0,fun_00203338,boot-hash-match 00203338
level05.elf,00269678,fun_00203338,boot-hash-match 00203338
level06.elf,0024f370,fun_00203338,boot-hash-match 00203338
level07.elf,00267d08,fun_00203338,boot-hash-match 00203338
level08.elf,0024a2a0,fun_00203338,boot-hash-match 00203338
level09.elf,0025f7a0,fun_00203338,boot-hash-match 00203338
level10.elf,00233128,fun_00203338,boot-hash-match 00203338
level11.elf,00265a60,fun_00203338,boot-hash-match 00203338
level12.elf,002588a0,fun_00203338,boot-hash-match 00203338
level13.elf,0024b930,fun_00203338,boot-hash-match 00203338
level14.elf,00248240,fun_00203338,boot-hash-match 00203338
level15.elf,0022fcb0,fun_00203338,boot-hash-match 00203338
level16.elf,0023bd88,fun_00203338,boot-hash-match 00203338
level17.elf,0023ada8,fun_00203338,boot-hash-match 00203338
level18.elf,00242998,fun_00203338,boot-hash-match 00203338
level00.elf,002409b8,fun_00203640,boot-hash-match 00203640
level01.elf,002549d0,fun_00203640,boot-hash-match 00203640
level02.elf,00242508,fun_00203640,boot-hash-match 00203640
level03.elf,0022ec90,fun_00203640,boot-hash-match 00203640
level04.elf,002333a8,fun_00203640,boot-hash-match 00203640
level05.elf,00269980,fun_00203640,boot-hash-match 00203640
level06.elf,0024f678,fun_00203640,boot-hash-match 00203640
level07.elf,00268010,fun_00203640,boot-hash-match 00203640
level08.elf,0024a5a8,fun_00203640,boot-hash-match 00203640
level09.elf,0025faa8,fun_00203640,boot-hash-match 00203640
level10.elf,00233430,fun_00203640,boot-hash-match 00203640
level11.elf,00265d68,fun_00203640,boot-hash-match 00203640
level12.elf,00258ba8,fun_00203640,boot-hash-match 00203640
level13.elf,0024bc38,fun_00203640,boot-hash-match 00203640
level14.elf,00248548,fun_00203640,boot-hash-match 00203640
level15.elf,0022ffb8,fun_00203640,boot-hash-match 00203640
level16.elf,0023c090,fun_00203640,boot-hash-match 00203640
level17.elf,0023b0b0,fun_00203640,boot-hash-match 00203640
level18.elf,00242ca0,fun_00203640,boot-hash-match 00203640
level00.elf,00240aa8,fun_00203730,boot-hash-match 00203730
level01.elf,00254ac0,fun_00203730,boot-hash-match 00203730
level02.elf,002425f8,fun_00203730,boot-hash-match 00203730
level03.elf,0022ed80,fun_00203730,boot-hash-match 00203730
level04.elf,00233498,fun_00203730,boot-hash-match 00203730
level05.elf,00269a70,fun_00203730,boot-hash-match 00203730
level06.elf,0024f768,fun_00203730,boot-hash-match 00203730
level07.elf,00268100,fun_00203730,boot-hash-match 00203730
level08.elf,0024a698,fun_00203730,boot-hash-match 00203730
level09.elf,0025fb98,fun_00203730,boot-hash-match 00203730
level10.elf,00233520,fun_00203730,boot-hash-match 00203730
level11.elf,00265e58,fun_00203730,boot-hash-match 00203730
level12.elf,00258c98,fun_00203730,boot-hash-match 00203730
level13.elf,0024bd28,fun_00203730,boot-hash-match 00203730
level14.elf,00248638,fun_00203730,boot-hash-match 00203730
level15.elf,002300a8,fun_00203730,boot-hash-match 00203730
level16.elf,0023c180,fun_00203730,boot-hash-match 00203730
level17.elf,0023b1a0,fun_00203730,boot-hash-match 00203730
level18.elf,00242d90,fun_00203730,boot-hash-match 00203730
level00.elf,00241458,fun_002040e0,boot-hash-match 002040e0
level01.elf,00255470,fun_002040e0,boot-hash-match 002040e0
level02.elf,00242fa8,fun_002040e0,boot-hash-match 002040e0
level03.elf,0022f730,fun_002040e0,boot-hash-match 002040e0
level04.elf,00233e48,fun_002040e0,boot-hash-match 002040e0
level05.elf,0026a420,fun_002040e0,boot-hash-match 002040e0
level06.elf,00250118,fun_002040e0,boot-hash-match 002040e0
level07.elf,00268ab0,fun_002040e0,boot-hash-match 002040e0
level08.elf,0024b048,fun_002040e0,boot-hash-match 002040e0
level09.elf,00260548,fun_002040e0,boot-hash-match 002040e0
level10.elf,00233ed0,fun_002040e0,boot-hash-match 002040e0
level11.elf,00266808,fun_002040e0,boot-hash-match 002040e0
level12.elf,00259648,fun_002040e0,boot-hash-match 002040e0
level13.elf,0024c6d8,fun_002040e0,boot-hash-match 002040e0
level14.elf,00248fe8,fun_002040e0,boot-hash-match 002040e0
level15.elf,00230a58,fun_002040e0,boot-hash-match 002040e0
level16.elf,0023cb30,fun_002040e0,boot-hash-match 002040e0
level17.elf,0023bb50,fun_002040e0,boot-hash-match 002040e0
level18.elf,00243740,fun_002040e0,boot-hash-match 002040e0
level00.elf,00243d38,load_level_chunk_from_disc,boot-hash-match 002043b0
level01.elf,00257d50,load_level_chunk_from_disc,boot-hash-match 002043b0
level02.elf,00245888,load_level_chunk_from_disc,boot-hash-match 002043b0
level03.elf,00232010,load_level_chunk_from_disc,boot-hash-match 002043b0
level04.elf,00236728,load_level_chunk_from_disc,boot-hash-match 002043b0
level05.elf,0026cd00,load_level_chunk_from_disc,boot-hash-match 002043b0
level06.elf,002529f8,load_level_chunk_from_disc,boot-hash-match 002043b0
level07.elf,0026b390,load_level_chunk_from_disc,boot-hash-match 002043b0
level08.elf,0024d928,load_level_chunk_from_disc,boot-hash-match 002043b0
level09.elf,00262e28,load_level_chunk_from_disc,boot-hash-match 002043b0
level10.elf,002367b0,load_level_chunk_from_disc,boot-hash-match 002043b0
level11.elf,002690e8,load_level_chunk_from_disc,boot-hash-match 002043b0
level12.elf,0025bf28,load_level_chunk_from_disc,boot-hash-match 002043b0
level13.elf,0024efb8,load_level_chunk_from_disc,boot-hash-match 002043b0
level14.elf,0024b8c8,load_level_chunk_from_disc,boot-hash-match 002043b0
level15.elf,00233338,load_level_chunk_from_disc,boot-hash-match 002043b0
level16.elf,0023f410,load_level_chunk_from_disc,boot-hash-match 002043b0
level17.elf,0023e430,load_level_chunk_from_disc,boot-hash-match 002043b0
level18.elf,00246020,load_level_chunk_from_disc,boot-hash-match 002043b0
level00.elf,002455c0,parse_space_scene_chunk,boot-hash-match 002049f0
level00.elf,00245720,parse_space_scene_chunk,boot-hash-match 002049f0
level01.elf,002595d8,parse_space_scene_chunk,boot-hash-match 002049f0
level01.elf,00259738,parse_space_scene_chunk,boot-hash-match 002049f0
level02.elf,00247110,parse_space_scene_chunk,boot-hash-match 002049f0
level02.elf,00247270,parse_space_scene_chunk,boot-hash-match 002049f0
level03.elf,00233898,parse_space_scene_chunk,boot-hash-match 002049f0
level03.elf,002339f8,parse_space_scene_chunk,boot-hash-match 002049f0
level04.elf,00237fb0,parse_space_scene_chunk,boot-hash-match 002049f0
level04.elf,00238110,parse_space_scene_chunk,boot-hash-match 002049f0
level05.elf,0026e588,parse_space_scene_chunk,boot-hash-match 002049f0
level05.elf,0026e6e8,parse_space_scene_chunk,boot-hash-match 002049f0
level06.elf,00254280,parse_space_scene_chunk,boot-hash-match 002049f0
level06.elf,002543e0,parse_space_scene_chunk,boot-hash-match 002049f0
level07.elf,0026cc18,parse_space_scene_chunk,boot-hash-match 002049f0
level07.elf,0026cd78,parse_space_scene_chunk,boot-hash-match 002049f0
level08.elf,0024f1b0,parse_space_scene_chunk,boot-hash-match 002049f0
level08.elf,0024f310,parse_space_scene_chunk,boot-hash-match 002049f0
level09.elf,002646b0,parse_space_scene_chunk,boot-hash-match 002049f0
level09.elf,00264810,parse_space_scene_chunk,boot-hash-match 002049f0
level10.elf,00238038,parse_space_scene_chunk,boot-hash-match 002049f0
level10.elf,00238198,parse_space_scene_chunk,boot-hash-match 002049f0
level11.elf,0026a970,parse_space_scene_chunk,boot-hash-match 002049f0
level11.elf,0026aad0,parse_space_scene_chunk,boot-hash-match 002049f0
level12.elf,0025d7b0,parse_space_scene_chunk,boot-hash-match 002049f0
level12.elf,0025d910,parse_space_scene_chunk,boot-hash-match 002049f0
level13.elf,00250840,parse_space_scene_chunk,boot-hash-match 002049f0
level13.elf,002509a0,parse_space_scene_chunk,boot-hash-match 002049f0
level14.elf,0024d150,parse_space_scene_chunk,boot-hash-match 002049f0
level14.elf,0024d2b0,parse_space_scene_chunk,boot-hash-match 002049f0
level15.elf,00234bc0,parse_space_scene_chunk,boot-hash-match 002049f0
level15.elf,00234d20,parse_space_scene_chunk,boot-hash-match 002049f0
level16.elf,00240c98,parse_space_scene_chunk,boot-hash-match 002049f0
level16.elf,00240df8,parse_space_scene_chunk,boot-hash-match 002049f0
level17.elf,0023fcb8,parse_space_scene_chunk,boot-hash-match 002049f0
level17.elf,0023fe18,parse_space_scene_chunk,boot-hash-match 002049f0
level18.elf,002478a8,parse_space_scene_chunk,boot-hash-match 002049f0
level18.elf,00247a08,parse_space_scene_chunk,boot-hash-match 002049f0
level00.elf,00245770,select_world_object_resource_tables,boot-hash-match 00204a40
level01.elf,00259788,select_world_object_resource_tables,boot-hash-match 00204a40
level02.elf,002472c0,select_world_object_resource_tables,boot-hash-match 00204a40
level03.elf,00233a48,select_world_object_resource_tables,boot-hash-match 00204a40
level04.elf,00238160,select_world_object_resource_tables,boot-hash-match 00204a40
level05.elf,0026e738,select_world_object_resource_tables,boot-hash-match 00204a40
level06.elf,00254430,select_world_object_resource_tables,boot-hash-match 00204a40
level07.elf,0026cdc8,select_world_object_resource_tables,boot-hash-match 00204a40
level08.elf,0024f360,select_world_object_resource_tables,boot-hash-match 00204a40
level09.elf,00264860,select_world_object_resource_tables,boot-hash-match 00204a40
level10.elf,002381e8,select_world_object_resource_tables,boot-hash-match 00204a40
level11.elf,0026ab20,select_world_object_resource_tables,boot-hash-match 00204a40
level12.elf,0025d960,select_world_object_resource_tables,boot-hash-match 00204a40
level13.elf,002509f0,select_world_object_resource_tables,boot-hash-match 00204a40
level14.elf,0024d300,select_world_object_resource_tables,boot-hash-match 00204a40
level15.elf,00234d70,select_world_object_resource_tables,boot-hash-match 00204a40
level16.elf,00240e48,select_world_object_resource_tables,boot-hash-match 00204a40
level17.elf,0023fe68,select_world_object_resource_tables,boot-hash-match 00204a40
level18.elf,00247a58,select_world_object_resource_tables,boot-hash-match 00204a40
level00.elf,00245a20,fun_00204cf0,boot-hash-match 00204cf0
level01.elf,00259a38,fun_00204cf0,boot-hash-match 00204cf0
level02.elf,00247570,fun_00204cf0,boot-hash-match 00204cf0
level03.elf,00233cf8,fun_00204cf0,boot-hash-match 00204cf0
level04.elf,00238410,fun_00204cf0,boot-hash-match 00204cf0
level05.elf,0026e9e8,fun_00204cf0,boot-hash-match 00204cf0
level06.elf,002546e0,fun_00204cf0,boot-hash-match 00204cf0
level07.elf,0026d078,fun_00204cf0,boot-hash-match 00204cf0
level08.elf,0024f610,fun_00204cf0,boot-hash-match 00204cf0
level09.elf,00264b10,fun_00204cf0,boot-hash-match 00204cf0
level10.elf,00238498,fun_00204cf0,boot-hash-match 00204cf0
level11.elf,0026add0,fun_00204cf0,boot-hash-match 00204cf0
level12.elf,0025dc10,fun_00204cf0,boot-hash-match 00204cf0
level13.elf,00250ca0,fun_00204cf0,boot-hash-match 00204cf0
level14.elf,0024d5b0,fun_00204cf0,boot-hash-match 00204cf0
level15.elf,00235020,fun_00204cf0,boot-hash-match 00204cf0
level16.elf,002410f8,fun_00204cf0,boot-hash-match 00204cf0
level17.elf,00240118,fun_00204cf0,boot-hash-match 00204cf0
level18.elf,00247d08,fun_00204cf0,boot-hash-match 00204cf0
level00.elf,00245b60,fun_00204e30,boot-hash-match 00204e30
level01.elf,00259b78,fun_00204e30,boot-hash-match 00204e30
level02.elf,002476b0,fun_00204e30,boot-hash-match 00204e30
level03.elf,00233e38,fun_00204e30,boot-hash-match 00204e30
level04.elf,00238550,fun_00204e30,boot-hash-match 00204e30
level05.elf,0026eb28,fun_00204e30,boot-hash-match 00204e30
level06.elf,00254820,fun_00204e30,boot-hash-match 00204e30
level07.elf,0026d1b8,fun_00204e30,boot-hash-match 00204e30
level08.elf,0024f750,fun_00204e30,boot-hash-match 00204e30
level09.elf,00264c50,fun_00204e30,boot-hash-match 00204e30
level10.elf,002385d8,fun_00204e30,boot-hash-match 00204e30
level11.elf,0026af10,fun_00204e30,boot-hash-match 00204e30
level12.elf,0025dd50,fun_00204e30,boot-hash-match 00204e30
level13.elf,00250de0,fun_00204e30,boot-hash-match 00204e30
level14.elf,0024d6f0,fun_00204e30,boot-hash-match 00204e30
level15.elf,00235160,fun_00204e30,boot-hash-match 00204e30
level16.elf,00241238,fun_00204e30,boot-hash-match 00204e30
level17.elf,00240258,fun_00204e30,boot-hash-match 00204e30
level18.elf,00247e48,fun_00204e30,boot-hash-match 00204e30
level00.elf,00246a60,fun_00204ef8,boot-hash-match 00204ef8
level01.elf,0025aa78,fun_00204ef8,boot-hash-match 00204ef8
level02.elf,002485b0,fun_00204ef8,boot-hash-match 00204ef8
level03.elf,00234d38,fun_00204ef8,boot-hash-match 00204ef8
level04.elf,00239450,fun_00204ef8,boot-hash-match 00204ef8
level05.elf,0026fa28,fun_00204ef8,boot-hash-match 00204ef8
level06.elf,00255720,fun_00204ef8,boot-hash-match 00204ef8
level07.elf,0026e0b8,fun_00204ef8,boot-hash-match 00204ef8
level08.elf,00250650,fun_00204ef8,boot-hash-match 00204ef8
level09.elf,00265b50,fun_00204ef8,boot-hash-match 00204ef8
level10.elf,002394d8,fun_00204ef8,boot-hash-match 00204ef8
level11.elf,0026be10,fun_00204ef8,boot-hash-match 00204ef8
level12.elf,0025ec50,fun_00204ef8,boot-hash-match 00204ef8
level13.elf,00251ce0,fun_00204ef8,boot-hash-match 00204ef8
level14.elf,0024e5f0,fun_00204ef8,boot-hash-match 00204ef8
level15.elf,00236060,fun_00204ef8,boot-hash-match 00204ef8
level16.elf,00242138,fun_00204ef8,boot-hash-match 00204ef8
level17.elf,00241158,fun_00204ef8,boot-hash-match 00204ef8
level18.elf,00248d48,fun_00204ef8,boot-hash-match 00204ef8
level00.elf,00246b68,move_map_entry_slot,boot-hash-match 00205000
level01.elf,0025ab80,move_map_entry_slot,boot-hash-match 00205000
level02.elf,002486b8,move_map_entry_slot,boot-hash-match 00205000
level03.elf,00234e40,move_map_entry_slot,boot-hash-match 00205000
level04.elf,00239558,move_map_entry_slot,boot-hash-match 00205000
level05.elf,0026fb30,move_map_entry_slot,boot-hash-match 00205000
level06.elf,00255828,move_map_entry_slot,boot-hash-match 00205000
level07.elf,0026e1c0,move_map_entry_slot,boot-hash-match 00205000
level08.elf,00250758,move_map_entry_slot,boot-hash-match 00205000
level09.elf,00265c58,move_map_entry_slot,boot-hash-match 00205000
level10.elf,002395e0,move_map_entry_slot,boot-hash-match 00205000
level11.elf,0026bf18,move_map_entry_slot,boot-hash-match 00205000
level12.elf,0025ed58,move_map_entry_slot,boot-hash-match 00205000
level13.elf,00251de8,move_map_entry_slot,boot-hash-match 00205000
level14.elf,0024e6f8,move_map_entry_slot,boot-hash-match 00205000
level15.elf,00236168,move_map_entry_slot,boot-hash-match 00205000
level16.elf,00242240,move_map_entry_slot,boot-hash-match 00205000
level17.elf,00241260,move_map_entry_slot,boot-hash-match 00205000
level18.elf,00248e50,move_map_entry_slot,boot-hash-match 00205000
level00.elf,00246c08,find_map_entry_slot,boot-hash-match 002050a0
level01.elf,0025ac20,find_map_entry_slot,boot-hash-match 002050a0
level02.elf,00248758,find_map_entry_slot,boot-hash-match 002050a0
level03.elf,00234ee0,find_map_entry_slot,boot-hash-match 002050a0
level04.elf,002395f8,find_map_entry_slot,boot-hash-match 002050a0
level05.elf,0026fbd0,find_map_entry_slot,boot-hash-match 002050a0
level06.elf,002558c8,find_map_entry_slot,boot-hash-match 002050a0
level07.elf,0026e260,find_map_entry_slot,boot-hash-match 002050a0
level08.elf,002507f8,find_map_entry_slot,boot-hash-match 002050a0
level09.elf,00265cf8,find_map_entry_slot,boot-hash-match 002050a0
level10.elf,00239680,find_map_entry_slot,boot-hash-match 002050a0
level11.elf,0026bfb8,find_map_entry_slot,boot-hash-match 002050a0
level12.elf,0025edf8,find_map_entry_slot,boot-hash-match 002050a0
level13.elf,00251e88,find_map_entry_slot,boot-hash-match 002050a0
level14.elf,0024e798,find_map_entry_slot,boot-hash-match 002050a0
level15.elf,00236208,find_map_entry_slot,boot-hash-match 002050a0
level16.elf,002422e0,find_map_entry_slot,boot-hash-match 002050a0
level17.elf,00241300,find_map_entry_slot,boot-hash-match 002050a0
level18.elf,00248ef0,find_map_entry_slot,boot-hash-match 002050a0
level00.elf,00246c50,fun_002050e8,boot-hash-match 002050e8
level01.elf,0025ac68,fun_002050e8,boot-hash-match 002050e8
level02.elf,002487a0,fun_002050e8,boot-hash-match 002050e8
level03.elf,00234f28,fun_002050e8,boot-hash-match 002050e8
level04.elf,00239640,fun_002050e8,boot-hash-match 002050e8
level05.elf,0026fc18,fun_002050e8,boot-hash-match 002050e8
level06.elf,00255910,fun_002050e8,boot-hash-match 002050e8
level07.elf,0026e2a8,fun_002050e8,boot-hash-match 002050e8
level08.elf,00250840,fun_002050e8,boot-hash-match 002050e8
level09.elf,00265d40,fun_002050e8,boot-hash-match 002050e8
level10.elf,002396c8,fun_002050e8,boot-hash-match 002050e8
level11.elf,0026c000,fun_002050e8,boot-hash-match 002050e8
level12.elf,0025ee40,fun_002050e8,boot-hash-match 002050e8
level13.elf,00251ed0,fun_002050e8,boot-hash-match 002050e8
level14.elf,0024e7e0,fun_002050e8,boot-hash-match 002050e8
level15.elf,00236250,fun_002050e8,boot-hash-match 002050e8
level16.elf,00242328,fun_002050e8,boot-hash-match 002050e8
level17.elf,00241348,fun_002050e8,boot-hash-match 002050e8
level18.elf,00248f38,fun_002050e8,boot-hash-match 002050e8
level00.elf,00246d88,find_id_in_terminated_table,boot-hash-match 00205220
level01.elf,0025ada0,find_id_in_terminated_table,boot-hash-match 00205220
level02.elf,002488d8,find_id_in_terminated_table,boot-hash-match 00205220
level03.elf,00235060,find_id_in_terminated_table,boot-hash-match 00205220
level04.elf,00239778,find_id_in_terminated_table,boot-hash-match 00205220
level05.elf,0026fd50,find_id_in_terminated_table,boot-hash-match 00205220
level06.elf,00255a48,find_id_in_terminated_table,boot-hash-match 00205220
level07.elf,0026e3e0,find_id_in_terminated_table,boot-hash-match 00205220
level08.elf,00250978,find_id_in_terminated_table,boot-hash-match 00205220
level09.elf,00265e78,find_id_in_terminated_table,boot-hash-match 00205220
level10.elf,00239800,find_id_in_terminated_table,boot-hash-match 00205220
level11.elf,0026c138,find_id_in_terminated_table,boot-hash-match 00205220
level12.elf,0025ef78,find_id_in_terminated_table,boot-hash-match 00205220
level13.elf,00252008,find_id_in_terminated_table,boot-hash-match 00205220
level14.elf,0024e918,find_id_in_terminated_table,boot-hash-match 00205220
level15.elf,00236388,find_id_in_terminated_table,boot-hash-match 00205220
level16.elf,00242460,find_id_in_terminated_table,boot-hash-match 00205220
level17.elf,00241480,find_id_in_terminated_table,boot-hash-match 00205220
level18.elf,00249070,find_id_in_terminated_table,boot-hash-match 00205220
level00.elf,00246f40,compose_bitmap_from_mask,boot-hash-match 002053d8
level01.elf,0025af58,compose_bitmap_from_mask,boot-hash-match 002053d8
level02.elf,00248a90,compose_bitmap_from_mask,boot-hash-match 002053d8
level03.elf,00235218,compose_bitmap_from_mask,boot-hash-match 002053d8
level04.elf,00239930,compose_bitmap_from_mask,boot-hash-match 002053d8
level05.elf,0026ff08,compose_bitmap_from_mask,boot-hash-match 002053d8
level06.elf,00255c00,compose_bitmap_from_mask,boot-hash-match 002053d8
level07.elf,0026e598,compose_bitmap_from_mask,boot-hash-match 002053d8
level08.elf,00250b30,compose_bitmap_from_mask,boot-hash-match 002053d8
level09.elf,00266030,compose_bitmap_from_mask,boot-hash-match 002053d8
level10.elf,002399b8,compose_bitmap_from_mask,boot-hash-match 002053d8
level11.elf,0026c2f0,compose_bitmap_from_mask,boot-hash-match 002053d8
level12.elf,0025f130,compose_bitmap_from_mask,boot-hash-match 002053d8
level13.elf,002521c0,compose_bitmap_from_mask,boot-hash-match 002053d8
level14.elf,0024ead0,compose_bitmap_from_mask,boot-hash-match 002053d8
level15.elf,00236540,compose_bitmap_from_mask,boot-hash-match 002053d8
level16.elf,00242618,compose_bitmap_from_mask,boot-hash-match 002053d8
level17.elf,00241638,compose_bitmap_from_mask,boot-hash-match 002053d8
level18.elf,00249228,compose_bitmap_from_mask,boot-hash-match 002053d8
level00.elf,00246fa8,fun_00205440,boot-hash-match 00205440
level01.elf,0025afc0,fun_00205440,boot-hash-match 00205440
level02.elf,00248af8,fun_00205440,boot-hash-match 00205440
level03.elf,00235280,fun_00205440,boot-hash-match 00205440
level04.elf,00239998,fun_00205440,boot-hash-match 00205440
level05.elf,0026ff70,fun_00205440,boot-hash-match 00205440
level06.elf,00255c68,fun_00205440,boot-hash-match 00205440
level07.elf,0026e600,fun_00205440,boot-hash-match 00205440
level08.elf,00250b98,fun_00205440,boot-hash-match 00205440
level09.elf,00266098,fun_00205440,boot-hash-match 00205440
level10.elf,00239a20,fun_00205440,boot-hash-match 00205440
level11.elf,0026c358,fun_00205440,boot-hash-match 00205440
level12.elf,0025f198,fun_00205440,boot-hash-match 00205440
level13.elf,00252228,fun_00205440,boot-hash-match 00205440
level14.elf,0024eb38,fun_00205440,boot-hash-match 00205440
level15.elf,002365a8,fun_00205440,boot-hash-match 00205440
level16.elf,00242680,fun_00205440,boot-hash-match 00205440
level17.elf,002416a0,fun_00205440,boot-hash-match 00205440
level18.elf,00249290,fun_00205440,boot-hash-match 00205440
level00.elf,00248278,fun_00206710,boot-hash-match 00206710
level01.elf,0025c290,fun_00206710,boot-hash-match 00206710
level02.elf,00249dc8,fun_00206710,boot-hash-match 00206710
level03.elf,00236550,fun_00206710,boot-hash-match 00206710
level04.elf,0023ac68,fun_00206710,boot-hash-match 00206710
level05.elf,00271240,fun_00206710,boot-hash-match 00206710
level06.elf,00256f38,fun_00206710,boot-hash-match 00206710
level07.elf,0026f8d0,fun_00206710,boot-hash-match 00206710
level08.elf,00251e68,fun_00206710,boot-hash-match 00206710
level09.elf,00267368,fun_00206710,boot-hash-match 00206710
level10.elf,0023acf0,fun_00206710,boot-hash-match 00206710
level11.elf,0026d628,fun_00206710,boot-hash-match 00206710
level12.elf,00260468,fun_00206710,boot-hash-match 00206710
level13.elf,002534f8,fun_00206710,boot-hash-match 00206710
level14.elf,0024fe08,fun_00206710,boot-hash-match 00206710
level15.elf,00237878,fun_00206710,boot-hash-match 00206710
level16.elf,00243950,fun_00206710,boot-hash-match 00206710
level17.elf,00242970,fun_00206710,boot-hash-match 00206710
level18.elf,0024a560,fun_00206710,boot-hash-match 00206710
level00.elf,002483c8,fun_00206860,boot-hash-match 00206860
level01.elf,0025c3e0,fun_00206860,boot-hash-match 00206860
level02.elf,00249f18,fun_00206860,boot-hash-match 00206860
level03.elf,002366a0,fun_00206860,boot-hash-match 00206860
level04.elf,0023adb8,fun_00206860,boot-hash-match 00206860
level05.elf,00271390,fun_00206860,boot-hash-match 00206860
level06.elf,00257088,fun_00206860,boot-hash-match 00206860
level07.elf,0026fa20,fun_00206860,boot-hash-match 00206860
level08.elf,00251fb8,fun_00206860,boot-hash-match 00206860
level09.elf,002674b8,fun_00206860,boot-hash-match 00206860
level10.elf,0023ae40,fun_00206860,boot-hash-match 00206860
level11.elf,0026d778,fun_00206860,boot-hash-match 00206860
level12.elf,002605b8,fun_00206860,boot-hash-match 00206860
level13.elf,00253648,fun_00206860,boot-hash-match 00206860
level14.elf,0024ff58,fun_00206860,boot-hash-match 00206860
level15.elf,002379c8,fun_00206860,boot-hash-match 00206860
level16.elf,00243aa0,fun_00206860,boot-hash-match 00206860
level17.elf,00242ac0,fun_00206860,boot-hash-match 00206860
level18.elf,0024a6b0,fun_00206860,boot-hash-match 00206860
level00.elf,00248bf0,hit_test_fixed_screen_rectangle,boot-hash-match 00206978
level01.elf,0025cc08,hit_test_fixed_screen_rectangle,boot-hash-match 00206978
level02.elf,0024a740,hit_test_fixed_screen_rectangle,boot-hash-match 00206978
level03.elf,00236ec8,hit_test_fixed_screen_rectangle,boot-hash-match 00206978
level04.elf,0023b5e0,hit_test_fixed_screen_rectangle,boot-hash-match 00206978
level05.elf,00271bb8,hit_test_fixed_screen_rectangle,boot-hash-match 00206978
level06.elf,002578b0,hit_test_fixed_screen_rectangle,boot-hash-match 00206978
level07.elf,00270378,hit_test_fixed_screen_rectangle,boot-hash-match 00206978
level08.elf,002527e0,hit_test_fixed_screen_rectangle,boot-hash-match 00206978
level09.elf,00267ce0,hit_test_fixed_screen_rectangle,boot-hash-match 00206978
level10.elf,0023b668,hit_test_fixed_screen_rectangle,boot-hash-match 00206978
level11.elf,0026dfa0,hit_test_fixed_screen_rectangle,boot-hash-match 00206978
level12.elf,00260de0,hit_test_fixed_screen_rectangle,boot-hash-match 00206978
level13.elf,00253e70,hit_test_fixed_screen_rectangle,boot-hash-match 00206978
level14.elf,00250780,hit_test_fixed_screen_rectangle,boot-hash-match 00206978
level15.elf,002381f0,hit_test_fixed_screen_rectangle,boot-hash-match 00206978
level16.elf,002442c8,hit_test_fixed_screen_rectangle,boot-hash-match 00206978
level17.elf,002432e8,hit_test_fixed_screen_rectangle,boot-hash-match 00206978
level18.elf,0024aed8,hit_test_fixed_screen_rectangle,boot-hash-match 00206978
level00.elf,00248e50,fun_00206bd8,boot-hash-match 00206bd8
level01.elf,0025ce68,fun_00206bd8,boot-hash-match 00206bd8
level02.elf,0024a9a0,fun_00206bd8,boot-hash-match 00206bd8
level03.elf,00237128,fun_00206bd8,boot-hash-match 00206bd8
level04.elf,0023b840,fun_00206bd8,boot-hash-match 00206bd8
level05.elf,00271e18,fun_00206bd8,boot-hash-match 00206bd8
level06.elf,00257b10,fun_00206bd8,boot-hash-match 00206bd8
level07.elf,002705d8,fun_00206bd8,boot-hash-match 00206bd8
level08.elf,00252a40,fun_00206bd8,boot-hash-match 00206bd8
level09.elf,00267f40,fun_00206bd8,boot-hash-match 00206bd8
level10.elf,0023b8c8,fun_00206bd8,boot-hash-match 00206bd8
level11.elf,0026e200,fun_00206bd8,boot-hash-match 00206bd8
level12.elf,00261040,fun_00206bd8,boot-hash-match 00206bd8
level13.elf,002540d0,fun_00206bd8,boot-hash-match 00206bd8
level14.elf,002509e0,fun_00206bd8,boot-hash-match 00206bd8
level15.elf,00238450,fun_00206bd8,boot-hash-match 00206bd8
level16.elf,00244528,fun_00206bd8,boot-hash-match 00206bd8
level17.elf,00243548,fun_00206bd8,boot-hash-match 00206bd8
level18.elf,0024b138,fun_00206bd8,boot-hash-match 00206bd8
level00.elf,00249090,fun_00206e18,boot-hash-match 00206e18
level01.elf,0025d0a8,fun_00206e18,boot-hash-match 00206e18
level02.elf,0024abe0,fun_00206e18,boot-hash-match 00206e18
level03.elf,00237368,fun_00206e18,boot-hash-match 00206e18
level04.elf,0023ba80,fun_00206e18,boot-hash-match 00206e18
level05.elf,00272058,fun_00206e18,boot-hash-match 00206e18
level06.elf,00257d50,fun_00206e18,boot-hash-match 00206e18
level07.elf,00270818,fun_00206e18,boot-hash-match 00206e18
level08.elf,00252c80,fun_00206e18,boot-hash-match 00206e18
level09.elf,00268180,fun_00206e18,boot-hash-match 00206e18
level10.elf,0023bb08,fun_00206e18,boot-hash-match 00206e18
level11.elf,0026e440,fun_00206e18,boot-hash-match 00206e18
level12.elf,00261280,fun_00206e18,boot-hash-match 00206e18
level13.elf,00254310,fun_00206e18,boot-hash-match 00206e18
level14.elf,00250c20,fun_00206e18,boot-hash-match 00206e18
level15.elf,00238690,fun_00206e18,boot-hash-match 00206e18
level16.elf,00244768,fun_00206e18,boot-hash-match 00206e18
level17.elf,00243788,fun_00206e18,boot-hash-match 00206e18
level18.elf,0024b378,fun_00206e18,boot-hash-match 00206e18
level00.elf,002491c8,fun_00206f50,boot-hash-match 00206f50
level01.elf,0025d1e0,fun_00206f50,boot-hash-match 00206f50
level02.elf,0024ad18,fun_00206f50,boot-hash-match 00206f50
level03.elf,002374a0,fun_00206f50,boot-hash-match 00206f50
level04.elf,0023bbb8,fun_00206f50,boot-hash-match 00206f50
level05.elf,00272190,fun_00206f50,boot-hash-match 00206f50
level06.elf,00257e88,fun_00206f50,boot-hash-match 00206f50
level07.elf,00270950,fun_00206f50,boot-hash-match 00206f50
level08.elf,00252db8,fun_00206f50,boot-hash-match 00206f50
level09.elf,002682b8,fun_00206f50,boot-hash-match 00206f50
level10.elf,0023bc40,fun_00206f50,boot-hash-match 00206f50
level11.elf,0026e578,fun_00206f50,boot-hash-match 00206f50
level12.elf,002613b8,fun_00206f50,boot-hash-match 00206f50
level13.elf,00254448,fun_00206f50,boot-hash-match 00206f50
level14.elf,00250d58,fun_00206f50,boot-hash-match 00206f50
level15.elf,002387c8,fun_00206f50,boot-hash-match 00206f50
level16.elf,002448a0,fun_00206f50,boot-hash-match 00206f50
level17.elf,002438c0,fun_00206f50,boot-hash-match 00206f50
level18.elf,0024b4b0,fun_00206f50,boot-hash-match 00206f50
level00.elf,00249378,fun_00207100,boot-hash-match 00207100
level01.elf,0025d390,fun_00207100,boot-hash-match 00207100
level02.elf,0024aec8,fun_00207100,boot-hash-match 00207100
level03.elf,00237650,fun_00207100,boot-hash-match 00207100
level04.elf,0023bd68,fun_00207100,boot-hash-match 00207100
level05.elf,00272340,fun_00207100,boot-hash-match 00207100
level06.elf,00258038,fun_00207100,boot-hash-match 00207100
level07.elf,00270b00,fun_00207100,boot-hash-match 00207100
level08.elf,00252f68,fun_00207100,boot-hash-match 00207100
level09.elf,00268468,fun_00207100,boot-hash-match 00207100
level10.elf,0023bdf0,fun_00207100,boot-hash-match 00207100
level11.elf,0026e728,fun_00207100,boot-hash-match 00207100
level12.elf,00261568,fun_00207100,boot-hash-match 00207100
level13.elf,002545f8,fun_00207100,boot-hash-match 00207100
level14.elf,00250f08,fun_00207100,boot-hash-match 00207100
level15.elf,00238978,fun_00207100,boot-hash-match 00207100
level16.elf,00244a50,fun_00207100,boot-hash-match 00207100
level17.elf,00243a70,fun_00207100,boot-hash-match 00207100
level18.elf,0024b660,fun_00207100,boot-hash-match 00207100
level00.elf,00249438,fun_002071c0,boot-hash-match 002071c0
level01.elf,0025d450,fun_002071c0,boot-hash-match 002071c0
level02.elf,0024af88,fun_002071c0,boot-hash-match 002071c0
level03.elf,00237710,fun_002071c0,boot-hash-match 002071c0
level04.elf,0023be28,fun_002071c0,boot-hash-match 002071c0
level05.elf,00272400,fun_002071c0,boot-hash-match 002071c0
level06.elf,002580f8,fun_002071c0,boot-hash-match 002071c0
level07.elf,00270bc0,fun_002071c0,boot-hash-match 002071c0
level08.elf,00253028,fun_002071c0,boot-hash-match 002071c0
level09.elf,00268528,fun_002071c0,boot-hash-match 002071c0
level10.elf,0023beb0,fun_002071c0,boot-hash-match 002071c0
level11.elf,0026e7e8,fun_002071c0,boot-hash-match 002071c0
level12.elf,00261628,fun_002071c0,boot-hash-match 002071c0
level13.elf,002546b8,fun_002071c0,boot-hash-match 002071c0
level14.elf,00250fc8,fun_002071c0,boot-hash-match 002071c0
level15.elf,00238a38,fun_002071c0,boot-hash-match 002071c0
level16.elf,00244b10,fun_002071c0,boot-hash-match 002071c0
level17.elf,00243b30,fun_002071c0,boot-hash-match 002071c0
level18.elf,0024b720,fun_002071c0,boot-hash-match 002071c0
level00.elf,00249578,fun_00207300,boot-hash-match 00207300
level01.elf,0025d590,fun_00207300,boot-hash-match 00207300
level02.elf,0024b0c8,fun_00207300,boot-hash-match 00207300
level03.elf,00237850,fun_00207300,boot-hash-match 00207300
level04.elf,0023bf68,fun_00207300,boot-hash-match 00207300
level05.elf,00272540,fun_00207300,boot-hash-match 00207300
level06.elf,00258238,fun_00207300,boot-hash-match 00207300
level07.elf,00270d00,fun_00207300,boot-hash-match 00207300
level08.elf,00253168,fun_00207300,boot-hash-match 00207300
level09.elf,00268668,fun_00207300,boot-hash-match 00207300
level10.elf,0023bff0,fun_00207300,boot-hash-match 00207300
level11.elf,0026e928,fun_00207300,boot-hash-match 00207300
level12.elf,00261768,fun_00207300,boot-hash-match 00207300
level13.elf,002547f8,fun_00207300,boot-hash-match 00207300
level14.elf,00251108,fun_00207300,boot-hash-match 00207300
level15.elf,00238b78,fun_00207300,boot-hash-match 00207300
level16.elf,00244c50,fun_00207300,boot-hash-match 00207300
level17.elf,00243c70,fun_00207300,boot-hash-match 00207300
level18.elf,0024b860,fun_00207300,boot-hash-match 00207300
level00.elf,00249630,fun_002073b8,boot-hash-match 002073b8
level01.elf,0025d648,fun_002073b8,boot-hash-match 002073b8
level02.elf,0024b180,fun_002073b8,boot-hash-match 002073b8
level03.elf,00237908,fun_002073b8,boot-hash-match 002073b8
level04.elf,0023c020,fun_002073b8,boot-hash-match 002073b8
level05.elf,002725f8,fun_002073b8,boot-hash-match 002073b8
level06.elf,002582f0,fun_002073b8,boot-hash-match 002073b8
level07.elf,00270db8,fun_002073b8,boot-hash-match 002073b8
level08.elf,00253220,fun_002073b8,boot-hash-match 002073b8
level09.elf,00268720,fun_002073b8,boot-hash-match 002073b8
level10.elf,0023c0a8,fun_002073b8,boot-hash-match 002073b8
level11.elf,0026e9e0,fun_002073b8,boot-hash-match 002073b8
level12.elf,00261820,fun_002073b8,boot-hash-match 002073b8
level13.elf,002548b0,fun_002073b8,boot-hash-match 002073b8
level14.elf,002511c0,fun_002073b8,boot-hash-match 002073b8
level15.elf,00238c30,fun_002073b8,boot-hash-match 002073b8
level16.elf,00244d08,fun_002073b8,boot-hash-match 002073b8
level17.elf,00243d28,fun_002073b8,boot-hash-match 002073b8
level18.elf,0024b918,fun_002073b8,boot-hash-match 002073b8
level00.elf,00249c90,fun_00207a18,boot-hash-match 00207a18
level01.elf,0025dca8,fun_00207a18,boot-hash-match 00207a18
level02.elf,0024b7e0,fun_00207a18,boot-hash-match 00207a18
level03.elf,00237f68,fun_00207a18,boot-hash-match 00207a18
level04.elf,0023c680,fun_00207a18,boot-hash-match 00207a18
level05.elf,00272c58,fun_00207a18,boot-hash-match 00207a18
level06.elf,00258950,fun_00207a18,boot-hash-match 00207a18
level07.elf,00271418,fun_00207a18,boot-hash-match 00207a18
level08.elf,00253880,fun_00207a18,boot-hash-match 00207a18
level09.elf,00268d80,fun_00207a18,boot-hash-match 00207a18
level10.elf,0023c708,fun_00207a18,boot-hash-match 00207a18
level11.elf,0026f040,fun_00207a18,boot-hash-match 00207a18
level12.elf,00261e80,fun_00207a18,boot-hash-match 00207a18
level13.elf,00254f10,fun_00207a18,boot-hash-match 00207a18
level14.elf,00251820,fun_00207a18,boot-hash-match 00207a18
level15.elf,00239290,fun_00207a18,boot-hash-match 00207a18
level16.elf,00245368,fun_00207a18,boot-hash-match 00207a18
level17.elf,00244388,fun_00207a18,boot-hash-match 00207a18
level18.elf,0024bf78,fun_00207a18,boot-hash-match 00207a18
level00.elf,00249ea0,fun_00207b08,boot-hash-match 00207b08
level01.elf,0025deb8,fun_00207b08,boot-hash-match 00207b08
level02.elf,0024b9f0,fun_00207b08,boot-hash-match 00207b08
level03.elf,00238178,fun_00207b08,boot-hash-match 00207b08
level04.elf,0023c890,fun_00207b08,boot-hash-match 00207b08
level05.elf,00272e68,fun_00207b08,boot-hash-match 00207b08
level06.elf,00258b60,fun_00207b08,boot-hash-match 00207b08
level07.elf,00271628,fun_00207b08,boot-hash-match 00207b08
level08.elf,00253a90,fun_00207b08,boot-hash-match 00207b08
level09.elf,00268f90,fun_00207b08,boot-hash-match 00207b08
level10.elf,0023c918,fun_00207b08,boot-hash-match 00207b08
level11.elf,0026f250,fun_00207b08,boot-hash-match 00207b08
level12.elf,00262090,fun_00207b08,boot-hash-match 00207b08
level13.elf,00255120,fun_00207b08,boot-hash-match 00207b08
level14.elf,00251a30,fun_00207b08,boot-hash-match 00207b08
level15.elf,002394a0,fun_00207b08,boot-hash-match 00207b08
level16.elf,00245578,fun_00207b08,boot-hash-match 00207b08
level17.elf,00244598,fun_00207b08,boot-hash-match 00207b08
level18.elf,0024c188,fun_00207b08,boot-hash-match 00207b08
level00.elf,00249f48,fun_00207bb0,boot-hash-match 00207bb0
level01.elf,0025df60,fun_00207bb0,boot-hash-match 00207bb0
level02.elf,0024ba98,fun_00207bb0,boot-hash-match 00207bb0
level03.elf,00238220,fun_00207bb0,boot-hash-match 00207bb0
level04.elf,0023c938,fun_00207bb0,boot-hash-match 00207bb0
level05.elf,00272f10,fun_00207bb0,boot-hash-match 00207bb0
level06.elf,00258c08,fun_00207bb0,boot-hash-match 00207bb0
level07.elf,002716d0,fun_00207bb0,boot-hash-match 00207bb0
level08.elf,00253b38,fun_00207bb0,boot-hash-match 00207bb0
level09.elf,00269038,fun_00207bb0,boot-hash-match 00207bb0
level10.elf,0023c9c0,fun_00207bb0,boot-hash-match 00207bb0
level11.elf,0026f2f8,fun_00207bb0,boot-hash-match 00207bb0
level12.elf,00262138,fun_00207bb0,boot-hash-match 00207bb0
level13.elf,002551c8,fun_00207bb0,boot-hash-match 00207bb0
level14.elf,00251ad8,fun_00207bb0,boot-hash-match 00207bb0
level15.elf,00239548,fun_00207bb0,boot-hash-match 00207bb0
level16.elf,00245620,fun_00207bb0,boot-hash-match 00207bb0
level17.elf,00244640,fun_00207bb0,boot-hash-match 00207bb0
level18.elf,0024c230,fun_00207bb0,boot-hash-match 00207bb0
level00.elf,00249fc0,fun_00207c28,boot-hash-match 00207c28
level01.elf,0025dfd8,fun_00207c28,boot-hash-match 00207c28
level02.elf,0024bb10,fun_00207c28,boot-hash-match 00207c28
level03.elf,00238298,fun_00207c28,boot-hash-match 00207c28
level04.elf,0023c9b0,fun_00207c28,boot-hash-match 00207c28
level05.elf,00272f88,fun_00207c28,boot-hash-match 00207c28
level06.elf,00258c80,fun_00207c28,boot-hash-match 00207c28
level07.elf,00271748,fun_00207c28,boot-hash-match 00207c28
level08.elf,00253bb0,fun_00207c28,boot-hash-match 00207c28
level09.elf,002690b0,fun_00207c28,boot-hash-match 00207c28
level10.elf,0023ca38,fun_00207c28,boot-hash-match 00207c28
level11.elf,0026f370,fun_00207c28,boot-hash-match 00207c28
level12.elf,002621b0,fun_00207c28,boot-hash-match 00207c28
level13.elf,00255240,fun_00207c28,boot-hash-match 00207c28
level14.elf,00251b50,fun_00207c28,boot-hash-match 00207c28
level15.elf,002395c0,fun_00207c28,boot-hash-match 00207c28
level16.elf,00245698,fun_00207c28,boot-hash-match 00207c28
level17.elf,002446b8,fun_00207c28,boot-hash-match 00207c28
level18.elf,0024c2a8,fun_00207c28,boot-hash-match 00207c28
level00.elf,0024a1f0,fun_00207e58,boot-hash-match 00207e58
level01.elf,0025e208,fun_00207e58,boot-hash-match 00207e58
level02.elf,0024bd40,fun_00207e58,boot-hash-match 00207e58
level03.elf,002384c8,fun_00207e58,boot-hash-match 00207e58
level04.elf,0023cbe0,fun_00207e58,boot-hash-match 00207e58
level05.elf,002731b8,fun_00207e58,boot-hash-match 00207e58
level06.elf,00258eb0,fun_00207e58,boot-hash-match 00207e58
level07.elf,00271978,fun_00207e58,boot-hash-match 00207e58
level08.elf,00253de0,fun_00207e58,boot-hash-match 00207e58
level09.elf,002692e0,fun_00207e58,boot-hash-match 00207e58
level10.elf,0023cc68,fun_00207e58,boot-hash-match 00207e58
level11.elf,0026f5a0,fun_00207e58,boot-hash-match 00207e58
level12.elf,002623e0,fun_00207e58,boot-hash-match 00207e58
level13.elf,00255470,fun_00207e58,boot-hash-match 00207e58
level14.elf,00251d80,fun_00207e58,boot-hash-match 00207e58
level15.elf,002397f0,fun_00207e58,boot-hash-match 00207e58
level16.elf,002458c8,fun_00207e58,boot-hash-match 00207e58
level17.elf,002448e8,fun_00207e58,boot-hash-match 00207e58
level18.elf,0024c4d8,fun_00207e58,boot-hash-match 00207e58
level00.elf,0024a3c8,fun_00208030,boot-hash-match 00208030
level01.elf,0025e3e0,fun_00208030,boot-hash-match 00208030
level02.elf,0024bf18,fun_00208030,boot-hash-match 00208030
level03.elf,002386a0,fun_00208030,boot-hash-match 00208030
level04.elf,0023cdb8,fun_00208030,boot-hash-match 00208030
level05.elf,00273390,fun_00208030,boot-hash-match 00208030
level06.elf,00259088,fun_00208030,boot-hash-match 00208030
level07.elf,00271b50,fun_00208030,boot-hash-match 00208030
level08.elf,00253fb8,fun_00208030,boot-hash-match 00208030
level09.elf,002694b8,fun_00208030,boot-hash-match 00208030
level10.elf,0023ce40,fun_00208030,boot-hash-match 00208030
level11.elf,0026f778,fun_00208030,boot-hash-match 00208030
level12.elf,002625b8,fun_00208030,boot-hash-match 00208030
level13.elf,00255648,fun_00208030,boot-hash-match 00208030
level14.elf,00251f58,fun_00208030,boot-hash-match 00208030
level15.elf,002399c8,fun_00208030,boot-hash-match 00208030
level16.elf,00245aa0,fun_00208030,boot-hash-match 00208030
level17.elf,00244ac0,fun_00208030,boot-hash-match 00208030
level18.elf,0024c6b0,fun_00208030,boot-hash-match 00208030
level00.elf,0024a7e8,fun_00208408,boot-hash-match 00208408
level01.elf,0025e800,fun_00208408,boot-hash-match 00208408
level02.elf,0024c338,fun_00208408,boot-hash-match 00208408
level03.elf,00238ac0,fun_00208408,boot-hash-match 00208408
level04.elf,0023d1d8,fun_00208408,boot-hash-match 00208408
level05.elf,002737b0,fun_00208408,boot-hash-match 00208408
level06.elf,002594a8,fun_00208408,boot-hash-match 00208408
level07.elf,00271f70,fun_00208408,boot-hash-match 00208408
level08.elf,002543d8,fun_00208408,boot-hash-match 00208408
level09.elf,002698d8,fun_00208408,boot-hash-match 00208408
level10.elf,0023d260,fun_00208408,boot-hash-match 00208408
level11.elf,0026fb98,fun_00208408,boot-hash-match 00208408
level12.elf,002629d8,fun_00208408,boot-hash-match 00208408
level13.elf,00255a68,fun_00208408,boot-hash-match 00208408
level14.elf,00252378,fun_00208408,boot-hash-match 00208408
level15.elf,00239de8,fun_00208408,boot-hash-match 00208408
level16.elf,00245ec0,fun_00208408,boot-hash-match 00208408
level17.elf,00244ee0,fun_00208408,boot-hash-match 00208408
level18.elf,0024cad0,fun_00208408,boot-hash-match 00208408
level00.elf,0024a8e8,fun_00208508,boot-hash-match 00208508
level01.elf,0025e900,fun_00208508,boot-hash-match 00208508
level02.elf,0024c438,fun_00208508,boot-hash-match 00208508
level03.elf,00238bc0,fun_00208508,boot-hash-match 00208508
level04.elf,0023d2d8,fun_00208508,boot-hash-match 00208508
level05.elf,002738b0,fun_00208508,boot-hash-match 00208508
level06.elf,002595a8,fun_00208508,boot-hash-match 00208508
level07.elf,00272070,fun_00208508,boot-hash-match 00208508
level08.elf,002544d8,fun_00208508,boot-hash-match 00208508
level09.elf,002699d8,fun_00208508,boot-hash-match 00208508
level10.elf,0023d360,fun_00208508,boot-hash-match 00208508
level11.elf,0026fc98,fun_00208508,boot-hash-match 00208508
level12.elf,00262ad8,fun_00208508,boot-hash-match 00208508
level13.elf,00255b68,fun_00208508,boot-hash-match 00208508
level14.elf,00252478,fun_00208508,boot-hash-match 00208508
level15.elf,00239ee8,fun_00208508,boot-hash-match 00208508
level16.elf,00245fc0,fun_00208508,boot-hash-match 00208508
level17.elf,00244fe0,fun_00208508,boot-hash-match 00208508
level18.elf,0024cbd0,fun_00208508,boot-hash-match 00208508
level00.elf,0024ab50,fun_00208770,boot-hash-match 00208770
level01.elf,0025eb68,fun_00208770,boot-hash-match 00208770
level02.elf,0024c6a0,fun_00208770,boot-hash-match 00208770
level03.elf,00238e28,fun_00208770,boot-hash-match 00208770
level04.elf,0023d540,fun_00208770,boot-hash-match 00208770
level05.elf,00273b18,fun_00208770,boot-hash-match 00208770
level06.elf,00259810,fun_00208770,boot-hash-match 00208770
level07.elf,002722d8,fun_00208770,boot-hash-match 00208770
level08.elf,00254740,fun_00208770,boot-hash-match 00208770
level09.elf,00269c40,fun_00208770,boot-hash-match 00208770
level10.elf,0023d5c8,fun_00208770,boot-hash-match 00208770
level11.elf,0026ff00,fun_00208770,boot-hash-match 00208770
level12.elf,00262d40,fun_00208770,boot-hash-match 00208770
level13.elf,00255dd0,fun_00208770,boot-hash-match 00208770
level14.elf,002526e0,fun_00208770,boot-hash-match 00208770
level15.elf,0023a150,fun_00208770,boot-hash-match 00208770
level16.elf,00246228,fun_00208770,boot-hash-match 00208770
level17.elf,00245248,fun_00208770,boot-hash-match 00208770
level18.elf,0024ce38,fun_00208770,boot-hash-match 00208770
level00.elf,0024abf8,compute_cross_product_sign,boot-hash-match 00208818
level01.elf,0025ec10,compute_cross_product_sign,boot-hash-match 00208818
level02.elf,0024c748,compute_cross_product_sign,boot-hash-match 00208818
level03.elf,00238ed0,compute_cross_product_sign,boot-hash-match 00208818
level04.elf,0023d5e8,compute_cross_product_sign,boot-hash-match 00208818
level05.elf,00273bc0,compute_cross_product_sign,boot-hash-match 00208818
level06.elf,002598b8,compute_cross_product_sign,boot-hash-match 00208818
level07.elf,00272380,compute_cross_product_sign,boot-hash-match 00208818
level08.elf,002547e8,compute_cross_product_sign,boot-hash-match 00208818
level09.elf,00269ce8,compute_cross_product_sign,boot-hash-match 00208818
level10.elf,0023d670,compute_cross_product_sign,boot-hash-match 00208818
level11.elf,0026ffa8,compute_cross_product_sign,boot-hash-match 00208818
level12.elf,00262de8,compute_cross_product_sign,boot-hash-match 00208818
level13.elf,00255e78,compute_cross_product_sign,boot-hash-match 00208818
level14.elf,00252788,compute_cross_product_sign,boot-hash-match 00208818
level15.elf,0023a1f8,compute_cross_product_sign,boot-hash-match 00208818
level16.elf,002462d0,compute_cross_product_sign,boot-hash-match 00208818
level17.elf,002452f0,compute_cross_product_sign,boot-hash-match 00208818
level18.elf,0024cee0,compute_cross_product_sign,boot-hash-match 00208818
level00.elf,0024ac20,fun_00208840,boot-hash-match 00208840
level01.elf,0025ec38,fun_00208840,boot-hash-match 00208840
level02.elf,0024c770,fun_00208840,boot-hash-match 00208840
level03.elf,00238ef8,fun_00208840,boot-hash-match 00208840
level04.elf,0023d610,fun_00208840,boot-hash-match 00208840
level05.elf,00273be8,fun_00208840,boot-hash-match 00208840
level06.elf,002598e0,fun_00208840,boot-hash-match 00208840
level07.elf,002723a8,fun_00208840,boot-hash-match 00208840
level08.elf,00254810,fun_00208840,boot-hash-match 00208840
level09.elf,00269d10,fun_00208840,boot-hash-match 00208840
level10.elf,0023d698,fun_00208840,boot-hash-match 00208840
level11.elf,0026ffd0,fun_00208840,boot-hash-match 00208840
level12.elf,00262e10,fun_00208840,boot-hash-match 00208840
level13.elf,00255ea0,fun_00208840,boot-hash-match 00208840
level14.elf,002527b0,fun_00208840,boot-hash-match 00208840
level15.elf,0023a220,fun_00208840,boot-hash-match 00208840
level16.elf,002462f8,fun_00208840,boot-hash-match 00208840
level17.elf,00245318,fun_00208840,boot-hash-match 00208840
level18.elf,0024cf08,fun_00208840,boot-hash-match 00208840
level00.elf,0024b308,fun_00208f28,boot-hash-match 00208f28
level01.elf,0025f320,fun_00208f28,boot-hash-match 00208f28
level02.elf,0024ce58,fun_00208f28,boot-hash-match 00208f28
level03.elf,002395e0,fun_00208f28,boot-hash-match 00208f28
level04.elf,0023dcf8,fun_00208f28,boot-hash-match 00208f28
level05.elf,002742d0,fun_00208f28,boot-hash-match 00208f28
level06.elf,00259fc8,fun_00208f28,boot-hash-match 00208f28
level07.elf,00272a90,fun_00208f28,boot-hash-match 00208f28
level08.elf,00254ef8,fun_00208f28,boot-hash-match 00208f28
level09.elf,0026a3f8,fun_00208f28,boot-hash-match 00208f28
level10.elf,0023dd80,fun_00208f28,boot-hash-match 00208f28
level11.elf,002706b8,fun_00208f28,boot-hash-match 00208f28
level12.elf,002634f8,fun_00208f28,boot-hash-match 00208f28
level13.elf,00256588,fun_00208f28,boot-hash-match 00208f28
level14.elf,00252e98,fun_00208f28,boot-hash-match 00208f28
level15.elf,0023a908,fun_00208f28,boot-hash-match 00208f28
level16.elf,002469e0,fun_00208f28,boot-hash-match 00208f28
level17.elf,00245a00,fun_00208f28,boot-hash-match 00208f28
level18.elf,0024d5f0,fun_00208f28,boot-hash-match 00208f28
level00.elf,0024b628,load_and_initialize_level_chunk,boot-hash-match 00209370
level01.elf,0025f640,load_and_initialize_level_chunk,boot-hash-match 00209370
level02.elf,0024d178,load_and_initialize_level_chunk,boot-hash-match 00209370
level03.elf,00239900,load_and_initialize_level_chunk,boot-hash-match 00209370
level04.elf,0023e018,load_and_initialize_level_chunk,boot-hash-match 00209370
level05.elf,002745f0,load_and_initialize_level_chunk,boot-hash-match 00209370
level06.elf,0025a2e8,load_and_initialize_level_chunk,boot-hash-match 00209370
level07.elf,00272db0,load_and_initialize_level_chunk,boot-hash-match 00209370
level08.elf,00255218,load_and_initialize_level_chunk,boot-hash-match 00209370
level09.elf,0026a718,load_and_initialize_level_chunk,boot-hash-match 00209370
level10.elf,0023e0a0,load_and_initialize_level_chunk,boot-hash-match 00209370
level11.elf,002709d8,load_and_initialize_level_chunk,boot-hash-match 00209370
level12.elf,00263818,load_and_initialize_level_chunk,boot-hash-match 00209370
level13.elf,002568a8,load_and_initialize_level_chunk,boot-hash-match 00209370
level14.elf,002531b8,load_and_initialize_level_chunk,boot-hash-match 00209370
level15.elf,0023ac28,load_and_initialize_level_chunk,boot-hash-match 00209370
level16.elf,00246d00,load_and_initialize_level_chunk,boot-hash-match 00209370
level17.elf,00245d20,load_and_initialize_level_chunk,boot-hash-match 00209370
level18.elf,0024d910,load_and_initialize_level_chunk,boot-hash-match 00209370
level00.elf,0024d760,fun_0020b4a8,boot-hash-match 0020b4a8
level01.elf,00261778,fun_0020b4a8,boot-hash-match 0020b4a8
level02.elf,0024f2b0,fun_0020b4a8,boot-hash-match 0020b4a8
level03.elf,0023ba38,fun_0020b4a8,boot-hash-match 0020b4a8
level04.elf,00240150,fun_0020b4a8,boot-hash-match 0020b4a8
level05.elf,00276728,fun_0020b4a8,boot-hash-match 0020b4a8
level06.elf,0025c420,fun_0020b4a8,boot-hash-match 0020b4a8
level07.elf,00274ee8,fun_0020b4a8,boot-hash-match 0020b4a8
level08.elf,00257350,fun_0020b4a8,boot-hash-match 0020b4a8
level09.elf,0026c850,fun_0020b4a8,boot-hash-match 0020b4a8
level10.elf,002401d8,fun_0020b4a8,boot-hash-match 0020b4a8
level11.elf,00272b10,fun_0020b4a8,boot-hash-match 0020b4a8
level12.elf,00265950,fun_0020b4a8,boot-hash-match 0020b4a8
level13.elf,002589e0,fun_0020b4a8,boot-hash-match 0020b4a8
level14.elf,002552f0,fun_0020b4a8,boot-hash-match 0020b4a8
level15.elf,0023cd60,fun_0020b4a8,boot-hash-match 0020b4a8
level16.elf,00248e38,fun_0020b4a8,boot-hash-match 0020b4a8
level17.elf,00247e58,fun_0020b4a8,boot-hash-match 0020b4a8
level18.elf,0024fa48,fun_0020b4a8,boot-hash-match 0020b4a8
level01.elf,002618e8,fun_0020b618,boot-hash-match 0020b618
level02.elf,0024f420,fun_0020b618,boot-hash-match 0020b618
level03.elf,0023bba8,fun_0020b618,boot-hash-match 0020b618
level05.elf,00276898,fun_0020b618,boot-hash-match 0020b618
level07.elf,00275058,fun_0020b618,boot-hash-match 0020b618
level08.elf,002574c0,fun_0020b618,boot-hash-match 0020b618
level09.elf,0026c9c0,fun_0020b618,boot-hash-match 0020b618
level11.elf,00272c80,fun_0020b618,boot-hash-match 0020b618
level12.elf,00265ac0,fun_0020b618,boot-hash-match 0020b618
level13.elf,00258b50,fun_0020b618,boot-hash-match 0020b618
level14.elf,00255460,fun_0020b618,boot-hash-match 0020b618
level00.elf,0024dda8,fun_0020baf0,boot-hash-match 0020baf0
level01.elf,00262900,fun_0020baf0,boot-hash-match 0020baf0
level02.elf,00250190,fun_0020baf0,boot-hash-match 0020baf0
level03.elf,0023c918,fun_0020baf0,boot-hash-match 0020baf0
level04.elf,00240798,fun_0020baf0,boot-hash-match 0020baf0
level05.elf,00278010,fun_0020baf0,boot-hash-match 0020baf0
level06.elf,0025ca68,fun_0020baf0,boot-hash-match 0020baf0
level07.elf,002767d0,fun_0020baf0,boot-hash-match 0020baf0
level08.elf,002582a8,fun_0020baf0,boot-hash-match 0020baf0
level09.elf,0026d730,fun_0020baf0,boot-hash-match 0020baf0
level10.elf,00240820,fun_0020baf0,boot-hash-match 0020baf0
level11.elf,00273bd8,fun_0020baf0,boot-hash-match 0020baf0
level12.elf,00266ae8,fun_0020baf0,boot-hash-match 0020baf0
level13.elf,00259a30,fun_0020baf0,boot-hash-match 0020baf0
level14.elf,002562a8,fun_0020baf0,boot-hash-match 0020baf0
level15.elf,0023d3a8,fun_0020baf0,boot-hash-match 0020baf0
level16.elf,00249480,fun_0020baf0,boot-hash-match 0020baf0
level17.elf,002484a0,fun_0020baf0,boot-hash-match 0020baf0
level18.elf,00250090,fun_0020baf0,boot-hash-match 0020baf0
level00.elf,0024deb8,fun_0020bc00,boot-hash-match 0020bc00
level01.elf,00262a10,fun_0020bc00,boot-hash-match 0020bc00
level02.elf,002502a0,fun_0020bc00,boot-hash-match 0020bc00
level03.elf,0023ca28,fun_0020bc00,boot-hash-match 0020bc00
level04.elf,002408a8,fun_0020bc00,boot-hash-match 0020bc00
level05.elf,00278120,fun_0020bc00,boot-hash-match 0020bc00
level06.elf,0025cb78,fun_0020bc00,boot-hash-match 0020bc00
level07.elf,002768e0,fun_0020bc00,boot-hash-match 0020bc00
level08.elf,002583b8,fun_0020bc00,boot-hash-match 0020bc00
level09.elf,0026d840,fun_0020bc00,boot-hash-match 0020bc00
level10.elf,00240930,fun_0020bc00,boot-hash-match 0020bc00
level11.elf,00273ce8,fun_0020bc00,boot-hash-match 0020bc00
level12.elf,00266bf8,fun_0020bc00,boot-hash-match 0020bc00
level13.elf,00259b40,fun_0020bc00,boot-hash-match 0020bc00
level14.elf,002563b8,fun_0020bc00,boot-hash-match 0020bc00
level15.elf,0023d4b8,fun_0020bc00,boot-hash-match 0020bc00
level16.elf,00249590,fun_0020bc00,boot-hash-match 0020bc00
level17.elf,002485b0,fun_0020bc00,boot-hash-match 0020bc00
level18.elf,002501a0,fun_0020bc00,boot-hash-match 0020bc00
level00.elf,0024ebc0,update_moby_animation_state,boot-hash-match 0020c880
level01.elf,00263718,update_moby_animation_state,boot-hash-match 0020c880
level02.elf,00250fa8,update_moby_animation_state,boot-hash-match 0020c880
level03.elf,0023d730,update_moby_animation_state,boot-hash-match 0020c880
level04.elf,002415b0,update_moby_animation_state,boot-hash-match 0020c880
level05.elf,00278e28,update_moby_animation_state,boot-hash-match 0020c880
level06.elf,0025d880,update_moby_animation_state,boot-hash-match 0020c880
level07.elf,002775e8,update_moby_animation_state,boot-hash-match 0020c880
level08.elf,002590c0,update_moby_animation_state,boot-hash-match 0020c880
level09.elf,0026e548,update_moby_animation_state,boot-hash-match 0020c880
level10.elf,00241638,update_moby_animation_state,boot-hash-match 0020c880
level11.elf,002749f0,update_moby_animation_state,boot-hash-match 0020c880
level12.elf,00267900,update_moby_animation_state,boot-hash-match 0020c880
level13.elf,0025a848,update_moby_animation_state,boot-hash-match 0020c880
level14.elf,002570c0,update_moby_animation_state,boot-hash-match 0020c880
level15.elf,0023e1c0,update_moby_animation_state,boot-hash-match 0020c880
level16.elf,0024a298,update_moby_animation_state,boot-hash-match 0020c880
level17.elf,002492b8,update_moby_animation_state,boot-hash-match 0020c880
level18.elf,00250ea8,update_moby_animation_state,boot-hash-match 0020c880
level00.elf,0024f698,find_or_allocate_id_slot,boot-hash-match 0020cc18
level01.elf,00264478,find_or_allocate_id_slot,boot-hash-match 0020cc18
level02.elf,00251d08,find_or_allocate_id_slot,boot-hash-match 0020cc18
level03.elf,0023e208,find_or_allocate_id_slot,boot-hash-match 0020cc18
level04.elf,002423d0,find_or_allocate_id_slot,boot-hash-match 0020cc18
level05.elf,00279900,find_or_allocate_id_slot,boot-hash-match 0020cc18
level06.elf,0025e358,find_or_allocate_id_slot,boot-hash-match 0020cc18
level07.elf,002780c0,find_or_allocate_id_slot,boot-hash-match 0020cc18
level08.elf,00259b98,find_or_allocate_id_slot,boot-hash-match 0020cc18
level09.elf,0026f020,find_or_allocate_id_slot,boot-hash-match 0020cc18
level10.elf,00242110,find_or_allocate_id_slot,boot-hash-match 0020cc18
level11.elf,002754c8,find_or_allocate_id_slot,boot-hash-match 0020cc18
level12.elf,002683d8,find_or_allocate_id_slot,boot-hash-match 0020cc18
level13.elf,0025b320,find_or_allocate_id_slot,boot-hash-match 0020cc18
level14.elf,00257b98,find_or_allocate_id_slot,boot-hash-match 0020cc18
level15.elf,0023ed00,find_or_allocate_id_slot,boot-hash-match 0020cc18
level16.elf,0024ad70,find_or_allocate_id_slot,boot-hash-match 0020cc18
level17.elf,00249e50,find_or_allocate_id_slot,boot-hash-match 0020cc18
level18.elf,00251980,find_or_allocate_id_slot,boot-hash-match 0020cc18
level00.elf,0024f6e0,fun_0020cc60,boot-hash-match 0020cc60
level01.elf,002644c0,fun_0020cc60,boot-hash-match 0020cc60
level02.elf,00251d50,fun_0020cc60,boot-hash-match 0020cc60
level03.elf,0023e250,fun_0020cc60,boot-hash-match 0020cc60
level04.elf,00242418,fun_0020cc60,boot-hash-match 0020cc60
level05.elf,00279948,fun_0020cc60,boot-hash-match 0020cc60
level06.elf,0025e3a0,fun_0020cc60,boot-hash-match 0020cc60
level07.elf,00278108,fun_0020cc60,boot-hash-match 0020cc60
level08.elf,00259be0,fun_0020cc60,boot-hash-match 0020cc60
level09.elf,0026f068,fun_0020cc60,boot-hash-match 0020cc60
level10.elf,00242158,fun_0020cc60,boot-hash-match 0020cc60
level11.elf,00275510,fun_0020cc60,boot-hash-match 0020cc60
level12.elf,00268420,fun_0020cc60,boot-hash-match 0020cc60
level13.elf,0025b368,fun_0020cc60,boot-hash-match 0020cc60
level14.elf,00257be0,fun_0020cc60,boot-hash-match 0020cc60
level15.elf,0023ed48,fun_0020cc60,boot-hash-match 0020cc60
level16.elf,0024adb8,fun_0020cc60,boot-hash-match 0020cc60
level17.elf,00249e98,fun_0020cc60,boot-hash-match 0020cc60
level18.elf,002519c8,fun_0020cc60,boot-hash-match 0020cc60
level00.elf,0024f728,fun_0020cca8,boot-hash-match 0020cca8
level01.elf,00264508,fun_0020cca8,boot-hash-match 0020cca8
level02.elf,00251d98,fun_0020cca8,boot-hash-match 0020cca8
level03.elf,0023e298,fun_0020cca8,boot-hash-match 0020cca8
level04.elf,00242460,fun_0020cca8,boot-hash-match 0020cca8
level05.elf,00279990,fun_0020cca8,boot-hash-match 0020cca8
level06.elf,0025e3e8,fun_0020cca8,boot-hash-match 0020cca8
level07.elf,00278150,fun_0020cca8,boot-hash-match 0020cca8
level08.elf,00259c28,fun_0020cca8,boot-hash-match 0020cca8
level09.elf,0026f0b0,fun_0020cca8,boot-hash-match 0020cca8
level10.elf,002421a0,fun_0020cca8,boot-hash-match 0020cca8
level11.elf,00275558,fun_0020cca8,boot-hash-match 0020cca8
level12.elf,00268468,fun_0020cca8,boot-hash-match 0020cca8
level13.elf,0025b3b0,fun_0020cca8,boot-hash-match 0020cca8
level14.elf,00257c28,fun_0020cca8,boot-hash-match 0020cca8
level15.elf,0023ed90,fun_0020cca8,boot-hash-match 0020cca8
level16.elf,0024ae00,fun_0020cca8,boot-hash-match 0020cca8
level17.elf,00249ee0,fun_0020cca8,boot-hash-match 0020cca8
level18.elf,00251a10,fun_0020cca8,boot-hash-match 0020cca8
level00.elf,0024fba8,fun_0020cfd0,boot-hash-match 0020cfd0
level01.elf,00264988,fun_0020cfd0,boot-hash-match 0020cfd0
level02.elf,00252218,fun_0020cfd0,boot-hash-match 0020cfd0
level03.elf,0023e718,fun_0020cfd0,boot-hash-match 0020cfd0
level04.elf,002428e0,fun_0020cfd0,boot-hash-match 0020cfd0
level05.elf,00279e10,fun_0020cfd0,boot-hash-match 0020cfd0
level06.elf,0025e868,fun_0020cfd0,boot-hash-match 0020cfd0
level07.elf,002785d0,fun_0020cfd0,boot-hash-match 0020cfd0
level08.elf,0025a0a8,fun_0020cfd0,boot-hash-match 0020cfd0
level09.elf,0026f530,fun_0020cfd0,boot-hash-match 0020cfd0
level10.elf,00242620,fun_0020cfd0,boot-hash-match 0020cfd0
level11.elf,002759d8,fun_0020cfd0,boot-hash-match 0020cfd0
level12.elf,002688e8,fun_0020cfd0,boot-hash-match 0020cfd0
level13.elf,0025b830,fun_0020cfd0,boot-hash-match 0020cfd0
level14.elf,002580a8,fun_0020cfd0,boot-hash-match 0020cfd0
level15.elf,0023f210,fun_0020cfd0,boot-hash-match 0020cfd0
level16.elf,0024b280,fun_0020cfd0,boot-hash-match 0020cfd0
level17.elf,0024a360,fun_0020cfd0,boot-hash-match 0020cfd0
level18.elf,00251e90,fun_0020cfd0,boot-hash-match 0020cfd0
level00.elf,0024fc38,fun_0020d060,boot-hash-match 0020d060
level01.elf,00264a18,fun_0020d060,boot-hash-match 0020d060
level02.elf,002522a8,fun_0020d060,boot-hash-match 0020d060
level03.elf,0023e7a8,fun_0020d060,boot-hash-match 0020d060
level04.elf,00242970,fun_0020d060,boot-hash-match 0020d060
level05.elf,00279ea0,fun_0020d060,boot-hash-match 0020d060
level06.elf,0025e8f8,fun_0020d060,boot-hash-match 0020d060
level07.elf,00278660,fun_0020d060,boot-hash-match 0020d060
level08.elf,0025a138,fun_0020d060,boot-hash-match 0020d060
level09.elf,0026f5c0,fun_0020d060,boot-hash-match 0020d060
level10.elf,002426b0,fun_0020d060,boot-hash-match 0020d060
level11.elf,00275a68,fun_0020d060,boot-hash-match 0020d060
level12.elf,00268978,fun_0020d060,boot-hash-match 0020d060
level13.elf,0025b8c0,fun_0020d060,boot-hash-match 0020d060
level14.elf,00258138,fun_0020d060,boot-hash-match 0020d060
level15.elf,0023f2a0,fun_0020d060,boot-hash-match 0020d060
level16.elf,0024b310,fun_0020d060,boot-hash-match 0020d060
level17.elf,0024a3f0,fun_0020d060,boot-hash-match 0020d060
level18.elf,00251f20,fun_0020d060,boot-hash-match 0020d060
level00.elf,002502d0,pack_render_command_fields,boot-hash-match 0020d4f0
level01.elf,002650b0,pack_render_command_fields,boot-hash-match 0020d4f0
level02.elf,00252940,pack_render_command_fields,boot-hash-match 0020d4f0
level03.elf,0023ee40,pack_render_command_fields,boot-hash-match 0020d4f0
level04.elf,00243008,pack_render_command_fields,boot-hash-match 0020d4f0
level05.elf,0027a538,pack_render_command_fields,boot-hash-match 0020d4f0
level06.elf,0025ef90,pack_render_command_fields,boot-hash-match 0020d4f0
level07.elf,00278cf8,pack_render_command_fields,boot-hash-match 0020d4f0
level08.elf,0025a7d0,pack_render_command_fields,boot-hash-match 0020d4f0
level09.elf,0026fc58,pack_render_command_fields,boot-hash-match 0020d4f0
level10.elf,00242d48,pack_render_command_fields,boot-hash-match 0020d4f0
level11.elf,00276100,pack_render_command_fields,boot-hash-match 0020d4f0
level12.elf,00269010,pack_render_command_fields,boot-hash-match 0020d4f0
level13.elf,0025bf58,pack_render_command_fields,boot-hash-match 0020d4f0
level14.elf,002587d0,pack_render_command_fields,boot-hash-match 0020d4f0
level15.elf,0023f938,pack_render_command_fields,boot-hash-match 0020d4f0
level16.elf,0024b9a8,pack_render_command_fields,boot-hash-match 0020d4f0
level17.elf,0024aa88,pack_render_command_fields,boot-hash-match 0020d4f0
level18.elf,002525b8,pack_render_command_fields,boot-hash-match 0020d4f0
level00.elf,00250350,fun_0020d510,boot-hash-match 0020d510
level01.elf,00265130,fun_0020d510,boot-hash-match 0020d510
level02.elf,002529c0,fun_0020d510,boot-hash-match 0020d510
level03.elf,0023eec0,fun_0020d510,boot-hash-match 0020d510
level04.elf,00243088,fun_0020d510,boot-hash-match 0020d510
level05.elf,0027a5b8,fun_0020d510,boot-hash-match 0020d510
level06.elf,0025f010,fun_0020d510,boot-hash-match 0020d510
level07.elf,00278d78,fun_0020d510,boot-hash-match 0020d510
level08.elf,0025a850,fun_0020d510,boot-hash-match 0020d510
level09.elf,0026fcd8,fun_0020d510,boot-hash-match 0020d510
level10.elf,00242dc8,fun_0020d510,boot-hash-match 0020d510
level11.elf,00276180,fun_0020d510,boot-hash-match 0020d510
level12.elf,00269090,fun_0020d510,boot-hash-match 0020d510
level13.elf,0025bfd8,fun_0020d510,boot-hash-match 0020d510
level14.elf,00258850,fun_0020d510,boot-hash-match 0020d510
level15.elf,0023f9b8,fun_0020d510,boot-hash-match 0020d510
level16.elf,0024ba28,fun_0020d510,boot-hash-match 0020d510
level17.elf,0024ab08,fun_0020d510,boot-hash-match 0020d510
level18.elf,00252638,fun_0020d510,boot-hash-match 0020d510
level00.elf,00250480,fun_0020d580,boot-hash-match 0020d580
level01.elf,00265260,fun_0020d580,boot-hash-match 0020d580
level02.elf,00252af0,fun_0020d580,boot-hash-match 0020d580
level03.elf,0023eff0,fun_0020d580,boot-hash-match 0020d580
level04.elf,002431b8,fun_0020d580,boot-hash-match 0020d580
level05.elf,0027a6e8,fun_0020d580,boot-hash-match 0020d580
level06.elf,0025f140,fun_0020d580,boot-hash-match 0020d580
level07.elf,00278ea8,fun_0020d580,boot-hash-match 0020d580
level08.elf,0025a980,fun_0020d580,boot-hash-match 0020d580
level09.elf,0026fe08,fun_0020d580,boot-hash-match 0020d580
level10.elf,00242ef8,fun_0020d580,boot-hash-match 0020d580
level11.elf,002762b0,fun_0020d580,boot-hash-match 0020d580
level12.elf,002691c0,fun_0020d580,boot-hash-match 0020d580
level13.elf,0025c108,fun_0020d580,boot-hash-match 0020d580
level14.elf,00258980,fun_0020d580,boot-hash-match 0020d580
level15.elf,0023fae8,fun_0020d580,boot-hash-match 0020d580
level16.elf,0024bb58,fun_0020d580,boot-hash-match 0020d580
level17.elf,0024ac38,fun_0020d580,boot-hash-match 0020d580
level18.elf,00252768,fun_0020d580,boot-hash-match 0020d580
level00.elf,00250768,fun_0020d868,boot-hash-match 0020d868
level01.elf,00265548,fun_0020d868,boot-hash-match 0020d868
level02.elf,00252dd8,fun_0020d868,boot-hash-match 0020d868
level03.elf,0023f2d8,fun_0020d868,boot-hash-match 0020d868
level04.elf,002434a0,fun_0020d868,boot-hash-match 0020d868
level05.elf,0027a9d0,fun_0020d868,boot-hash-match 0020d868
level06.elf,0025f428,fun_0020d868,boot-hash-match 0020d868
level07.elf,00279190,fun_0020d868,boot-hash-match 0020d868
level08.elf,0025ac68,fun_0020d868,boot-hash-match 0020d868
level09.elf,002700f0,fun_0020d868,boot-hash-match 0020d868
level10.elf,002431e0,fun_0020d868,boot-hash-match 0020d868
level11.elf,00276598,fun_0020d868,boot-hash-match 0020d868
level12.elf,002694a8,fun_0020d868,boot-hash-match 0020d868
level13.elf,0025c3f0,fun_0020d868,boot-hash-match 0020d868
level14.elf,00258c68,fun_0020d868,boot-hash-match 0020d868
level15.elf,0023fdd0,fun_0020d868,boot-hash-match 0020d868
level16.elf,0024be40,fun_0020d868,boot-hash-match 0020d868
level17.elf,0024af20,fun_0020d868,boot-hash-match 0020d868
level18.elf,00252a50,fun_0020d868,boot-hash-match 0020d868
level00.elf,00250a40,fun_0020db40,boot-hash-match 0020db40
level01.elf,00265820,fun_0020db40,boot-hash-match 0020db40
level02.elf,002530b0,fun_0020db40,boot-hash-match 0020db40
level03.elf,0023f5b0,fun_0020db40,boot-hash-match 0020db40
level04.elf,00243778,fun_0020db40,boot-hash-match 0020db40
level05.elf,0027aca8,fun_0020db40,boot-hash-match 0020db40
level06.elf,0025f700,fun_0020db40,boot-hash-match 0020db40
level07.elf,00279468,fun_0020db40,boot-hash-match 0020db40
level08.elf,0025af40,fun_0020db40,boot-hash-match 0020db40
level09.elf,002703c8,fun_0020db40,boot-hash-match 0020db40
level10.elf,002434b8,fun_0020db40,boot-hash-match 0020db40
level11.elf,00276870,fun_0020db40,boot-hash-match 0020db40
level12.elf,00269780,fun_0020db40,boot-hash-match 0020db40
level13.elf,0025c6c8,fun_0020db40,boot-hash-match 0020db40
level14.elf,00258f40,fun_0020db40,boot-hash-match 0020db40
level15.elf,002400a8,fun_0020db40,boot-hash-match 0020db40
level16.elf,0024c118,fun_0020db40,boot-hash-match 0020db40
level17.elf,0024b1f8,fun_0020db40,boot-hash-match 0020db40
level18.elf,00252d28,fun_0020db40,boot-hash-match 0020db40
level00.elf,00250aa0,fun_0020dba0,boot-hash-match 0020dba0
level01.elf,00265880,fun_0020dba0,boot-hash-match 0020dba0
level02.elf,00253110,fun_0020dba0,boot-hash-match 0020dba0
level03.elf,0023f610,fun_0020dba0,boot-hash-match 0020dba0
level04.elf,002437d8,fun_0020dba0,boot-hash-match 0020dba0
level05.elf,0027ad08,fun_0020dba0,boot-hash-match 0020dba0
level06.elf,0025f760,fun_0020dba0,boot-hash-match 0020dba0
level07.elf,002794c8,fun_0020dba0,boot-hash-match 0020dba0
level08.elf,0025afa0,fun_0020dba0,boot-hash-match 0020dba0
level09.elf,00270428,fun_0020dba0,boot-hash-match 0020dba0
level10.elf,00243518,fun_0020dba0,boot-hash-match 0020dba0
level11.elf,002768d0,fun_0020dba0,boot-hash-match 0020dba0
level12.elf,002697e0,fun_0020dba0,boot-hash-match 0020dba0
level13.elf,0025c728,fun_0020dba0,boot-hash-match 0020dba0
level14.elf,00258fa0,fun_0020dba0,boot-hash-match 0020dba0
level15.elf,00240108,fun_0020dba0,boot-hash-match 0020dba0
level16.elf,0024c178,fun_0020dba0,boot-hash-match 0020dba0
level17.elf,0024b258,fun_0020dba0,boot-hash-match 0020dba0
level18.elf,00252d88,fun_0020dba0,boot-hash-match 0020dba0
level00.elf,00250df8,fun_0020def8,boot-hash-match 0020def8
level01.elf,00265bd8,fun_0020def8,boot-hash-match 0020def8
level02.elf,00253468,fun_0020def8,boot-hash-match 0020def8
level03.elf,0023f968,fun_0020def8,boot-hash-match 0020def8
level04.elf,00243b30,fun_0020def8,boot-hash-match 0020def8
level05.elf,0027b060,fun_0020def8,boot-hash-match 0020def8
level06.elf,0025fab8,fun_0020def8,boot-hash-match 0020def8
level07.elf,00279820,fun_0020def8,boot-hash-match 0020def8
level08.elf,0025b2f8,fun_0020def8,boot-hash-match 0020def8
level09.elf,00270780,fun_0020def8,boot-hash-match 0020def8
level10.elf,00243870,fun_0020def8,boot-hash-match 0020def8
level11.elf,00276c28,fun_0020def8,boot-hash-match 0020def8
level12.elf,00269b38,fun_0020def8,boot-hash-match 0020def8
level13.elf,0025ca80,fun_0020def8,boot-hash-match 0020def8
level14.elf,002592f8,fun_0020def8,boot-hash-match 0020def8
level15.elf,00240460,fun_0020def8,boot-hash-match 0020def8
level16.elf,0024c4d0,fun_0020def8,boot-hash-match 0020def8
level17.elf,0024b5b0,fun_0020def8,boot-hash-match 0020def8
level18.elf,002530e0,fun_0020def8,boot-hash-match 0020def8
level00.elf,00250f98,fun_0020e098,boot-hash-match 0020e098
level01.elf,00265d78,fun_0020e098,boot-hash-match 0020e098
level02.elf,00253608,fun_0020e098,boot-hash-match 0020e098
level03.elf,0023fb08,fun_0020e098,boot-hash-match 0020e098
level04.elf,00243cd0,fun_0020e098,boot-hash-match 0020e098
level05.elf,0027b200,fun_0020e098,boot-hash-match 0020e098
level06.elf,0025fc58,fun_0020e098,boot-hash-match 0020e098
level07.elf,002799c0,fun_0020e098,boot-hash-match 0020e098
level08.elf,0025b498,fun_0020e098,boot-hash-match 0020e098
level09.elf,00270920,fun_0020e098,boot-hash-match 0020e098
level10.elf,00243a10,fun_0020e098,boot-hash-match 0020e098
level11.elf,00276dc8,fun_0020e098,boot-hash-match 0020e098
level12.elf,00269cd8,fun_0020e098,boot-hash-match 0020e098
level13.elf,0025cc20,fun_0020e098,boot-hash-match 0020e098
level14.elf,00259498,fun_0020e098,boot-hash-match 0020e098
level15.elf,00240600,fun_0020e098,boot-hash-match 0020e098
level16.elf,0024c670,fun_0020e098,boot-hash-match 0020e098
level17.elf,0024b750,fun_0020e098,boot-hash-match 0020e098
level18.elf,00253280,fun_0020e098,boot-hash-match 0020e098
level00.elf,00250fe0,fun_0020e0e0,boot-hash-match 0020e0e0
level01.elf,00265dc0,fun_0020e0e0,boot-hash-match 0020e0e0
level02.elf,00253650,fun_0020e0e0,boot-hash-match 0020e0e0
level03.elf,0023fb50,fun_0020e0e0,boot-hash-match 0020e0e0
level04.elf,00243d18,fun_0020e0e0,boot-hash-match 0020e0e0
level05.elf,0027b248,fun_0020e0e0,boot-hash-match 0020e0e0
level06.elf,0025fca0,fun_0020e0e0,boot-hash-match 0020e0e0
level07.elf,00279a08,fun_0020e0e0,boot-hash-match 0020e0e0
level08.elf,0025b4e0,fun_0020e0e0,boot-hash-match 0020e0e0
level09.elf,00270968,fun_0020e0e0,boot-hash-match 0020e0e0
level10.elf,00243a58,fun_0020e0e0,boot-hash-match 0020e0e0
level11.elf,00276e10,fun_0020e0e0,boot-hash-match 0020e0e0
level12.elf,00269d20,fun_0020e0e0,boot-hash-match 0020e0e0
level13.elf,0025cc68,fun_0020e0e0,boot-hash-match 0020e0e0
level14.elf,002594e0,fun_0020e0e0,boot-hash-match 0020e0e0
level15.elf,00240648,fun_0020e0e0,boot-hash-match 0020e0e0
level16.elf,0024c6b8,fun_0020e0e0,boot-hash-match 0020e0e0
level17.elf,0024b798,fun_0020e0e0,boot-hash-match 0020e0e0
level18.elf,002532c8,fun_0020e0e0,boot-hash-match 0020e0e0
level00.elf,00251ce8,fun_0020ede8,boot-hash-match 0020ede8
level01.elf,00266ac8,fun_0020ede8,boot-hash-match 0020ede8
level02.elf,00254358,fun_0020ede8,boot-hash-match 0020ede8
level03.elf,00240858,fun_0020ede8,boot-hash-match 0020ede8
level04.elf,00244a20,fun_0020ede8,boot-hash-match 0020ede8
level05.elf,0027bf50,fun_0020ede8,boot-hash-match 0020ede8
level06.elf,002609a8,fun_0020ede8,boot-hash-match 0020ede8
level07.elf,0027a710,fun_0020ede8,boot-hash-match 0020ede8
level08.elf,0025c1e8,fun_0020ede8,boot-hash-match 0020ede8
level09.elf,00271670,fun_0020ede8,boot-hash-match 0020ede8
level10.elf,00244760,fun_0020ede8,boot-hash-match 0020ede8
level11.elf,00277b18,fun_0020ede8,boot-hash-match 0020ede8
level12.elf,0026aa28,fun_0020ede8,boot-hash-match 0020ede8
level13.elf,0025d970,fun_0020ede8,boot-hash-match 0020ede8
level14.elf,0025a1e8,fun_0020ede8,boot-hash-match 0020ede8
level15.elf,00241350,fun_0020ede8,boot-hash-match 0020ede8
level16.elf,0024d3c0,fun_0020ede8,boot-hash-match 0020ede8
level17.elf,0024c4a0,fun_0020ede8,boot-hash-match 0020ede8
level18.elf,00253fd0,fun_0020ede8,boot-hash-match 0020ede8
level00.elf,002531e0,fun_0020fa90,boot-hash-match 0020fa90
level01.elf,00267fc0,fun_0020fa90,boot-hash-match 0020fa90
level02.elf,00255850,fun_0020fa90,boot-hash-match 0020fa90
level03.elf,00241d50,fun_0020fa90,boot-hash-match 0020fa90
level04.elf,00245f18,fun_0020fa90,boot-hash-match 0020fa90
level05.elf,0027d448,fun_0020fa90,boot-hash-match 0020fa90
level06.elf,00261ea0,fun_0020fa90,boot-hash-match 0020fa90
level07.elf,0027bc08,fun_0020fa90,boot-hash-match 0020fa90
level08.elf,0025d6e0,fun_0020fa90,boot-hash-match 0020fa90
level09.elf,00272b68,fun_0020fa90,boot-hash-match 0020fa90
level10.elf,00245c58,fun_0020fa90,boot-hash-match 0020fa90
level11.elf,00279010,fun_0020fa90,boot-hash-match 0020fa90
level12.elf,0026bf20,fun_0020fa90,boot-hash-match 0020fa90
level13.elf,0025ee68,fun_0020fa90,boot-hash-match 0020fa90
level14.elf,0025b6e0,fun_0020fa90,boot-hash-match 0020fa90
level15.elf,00242848,fun_0020fa90,boot-hash-match 0020fa90
level16.elf,0024e8b8,fun_0020fa90,boot-hash-match 0020fa90
level17.elf,0024d998,fun_0020fa90,boot-hash-match 0020fa90
level18.elf,002554c8,fun_0020fa90,boot-hash-match 0020fa90
level00.elf,00253e48,fun_002106f8,boot-hash-match 002106f8
level01.elf,00268c28,fun_002106f8,boot-hash-match 002106f8
level02.elf,002564b8,fun_002106f8,boot-hash-match 002106f8
level03.elf,002429b8,fun_002106f8,boot-hash-match 002106f8
level04.elf,00246b80,fun_002106f8,boot-hash-match 002106f8
level05.elf,0027e0b0,fun_002106f8,boot-hash-match 002106f8
level06.elf,00262b08,fun_002106f8,boot-hash-match 002106f8
level07.elf,0027c870,fun_002106f8,boot-hash-match 002106f8
level08.elf,0025e348,fun_002106f8,boot-hash-match 002106f8
level09.elf,002737d0,fun_002106f8,boot-hash-match 002106f8
level10.elf,002468c0,fun_002106f8,boot-hash-match 002106f8
level11.elf,00279c78,fun_002106f8,boot-hash-match 002106f8
level12.elf,0026cb88,fun_002106f8,boot-hash-match 002106f8
level13.elf,0025fad0,fun_002106f8,boot-hash-match 002106f8
level14.elf,0025c348,fun_002106f8,boot-hash-match 002106f8
level15.elf,002434b0,fun_002106f8,boot-hash-match 002106f8
level16.elf,0024f520,fun_002106f8,boot-hash-match 002106f8
level17.elf,0024e600,fun_002106f8,boot-hash-match 002106f8
level18.elf,00256130,fun_002106f8,boot-hash-match 002106f8
level00.elf,00253fa0,fun_00210850,boot-hash-match 00210850
level01.elf,00268d80,fun_00210850,boot-hash-match 00210850
level02.elf,00256610,fun_00210850,boot-hash-match 00210850
level03.elf,00242b10,fun_00210850,boot-hash-match 00210850
level04.elf,00246cd8,fun_00210850,boot-hash-match 00210850
level05.elf,0027e208,fun_00210850,boot-hash-match 00210850
level06.elf,00262c60,fun_00210850,boot-hash-match 00210850
level07.elf,0027c9c8,fun_00210850,boot-hash-match 00210850
level08.elf,0025e4a0,fun_00210850,boot-hash-match 00210850
level09.elf,00273928,fun_00210850,boot-hash-match 00210850
level10.elf,00246a18,fun_00210850,boot-hash-match 00210850
level11.elf,00279dd0,fun_00210850,boot-hash-match 00210850
level12.elf,0026cce0,fun_00210850,boot-hash-match 00210850
level13.elf,0025fc28,fun_00210850,boot-hash-match 00210850
level14.elf,0025c4a0,fun_00210850,boot-hash-match 00210850
level15.elf,00243608,fun_00210850,boot-hash-match 00210850
level16.elf,0024f678,fun_00210850,boot-hash-match 00210850
level17.elf,0024e758,fun_00210850,boot-hash-match 00210850
level18.elf,00256288,fun_00210850,boot-hash-match 00210850
level00.elf,00254108,fun_002109b8,boot-hash-match 002109b8
level01.elf,00268ee8,fun_002109b8,boot-hash-match 002109b8
level02.elf,00256778,fun_002109b8,boot-hash-match 002109b8
level03.elf,00242c78,fun_002109b8,boot-hash-match 002109b8
level04.elf,00246e40,fun_002109b8,boot-hash-match 002109b8
level05.elf,0027e370,fun_002109b8,boot-hash-match 002109b8
level06.elf,00262dc8,fun_002109b8,boot-hash-match 002109b8
level07.elf,0027cb30,fun_002109b8,boot-hash-match 002109b8
level08.elf,0025e608,fun_002109b8,boot-hash-match 002109b8
level09.elf,00273a90,fun_002109b8,boot-hash-match 002109b8
level10.elf,00246b80,fun_002109b8,boot-hash-match 002109b8
level11.elf,00279f38,fun_002109b8,boot-hash-match 002109b8
level12.elf,0026ce48,fun_002109b8,boot-hash-match 002109b8
level13.elf,0025fd90,fun_002109b8,boot-hash-match 002109b8
level14.elf,0025c608,fun_002109b8,boot-hash-match 002109b8
level15.elf,00243770,fun_002109b8,boot-hash-match 002109b8
level16.elf,0024f7e0,fun_002109b8,boot-hash-match 002109b8
level17.elf,0024e8c0,fun_002109b8,boot-hash-match 002109b8
level18.elf,002563f0,fun_002109b8,boot-hash-match 002109b8
level00.elf,002555c0,fun_00211408,boot-hash-match 00211408
level01.elf,0026a3a0,fun_00211408,boot-hash-match 00211408
level02.elf,00257c30,fun_00211408,boot-hash-match 00211408
level03.elf,00244130,fun_00211408,boot-hash-match 00211408
level04.elf,002482f8,fun_00211408,boot-hash-match 00211408
level05.elf,0027f828,fun_00211408,boot-hash-match 00211408
level06.elf,00264280,fun_00211408,boot-hash-match 00211408
level07.elf,0027dfe8,fun_00211408,boot-hash-match 00211408
level08.elf,0025fac0,fun_00211408,boot-hash-match 00211408
level09.elf,00274f48,fun_00211408,boot-hash-match 00211408
level10.elf,00248038,fun_00211408,boot-hash-match 00211408
level11.elf,0027b3f0,fun_00211408,boot-hash-match 00211408
level12.elf,0026e300,fun_00211408,boot-hash-match 00211408
level13.elf,00261248,fun_00211408,boot-hash-match 00211408
level14.elf,0025dac0,fun_00211408,boot-hash-match 00211408
level15.elf,00244c28,fun_00211408,boot-hash-match 00211408
level16.elf,00250c98,fun_00211408,boot-hash-match 00211408
level17.elf,0024fd78,fun_00211408,boot-hash-match 00211408
level18.elf,002578a8,fun_00211408,boot-hash-match 00211408
level00.elf,00255870,fun_002116b8,boot-hash-match 002116b8
level01.elf,0026a650,fun_002116b8,boot-hash-match 002116b8
level02.elf,00257ee0,fun_002116b8,boot-hash-match 002116b8
level03.elf,002443e0,fun_002116b8,boot-hash-match 002116b8
level04.elf,002485a8,fun_002116b8,boot-hash-match 002116b8
level05.elf,0027fad8,fun_002116b8,boot-hash-match 002116b8
level06.elf,00264530,fun_002116b8,boot-hash-match 002116b8
level07.elf,0027e298,fun_002116b8,boot-hash-match 002116b8
level08.elf,0025fd70,fun_002116b8,boot-hash-match 002116b8
level09.elf,002751f8,fun_002116b8,boot-hash-match 002116b8
level10.elf,002482e8,fun_002116b8,boot-hash-match 002116b8
level11.elf,0027b6a0,fun_002116b8,boot-hash-match 002116b8
level12.elf,0026e5b0,fun_002116b8,boot-hash-match 002116b8
level13.elf,002614f8,fun_002116b8,boot-hash-match 002116b8
level14.elf,0025dd70,fun_002116b8,boot-hash-match 002116b8
level15.elf,00244ed8,fun_002116b8,boot-hash-match 002116b8
level16.elf,00250f48,fun_002116b8,boot-hash-match 002116b8
level17.elf,00250028,fun_002116b8,boot-hash-match 002116b8
level18.elf,00257b58,fun_002116b8,boot-hash-match 002116b8
level00.elf,002577c8,fun_00212ed8,boot-hash-match 00212ed8
level01.elf,0026c5a8,fun_00212ed8,boot-hash-match 00212ed8
level02.elf,00259e38,fun_00212ed8,boot-hash-match 00212ed8
level03.elf,00246338,fun_00212ed8,boot-hash-match 00212ed8
level04.elf,0024a500,fun_00212ed8,boot-hash-match 00212ed8
level05.elf,00281a30,fun_00212ed8,boot-hash-match 00212ed8
level06.elf,00266488,fun_00212ed8,boot-hash-match 00212ed8
level07.elf,002801f0,fun_00212ed8,boot-hash-match 00212ed8
level08.elf,00261cc8,fun_00212ed8,boot-hash-match 00212ed8
level09.elf,00277150,fun_00212ed8,boot-hash-match 00212ed8
level10.elf,0024a240,fun_00212ed8,boot-hash-match 00212ed8
level11.elf,0027d5f8,fun_00212ed8,boot-hash-match 00212ed8
level12.elf,00270508,fun_00212ed8,boot-hash-match 00212ed8
level13.elf,00263450,fun_00212ed8,boot-hash-match 00212ed8
level14.elf,0025fcc8,fun_00212ed8,boot-hash-match 00212ed8
level15.elf,00246e30,fun_00212ed8,boot-hash-match 00212ed8
level16.elf,00252ea0,fun_00212ed8,boot-hash-match 00212ed8
level17.elf,00251f80,fun_00212ed8,boot-hash-match 00212ed8
level18.elf,00259ab0,fun_00212ed8,boot-hash-match 00212ed8
level00.elf,00257880,fun_00212f90,boot-hash-match 00212f90
level01.elf,0026c660,fun_00212f90,boot-hash-match 00212f90
level02.elf,00259ef0,fun_00212f90,boot-hash-match 00212f90
level03.elf,002463f0,fun_00212f90,boot-hash-match 00212f90
level04.elf,0024a5b8,fun_00212f90,boot-hash-match 00212f90
level05.elf,00281ae8,fun_00212f90,boot-hash-match 00212f90
level06.elf,00266540,fun_00212f90,boot-hash-match 00212f90
level07.elf,002802a8,fun_00212f90,boot-hash-match 00212f90
level08.elf,00261d80,fun_00212f90,boot-hash-match 00212f90
level09.elf,00277208,fun_00212f90,boot-hash-match 00212f90
level10.elf,0024a2f8,fun_00212f90,boot-hash-match 00212f90
level11.elf,0027d6b0,fun_00212f90,boot-hash-match 00212f90
level12.elf,002705c0,fun_00212f90,boot-hash-match 00212f90
level13.elf,00263508,fun_00212f90,boot-hash-match 00212f90
level14.elf,0025fd80,fun_00212f90,boot-hash-match 00212f90
level15.elf,00246ee8,fun_00212f90,boot-hash-match 00212f90
level16.elf,00252f58,fun_00212f90,boot-hash-match 00212f90
level17.elf,00252038,fun_00212f90,boot-hash-match 00212f90
level18.elf,00259b68,fun_00212f90,boot-hash-match 00212f90
level00.elf,002579c8,fun_002130d8,boot-hash-match 002130d8
level01.elf,0026c7a8,fun_002130d8,boot-hash-match 002130d8
level02.elf,0025a038,fun_002130d8,boot-hash-match 002130d8
level03.elf,00246538,fun_002130d8,boot-hash-match 002130d8
level04.elf,0024a700,fun_002130d8,boot-hash-match 002130d8
level05.elf,00281c30,fun_002130d8,boot-hash-match 002130d8
level06.elf,00266688,fun_002130d8,boot-hash-match 002130d8
level07.elf,002803f0,fun_002130d8,boot-hash-match 002130d8
level08.elf,00261ec8,fun_002130d8,boot-hash-match 002130d8
level09.elf,00277350,fun_002130d8,boot-hash-match 002130d8
level10.elf,0024a440,fun_002130d8,boot-hash-match 002130d8
level11.elf,0027d7f8,fun_002130d8,boot-hash-match 002130d8
level12.elf,00270708,fun_002130d8,boot-hash-match 002130d8
level13.elf,00263650,fun_002130d8,boot-hash-match 002130d8
level14.elf,0025fec8,fun_002130d8,boot-hash-match 002130d8
level15.elf,00247030,fun_002130d8,boot-hash-match 002130d8
level16.elf,002530a0,fun_002130d8,boot-hash-match 002130d8
level17.elf,00252180,fun_002130d8,boot-hash-match 002130d8
level18.elf,00259cb0,fun_002130d8,boot-hash-match 002130d8
level00.elf,00257be8,random_float_between,boot-hash-match 002132a8
level01.elf,0026c9c8,random_float_between,boot-hash-match 002132a8
level02.elf,0025a258,random_float_between,boot-hash-match 002132a8
level03.elf,00246758,random_float_between,boot-hash-match 002132a8
level04.elf,0024a920,random_float_between,boot-hash-match 002132a8
level05.elf,00281e50,random_float_between,boot-hash-match 002132a8
level06.elf,002668a8,random_float_between,boot-hash-match 002132a8
level07.elf,00280610,random_float_between,boot-hash-match 002132a8
level08.elf,002620e8,random_float_between,boot-hash-match 002132a8
level09.elf,00277570,random_float_between,boot-hash-match 002132a8
level10.elf,0024a660,random_float_between,boot-hash-match 002132a8
level11.elf,0027da18,random_float_between,boot-hash-match 002132a8
level12.elf,00270928,random_float_between,boot-hash-match 002132a8
level13.elf,00263870,random_float_between,boot-hash-match 002132a8
level14.elf,002600e8,random_float_between,boot-hash-match 002132a8
level15.elf,00247250,random_float_between,boot-hash-match 002132a8
level16.elf,002532c0,random_float_between,boot-hash-match 002132a8
level17.elf,002523a0,random_float_between,boot-hash-match 002132a8
level18.elf,00259ed0,random_float_between,boot-hash-match 002132a8
level00.elf,00257cb0,random_angle_radians,boot-hash-match 00213308
level01.elf,0026ca90,random_angle_radians,boot-hash-match 00213308
level02.elf,0025a320,random_angle_radians,boot-hash-match 00213308
level03.elf,00246820,random_angle_radians,boot-hash-match 00213308
level04.elf,0024a9e8,random_angle_radians,boot-hash-match 00213308
level05.elf,00281f18,random_angle_radians,boot-hash-match 00213308
level06.elf,00266970,random_angle_radians,boot-hash-match 00213308
level07.elf,002806d8,random_angle_radians,boot-hash-match 00213308
level08.elf,002621b0,random_angle_radians,boot-hash-match 00213308
level09.elf,00277638,random_angle_radians,boot-hash-match 00213308
level10.elf,0024a728,random_angle_radians,boot-hash-match 00213308
level11.elf,0027dae0,random_angle_radians,boot-hash-match 00213308
level12.elf,002709f0,random_angle_radians,boot-hash-match 00213308
level13.elf,00263938,random_angle_radians,boot-hash-match 00213308
level14.elf,002601b0,random_angle_radians,boot-hash-match 00213308
level15.elf,00247318,random_angle_radians,boot-hash-match 00213308
level16.elf,00253388,random_angle_radians,boot-hash-match 00213308
level17.elf,00252468,random_angle_radians,boot-hash-match 00213308
level18.elf,00259f98,random_angle_radians,boot-hash-match 00213308
level00.elf,00257d00,fun_00213358,boot-hash-match 00213358
level01.elf,0026cae0,fun_00213358,boot-hash-match 00213358
level02.elf,0025a370,fun_00213358,boot-hash-match 00213358
level03.elf,00246870,fun_00213358,boot-hash-match 00213358
level04.elf,0024aa38,fun_00213358,boot-hash-match 00213358
level05.elf,00281f68,fun_00213358,boot-hash-match 00213358
level06.elf,002669c0,fun_00213358,boot-hash-match 00213358
level07.elf,00280728,fun_00213358,boot-hash-match 00213358
level08.elf,00262200,fun_00213358,boot-hash-match 00213358
level09.elf,002776e0,fun_00213358,boot-hash-match 00213358
level10.elf,0024a778,fun_00213358,boot-hash-match 00213358
level11.elf,0027db30,fun_00213358,boot-hash-match 00213358
level12.elf,00270a40,fun_00213358,boot-hash-match 00213358
level13.elf,002639e0,fun_00213358,boot-hash-match 00213358
level14.elf,00260200,fun_00213358,boot-hash-match 00213358
level15.elf,00247368,fun_00213358,boot-hash-match 00213358
level16.elf,002533d8,fun_00213358,boot-hash-match 00213358
level17.elf,002524b8,fun_00213358,boot-hash-match 00213358
level18.elf,00259fe8,fun_00213358,boot-hash-match 00213358
level00.elf,0025cef0,fun_00214260,boot-hash-match 00214260
level01.elf,00271db0,fun_00214260,boot-hash-match 00214260
level02.elf,0025f518,fun_00214260,boot-hash-match 00214260
level03.elf,0024b938,fun_00214260,boot-hash-match 00214260
level04.elf,0024ff20,fun_00214260,boot-hash-match 00214260
level05.elf,00287168,fun_00214260,boot-hash-match 00214260
level06.elf,0026bd00,fun_00214260,boot-hash-match 00214260
level07.elf,00285910,fun_00214260,boot-hash-match 00214260
level08.elf,002673e0,fun_00214260,boot-hash-match 00214260
level09.elf,0027c9a8,fun_00214260,boot-hash-match 00214260
level10.elf,0024fa00,fun_00214260,boot-hash-match 00214260
level11.elf,00282d90,fun_00214260,boot-hash-match 00214260
level12.elf,00275de0,fun_00214260,boot-hash-match 00214260
level13.elf,00268f38,fun_00214260,boot-hash-match 00214260
level14.elf,00265270,fun_00214260,boot-hash-match 00214260
level15.elf,0024c798,fun_00214260,boot-hash-match 00214260
level16.elf,002587e8,fun_00214260,boot-hash-match 00214260
level17.elf,002577a0,fun_00214260,boot-hash-match 00214260
level18.elf,0025f230,fun_00214260,boot-hash-match 00214260
level00.elf,0025d1d0,build_quaternion_from_axis_angle,boot-hash-match 00214530
level01.elf,00272090,build_quaternion_from_axis_angle,boot-hash-match 00214530
level02.elf,0025f7f8,build_quaternion_from_axis_angle,boot-hash-match 00214530
level03.elf,0024bc18,build_quaternion_from_axis_angle,boot-hash-match 00214530
level04.elf,00250200,build_quaternion_from_axis_angle,boot-hash-match 00214530
level05.elf,00287448,build_quaternion_from_axis_angle,boot-hash-match 00214530
level06.elf,0026bfe0,build_quaternion_from_axis_angle,boot-hash-match 00214530
level07.elf,00285bf0,build_quaternion_from_axis_angle,boot-hash-match 00214530
level08.elf,002676c0,build_quaternion_from_axis_angle,boot-hash-match 00214530
level09.elf,0027cc88,build_quaternion_from_axis_angle,boot-hash-match 00214530
level10.elf,0024fce0,build_quaternion_from_axis_angle,boot-hash-match 00214530
level11.elf,00283070,build_quaternion_from_axis_angle,boot-hash-match 00214530
level12.elf,002760c0,build_quaternion_from_axis_angle,boot-hash-match 00214530
level13.elf,00269218,build_quaternion_from_axis_angle,boot-hash-match 00214530
level14.elf,00265550,build_quaternion_from_axis_angle,boot-hash-match 00214530
level15.elf,0024ca78,build_quaternion_from_axis_angle,boot-hash-match 00214530
level16.elf,00258ac8,build_quaternion_from_axis_angle,boot-hash-match 00214530
level17.elf,00257a80,build_quaternion_from_axis_angle,boot-hash-match 00214530
level18.elf,0025f510,build_quaternion_from_axis_angle,boot-hash-match 00214530
level00.elf,0025fb78,fun_00214800,boot-hash-match 00214800
level01.elf,00274a38,fun_00214800,boot-hash-match 00214800
level02.elf,00261b40,fun_00214800,boot-hash-match 00214800
level03.elf,0024e5c0,fun_00214800,boot-hash-match 00214800
level04.elf,00252ba8,fun_00214800,boot-hash-match 00214800
level05.elf,00289e80,fun_00214800,boot-hash-match 00214800
level06.elf,0026e988,fun_00214800,boot-hash-match 00214800
level07.elf,00288598,fun_00214800,boot-hash-match 00214800
level08.elf,0026a290,fun_00214800,boot-hash-match 00214800
level09.elf,0027f630,fun_00214800,boot-hash-match 00214800
level10.elf,00252688,fun_00214800,boot-hash-match 00214800
level11.elf,002853b8,fun_00214800,boot-hash-match 00214800
level12.elf,00278a68,fun_00214800,boot-hash-match 00214800
level13.elf,0026bbc0,fun_00214800,boot-hash-match 00214800
level14.elf,00267ef8,fun_00214800,boot-hash-match 00214800
level15.elf,0024f420,fun_00214800,boot-hash-match 00214800
level16.elf,0025b470,fun_00214800,boot-hash-match 00214800
level17.elf,0025a428,fun_00214800,boot-hash-match 00214800
level18.elf,00261eb8,fun_00214800,boot-hash-match 00214800
level00.elf,00261480,fun_00214a98,boot-hash-match 00214a98
level01.elf,00276380,fun_00214a98,boot-hash-match 00214a98
level02.elf,00263448,fun_00214a98,boot-hash-match 00214a98
level03.elf,0024fce8,fun_00214a98,boot-hash-match 00214a98
level04.elf,00254198,fun_00214a98,boot-hash-match 00214a98
level05.elf,0028b548,fun_00214a98,boot-hash-match 00214a98
level06.elf,00270010,fun_00214a98,boot-hash-match 00214a98
level07.elf,00289b10,fun_00214a98,boot-hash-match 00214a98
level08.elf,0026bb98,fun_00214a98,boot-hash-match 00214a98
level09.elf,00280ff0,fun_00214a98,boot-hash-match 00214a98
level10.elf,00253f90,fun_00214a98,boot-hash-match 00214a98
level11.elf,00286a80,fun_00214a98,boot-hash-match 00214a98
level12.elf,00279f28,fun_00214a98,boot-hash-match 00214a98
level13.elf,0026d508,fun_00214a98,boot-hash-match 00214a98
level14.elf,00269840,fun_00214a98,boot-hash-match 00214a98
level15.elf,00250d28,fun_00214a98,boot-hash-match 00214a98
level16.elf,0025cd78,fun_00214a98,boot-hash-match 00214a98
level17.elf,0025bd30,fun_00214a98,boot-hash-match 00214a98
level18.elf,002637c0,fun_00214a98,boot-hash-match 00214a98
level00.elf,002615a8,load_display_text_resource_entry,boot-hash-match 00214bc0
level01.elf,002764a8,load_display_text_resource_entry,boot-hash-match 00214bc0
level02.elf,00263570,load_display_text_resource_entry,boot-hash-match 00214bc0
level03.elf,0024fe10,load_display_text_resource_entry,boot-hash-match 00214bc0
level04.elf,002542c0,load_display_text_resource_entry,boot-hash-match 00214bc0
level05.elf,0028b670,load_display_text_resource_entry,boot-hash-match 00214bc0
level06.elf,00270138,load_display_text_resource_entry,boot-hash-match 00214bc0
level07.elf,00289c38,load_display_text_resource_entry,boot-hash-match 00214bc0
level08.elf,0026bcc0,load_display_text_resource_entry,boot-hash-match 00214bc0
level09.elf,00281118,load_display_text_resource_entry,boot-hash-match 00214bc0
level10.elf,002540b8,load_display_text_resource_entry,boot-hash-match 00214bc0
level11.elf,00286ba8,load_display_text_resource_entry,boot-hash-match 00214bc0
level12.elf,0027a050,load_display_text_resource_entry,boot-hash-match 00214bc0
level13.elf,0026d630,load_display_text_resource_entry,boot-hash-match 00214bc0
level14.elf,00269968,load_display_text_resource_entry,boot-hash-match 00214bc0
level15.elf,00250e50,load_display_text_resource_entry,boot-hash-match 00214bc0
level16.elf,0025cea0,load_display_text_resource_entry,boot-hash-match 00214bc0
level17.elf,0025be58,load_display_text_resource_entry,boot-hash-match 00214bc0
level18.elf,002638e8,load_display_text_resource_entry,boot-hash-match 00214bc0
level00.elf,00261858,round_float_to_decimal_places,boot-hash-match 00214c48
level01.elf,00276530,round_float_to_decimal_places,boot-hash-match 00214c48
level02.elf,002635f8,round_float_to_decimal_places,boot-hash-match 00214c48
level03.elf,0024fe98,round_float_to_decimal_places,boot-hash-match 00214c48
level04.elf,00254570,round_float_to_decimal_places,boot-hash-match 00214c48
level05.elf,0028b6f8,round_float_to_decimal_places,boot-hash-match 00214c48
level06.elf,002703e8,round_float_to_decimal_places,boot-hash-match 00214c48
level07.elf,00289cc0,round_float_to_decimal_places,boot-hash-match 00214c48
level08.elf,0026bd48,round_float_to_decimal_places,boot-hash-match 00214c48
level09.elf,002811a0,round_float_to_decimal_places,boot-hash-match 00214c48
level10.elf,00254368,round_float_to_decimal_places,boot-hash-match 00214c48
level11.elf,00286c30,round_float_to_decimal_places,boot-hash-match 00214c48
level12.elf,0027a300,round_float_to_decimal_places,boot-hash-match 00214c48
level13.elf,0026d6b8,round_float_to_decimal_places,boot-hash-match 00214c48
level14.elf,002699f0,round_float_to_decimal_places,boot-hash-match 00214c48
level15.elf,00250ed8,round_float_to_decimal_places,boot-hash-match 00214c48
level16.elf,0025cf28,round_float_to_decimal_places,boot-hash-match 00214c48
level17.elf,0025bee0,round_float_to_decimal_places,boot-hash-match 00214c48
level18.elf,00263b98,round_float_to_decimal_places,boot-hash-match 00214c48
level00.elf,002643c8,try_set_help_message,boot-hash-match 00215130
level01.elf,00278f58,try_set_help_message,boot-hash-match 00215130
level02.elf,00265a30,try_set_help_message,boot-hash-match 00215130
level03.elf,00252530,try_set_help_message,boot-hash-match 00215130
level04.elf,00256be8,try_set_help_message,boot-hash-match 00215130
level05.elf,0028e2d8,try_set_help_message,boot-hash-match 00215130
level06.elf,00273160,try_set_help_message,boot-hash-match 00215130
level07.elf,0028cac0,try_set_help_message,boot-hash-match 00215130
level08.elf,0026e2e8,try_set_help_message,boot-hash-match 00215130
level09.elf,00283298,try_set_help_message,boot-hash-match 00215130
level10.elf,002575a8,try_set_help_message,boot-hash-match 00215130
level11.elf,00289748,try_set_help_message,boot-hash-match 00215130
level12.elf,0027ca50,try_set_help_message,boot-hash-match 00215130
level13.elf,0026fd80,try_set_help_message,boot-hash-match 00215130
level14.elf,0026bce0,try_set_help_message,boot-hash-match 00215130
level15.elf,00253960,try_set_help_message,boot-hash-match 00215130
level16.elf,0025f7b8,try_set_help_message,boot-hash-match 00215130
level17.elf,0025e158,try_set_help_message,boot-hash-match 00215130
level18.elf,002667f8,try_set_help_message,boot-hash-match 00215130
level00.elf,00264470,force_help_message,boot-hash-match 002151d8
level01.elf,00279000,force_help_message,boot-hash-match 002151d8
level02.elf,00265ad8,force_help_message,boot-hash-match 002151d8
level03.elf,002525d8,force_help_message,boot-hash-match 002151d8
level04.elf,00256c90,force_help_message,boot-hash-match 002151d8
level05.elf,0028e380,force_help_message,boot-hash-match 002151d8
level06.elf,00273208,force_help_message,boot-hash-match 002151d8
level07.elf,0028cb68,force_help_message,boot-hash-match 002151d8
level08.elf,0026e390,force_help_message,boot-hash-match 002151d8
level09.elf,00283340,force_help_message,boot-hash-match 002151d8
level10.elf,00257650,force_help_message,boot-hash-match 002151d8
level11.elf,002897f0,force_help_message,boot-hash-match 002151d8
level12.elf,0027caf8,force_help_message,boot-hash-match 002151d8
level13.elf,0026fe28,force_help_message,boot-hash-match 002151d8
level14.elf,0026bd88,force_help_message,boot-hash-match 002151d8
level15.elf,00253a08,force_help_message,boot-hash-match 002151d8
level16.elf,0025f860,force_help_message,boot-hash-match 002151d8
level17.elf,0025e200,force_help_message,boot-hash-match 002151d8
level18.elf,002668a0,force_help_message,boot-hash-match 002151d8
level00.elf,00264540,compute_clamped_count_difference,boot-hash-match 00215248
level01.elf,002790d0,compute_clamped_count_difference,boot-hash-match 00215248
level02.elf,00265ba8,compute_clamped_count_difference,boot-hash-match 00215248
level03.elf,002526a8,compute_clamped_count_difference,boot-hash-match 00215248
level04.elf,00256d60,compute_clamped_count_difference,boot-hash-match 00215248
level05.elf,0028e450,compute_clamped_count_difference,boot-hash-match 00215248
level06.elf,002732d8,compute_clamped_count_difference,boot-hash-match 00215248
level07.elf,0028cc38,compute_clamped_count_difference,boot-hash-match 00215248
level08.elf,0026e460,compute_clamped_count_difference,boot-hash-match 00215248
level09.elf,00283410,compute_clamped_count_difference,boot-hash-match 00215248
level10.elf,00257720,compute_clamped_count_difference,boot-hash-match 00215248
level11.elf,002898c0,compute_clamped_count_difference,boot-hash-match 00215248
level12.elf,0027cbc8,compute_clamped_count_difference,boot-hash-match 00215248
level13.elf,0026fef8,compute_clamped_count_difference,boot-hash-match 00215248
level14.elf,0026be58,compute_clamped_count_difference,boot-hash-match 00215248
level15.elf,00253ad8,compute_clamped_count_difference,boot-hash-match 00215248
level16.elf,0025f930,compute_clamped_count_difference,boot-hash-match 00215248
level17.elf,0025e2d0,compute_clamped_count_difference,boot-hash-match 00215248
level18.elf,00266970,compute_clamped_count_difference,boot-hash-match 00215248
level00.elf,00264588,count_nonzero_entries_up_to_40,boot-hash-match 00215290
level01.elf,00279118,count_nonzero_entries_up_to_40,boot-hash-match 00215290
level02.elf,00265bf0,count_nonzero_entries_up_to_40,boot-hash-match 00215290
level03.elf,002526f0,count_nonzero_entries_up_to_40,boot-hash-match 00215290
level04.elf,00256da8,count_nonzero_entries_up_to_40,boot-hash-match 00215290
level05.elf,0028e498,count_nonzero_entries_up_to_40,boot-hash-match 00215290
level06.elf,00273320,count_nonzero_entries_up_to_40,boot-hash-match 00215290
level07.elf,0028cc80,count_nonzero_entries_up_to_40,boot-hash-match 00215290
level08.elf,0026e4a8,count_nonzero_entries_up_to_40,boot-hash-match 00215290
level09.elf,00283458,count_nonzero_entries_up_to_40,boot-hash-match 00215290
level10.elf,00257768,count_nonzero_entries_up_to_40,boot-hash-match 00215290
level11.elf,00289908,count_nonzero_entries_up_to_40,boot-hash-match 00215290
level12.elf,0027cc10,count_nonzero_entries_up_to_40,boot-hash-match 00215290
level13.elf,0026ff40,count_nonzero_entries_up_to_40,boot-hash-match 00215290
level14.elf,0026bea0,count_nonzero_entries_up_to_40,boot-hash-match 00215290
level15.elf,00253b20,count_nonzero_entries_up_to_40,boot-hash-match 00215290
level16.elf,0025f978,count_nonzero_entries_up_to_40,boot-hash-match 00215290
level17.elf,0025e318,count_nonzero_entries_up_to_40,boot-hash-match 00215290
level18.elf,002669b8,count_nonzero_entries_up_to_40,boot-hash-match 00215290
level00.elf,002645f8,count_nonzero_entries_up_to_10,boot-hash-match 00215300
level01.elf,00279188,count_nonzero_entries_up_to_10,boot-hash-match 00215300
level02.elf,00265c60,count_nonzero_entries_up_to_10,boot-hash-match 00215300
level03.elf,00252760,count_nonzero_entries_up_to_10,boot-hash-match 00215300
level04.elf,00256e18,count_nonzero_entries_up_to_10,boot-hash-match 00215300
level05.elf,0028e508,count_nonzero_entries_up_to_10,boot-hash-match 00215300
level06.elf,00273390,count_nonzero_entries_up_to_10,boot-hash-match 00215300
level07.elf,0028ccf0,count_nonzero_entries_up_to_10,boot-hash-match 00215300
level08.elf,0026e518,count_nonzero_entries_up_to_10,boot-hash-match 00215300
level09.elf,002834c8,count_nonzero_entries_up_to_10,boot-hash-match 00215300
level10.elf,002577d8,count_nonzero_entries_up_to_10,boot-hash-match 00215300
level11.elf,00289978,count_nonzero_entries_up_to_10,boot-hash-match 00215300
level12.elf,0027cc80,count_nonzero_entries_up_to_10,boot-hash-match 00215300
level13.elf,0026ffb0,count_nonzero_entries_up_to_10,boot-hash-match 00215300
level14.elf,0026bf10,count_nonzero_entries_up_to_10,boot-hash-match 00215300
level15.elf,00253b90,count_nonzero_entries_up_to_10,boot-hash-match 00215300
level16.elf,0025f9e8,count_nonzero_entries_up_to_10,boot-hash-match 00215300
level17.elf,0025e388,count_nonzero_entries_up_to_10,boot-hash-match 00215300
level18.elf,00266a28,count_nonzero_entries_up_to_10,boot-hash-match 00215300
level00.elf,00264640,count_nonzero_entries_up_to_30,boot-hash-match 00215348
level01.elf,002791d0,count_nonzero_entries_up_to_30,boot-hash-match 00215348
level02.elf,00265ca8,count_nonzero_entries_up_to_30,boot-hash-match 00215348
level03.elf,002527a8,count_nonzero_entries_up_to_30,boot-hash-match 00215348
level04.elf,00256e60,count_nonzero_entries_up_to_30,boot-hash-match 00215348
level05.elf,0028e550,count_nonzero_entries_up_to_30,boot-hash-match 00215348
level06.elf,002733d8,count_nonzero_entries_up_to_30,boot-hash-match 00215348
level07.elf,0028cd38,count_nonzero_entries_up_to_30,boot-hash-match 00215348
level08.elf,0026e560,count_nonzero_entries_up_to_30,boot-hash-match 00215348
level09.elf,00283510,count_nonzero_entries_up_to_30,boot-hash-match 00215348
level10.elf,00257820,count_nonzero_entries_up_to_30,boot-hash-match 00215348
level11.elf,002899c0,count_nonzero_entries_up_to_30,boot-hash-match 00215348
level12.elf,0027ccc8,count_nonzero_entries_up_to_30,boot-hash-match 00215348
level13.elf,0026fff8,count_nonzero_entries_up_to_30,boot-hash-match 00215348
level14.elf,0026bf58,count_nonzero_entries_up_to_30,boot-hash-match 00215348
level15.elf,00253bd8,count_nonzero_entries_up_to_30,boot-hash-match 00215348
level16.elf,0025fa30,count_nonzero_entries_up_to_30,boot-hash-match 00215348
level17.elf,0025e3d0,count_nonzero_entries_up_to_30,boot-hash-match 00215348
level18.elf,00266a70,count_nonzero_entries_up_to_30,boot-hash-match 00215348
level00.elf,00264b68,fun_00215390,boot-hash-match 00215390
level01.elf,002796f8,fun_00215390,boot-hash-match 00215390
level02.elf,002661d0,fun_00215390,boot-hash-match 00215390
level03.elf,00252cd0,fun_00215390,boot-hash-match 00215390
level04.elf,00257388,fun_00215390,boot-hash-match 00215390
level05.elf,0028ea78,fun_00215390,boot-hash-match 00215390
level06.elf,00273900,fun_00215390,boot-hash-match 00215390
level07.elf,0028d260,fun_00215390,boot-hash-match 00215390
level08.elf,0026ea88,fun_00215390,boot-hash-match 00215390
level09.elf,00283a38,fun_00215390,boot-hash-match 00215390
level10.elf,00257d48,fun_00215390,boot-hash-match 00215390
level11.elf,00289ee8,fun_00215390,boot-hash-match 00215390
level12.elf,0027d1f0,fun_00215390,boot-hash-match 00215390
level13.elf,00270520,fun_00215390,boot-hash-match 00215390
level14.elf,0026c480,fun_00215390,boot-hash-match 00215390
level15.elf,00254100,fun_00215390,boot-hash-match 00215390
level16.elf,0025ff58,fun_00215390,boot-hash-match 00215390
level17.elf,0025e8f8,fun_00215390,boot-hash-match 00215390
level18.elf,00266f98,fun_00215390,boot-hash-match 00215390
level00.elf,00264c18,fun_00215440,boot-hash-match 00215440
level01.elf,002797a8,fun_00215440,boot-hash-match 00215440
level02.elf,00266280,fun_00215440,boot-hash-match 00215440
level03.elf,00252d80,fun_00215440,boot-hash-match 00215440
level04.elf,00257438,fun_00215440,boot-hash-match 00215440
level05.elf,0028eb28,fun_00215440,boot-hash-match 00215440
level06.elf,002739b0,fun_00215440,boot-hash-match 00215440
level07.elf,0028d310,fun_00215440,boot-hash-match 00215440
level08.elf,0026eb38,fun_00215440,boot-hash-match 00215440
level09.elf,00283ae8,fun_00215440,boot-hash-match 00215440
level10.elf,00257df8,fun_00215440,boot-hash-match 00215440
level11.elf,00289f98,fun_00215440,boot-hash-match 00215440
level12.elf,0027d2a0,fun_00215440,boot-hash-match 00215440
level13.elf,002705d0,fun_00215440,boot-hash-match 00215440
level14.elf,0026c530,fun_00215440,boot-hash-match 00215440
level15.elf,002541b0,fun_00215440,boot-hash-match 00215440
level16.elf,00260008,fun_00215440,boot-hash-match 00215440
level17.elf,0025e9a8,fun_00215440,boot-hash-match 00215440
level18.elf,00267048,fun_00215440,boot-hash-match 00215440
level00.elf,00264cf0,fun_00215518,boot-hash-match 00215518
level01.elf,00279880,fun_00215518,boot-hash-match 00215518
level02.elf,00266358,fun_00215518,boot-hash-match 00215518
level03.elf,00252e58,fun_00215518,boot-hash-match 00215518
level04.elf,00257510,fun_00215518,boot-hash-match 00215518
level05.elf,0028ec00,fun_00215518,boot-hash-match 00215518
level06.elf,00273a88,fun_00215518,boot-hash-match 00215518
level07.elf,0028d3e8,fun_00215518,boot-hash-match 00215518
level08.elf,0026ec10,fun_00215518,boot-hash-match 00215518
level09.elf,00283bc0,fun_00215518,boot-hash-match 00215518
level10.elf,00257ed0,fun_00215518,boot-hash-match 00215518
level11.elf,0028a070,fun_00215518,boot-hash-match 00215518
level12.elf,0027d378,fun_00215518,boot-hash-match 00215518
level13.elf,002706a8,fun_00215518,boot-hash-match 00215518
level14.elf,0026c608,fun_00215518,boot-hash-match 00215518
level15.elf,00254288,fun_00215518,boot-hash-match 00215518
level16.elf,002600e0,fun_00215518,boot-hash-match 00215518
level17.elf,0025ea80,fun_00215518,boot-hash-match 00215518
level18.elf,00267120,fun_00215518,boot-hash-match 00215518
level00.elf,00264dd8,fun_00215600,boot-hash-match 00215600
level01.elf,00279968,fun_00215600,boot-hash-match 00215600
level02.elf,00266440,fun_00215600,boot-hash-match 00215600
level03.elf,00252f40,fun_00215600,boot-hash-match 00215600
level04.elf,002575f8,fun_00215600,boot-hash-match 00215600
level05.elf,0028ece8,fun_00215600,boot-hash-match 00215600
level06.elf,00273b70,fun_00215600,boot-hash-match 00215600
level07.elf,0028d4d0,fun_00215600,boot-hash-match 00215600
level08.elf,0026ecf8,fun_00215600,boot-hash-match 00215600
level09.elf,00283ca8,fun_00215600,boot-hash-match 00215600
level10.elf,00257fb8,fun_00215600,boot-hash-match 00215600
level11.elf,0028a158,fun_00215600,boot-hash-match 00215600
level12.elf,0027d460,fun_00215600,boot-hash-match 00215600
level13.elf,00270790,fun_00215600,boot-hash-match 00215600
level14.elf,0026c6f0,fun_00215600,boot-hash-match 00215600
level15.elf,00254370,fun_00215600,boot-hash-match 00215600
level16.elf,002601c8,fun_00215600,boot-hash-match 00215600
level17.elf,0025eb68,fun_00215600,boot-hash-match 00215600
level18.elf,00267208,fun_00215600,boot-hash-match 00215600
level00.elf,00264eb0,fun_002156d8,boot-hash-match 002156d8
level01.elf,00279a40,fun_002156d8,boot-hash-match 002156d8
level02.elf,00266518,fun_002156d8,boot-hash-match 002156d8
level03.elf,00253018,fun_002156d8,boot-hash-match 002156d8
level04.elf,002576d0,fun_002156d8,boot-hash-match 002156d8
level05.elf,0028edc0,fun_002156d8,boot-hash-match 002156d8
level06.elf,00273c48,fun_002156d8,boot-hash-match 002156d8
level07.elf,0028d5a8,fun_002156d8,boot-hash-match 002156d8
level08.elf,0026edd0,fun_002156d8,boot-hash-match 002156d8
level09.elf,00283d80,fun_002156d8,boot-hash-match 002156d8
level10.elf,00258090,fun_002156d8,boot-hash-match 002156d8
level11.elf,0028a230,fun_002156d8,boot-hash-match 002156d8
level12.elf,0027d538,fun_002156d8,boot-hash-match 002156d8
level13.elf,00270868,fun_002156d8,boot-hash-match 002156d8
level14.elf,0026c7c8,fun_002156d8,boot-hash-match 002156d8
level15.elf,00254448,fun_002156d8,boot-hash-match 002156d8
level16.elf,002602a0,fun_002156d8,boot-hash-match 002156d8
level17.elf,0025ec40,fun_002156d8,boot-hash-match 002156d8
level18.elf,002672e0,fun_002156d8,boot-hash-match 002156d8
level00.elf,00264fa8,fun_002157d0,boot-hash-match 002157d0
level01.elf,00279b38,fun_002157d0,boot-hash-match 002157d0
level02.elf,00266610,fun_002157d0,boot-hash-match 002157d0
level03.elf,00253110,fun_002157d0,boot-hash-match 002157d0
level04.elf,002577c8,fun_002157d0,boot-hash-match 002157d0
level05.elf,0028eeb8,fun_002157d0,boot-hash-match 002157d0
level06.elf,00273d40,fun_002157d0,boot-hash-match 002157d0
level07.elf,0028d6a0,fun_002157d0,boot-hash-match 002157d0
level08.elf,0026eec8,fun_002157d0,boot-hash-match 002157d0
level09.elf,00283e78,fun_002157d0,boot-hash-match 002157d0
level10.elf,00258188,fun_002157d0,boot-hash-match 002157d0
level11.elf,0028a328,fun_002157d0,boot-hash-match 002157d0
level12.elf,0027d630,fun_002157d0,boot-hash-match 002157d0
level13.elf,00270960,fun_002157d0,boot-hash-match 002157d0
level14.elf,0026c8c0,fun_002157d0,boot-hash-match 002157d0
level15.elf,00254540,fun_002157d0,boot-hash-match 002157d0
level16.elf,00260398,fun_002157d0,boot-hash-match 002157d0
level17.elf,0025ed38,fun_002157d0,boot-hash-match 002157d0
level18.elf,002673d8,fun_002157d0,boot-hash-match 002157d0
level00.elf,00265078,fun_002158a0,boot-hash-match 002158a0
level01.elf,00279c08,fun_002158a0,boot-hash-match 002158a0
level02.elf,002666e0,fun_002158a0,boot-hash-match 002158a0
level03.elf,002531e0,fun_002158a0,boot-hash-match 002158a0
level04.elf,00257898,fun_002158a0,boot-hash-match 002158a0
level05.elf,0028ef88,fun_002158a0,boot-hash-match 002158a0
level06.elf,00273e10,fun_002158a0,boot-hash-match 002158a0
level07.elf,0028d770,fun_002158a0,boot-hash-match 002158a0
level08.elf,0026ef98,fun_002158a0,boot-hash-match 002158a0
level09.elf,00283f48,fun_002158a0,boot-hash-match 002158a0
level10.elf,00258258,fun_002158a0,boot-hash-match 002158a0
level11.elf,0028a3f8,fun_002158a0,boot-hash-match 002158a0
level12.elf,0027d700,fun_002158a0,boot-hash-match 002158a0
level13.elf,00270a30,fun_002158a0,boot-hash-match 002158a0
level14.elf,0026c990,fun_002158a0,boot-hash-match 002158a0
level15.elf,00254610,fun_002158a0,boot-hash-match 002158a0
level16.elf,00260468,fun_002158a0,boot-hash-match 002158a0
level17.elf,0025ee08,fun_002158a0,boot-hash-match 002158a0
level18.elf,002674a8,fun_002158a0,boot-hash-match 002158a0
level00.elf,00265148,fun_00215970,boot-hash-match 00215970
level01.elf,00279cd8,fun_00215970,boot-hash-match 00215970
level02.elf,002667b0,fun_00215970,boot-hash-match 00215970
level03.elf,002532b0,fun_00215970,boot-hash-match 00215970
level04.elf,00257968,fun_00215970,boot-hash-match 00215970
level05.elf,0028f058,fun_00215970,boot-hash-match 00215970
level06.elf,00273ee0,fun_00215970,boot-hash-match 00215970
level07.elf,0028d840,fun_00215970,boot-hash-match 00215970
level08.elf,0026f068,fun_00215970,boot-hash-match 00215970
level09.elf,00284018,fun_00215970,boot-hash-match 00215970
level10.elf,00258328,fun_00215970,boot-hash-match 00215970
level11.elf,0028a4c8,fun_00215970,boot-hash-match 00215970
level12.elf,0027d7d0,fun_00215970,boot-hash-match 00215970
level13.elf,00270b00,fun_00215970,boot-hash-match 00215970
level14.elf,0026ca60,fun_00215970,boot-hash-match 00215970
level15.elf,002546e0,fun_00215970,boot-hash-match 00215970
level16.elf,00260538,fun_00215970,boot-hash-match 00215970
level17.elf,0025eed8,fun_00215970,boot-hash-match 00215970
level18.elf,00267578,fun_00215970,boot-hash-match 00215970
level00.elf,002652e8,continue_audio_stream_if_ready,boot-hash-match 00215b10
level01.elf,00279e78,continue_audio_stream_if_ready,boot-hash-match 00215b10
level02.elf,00266950,continue_audio_stream_if_ready,boot-hash-match 00215b10
level03.elf,00253450,continue_audio_stream_if_ready,boot-hash-match 00215b10
level04.elf,00257b08,continue_audio_stream_if_ready,boot-hash-match 00215b10
level05.elf,0028f1f8,continue_audio_stream_if_ready,boot-hash-match 00215b10
level06.elf,00274080,continue_audio_stream_if_ready,boot-hash-match 00215b10
level07.elf,0028d9e0,continue_audio_stream_if_ready,boot-hash-match 00215b10
level08.elf,0026f208,continue_audio_stream_if_ready,boot-hash-match 00215b10
level09.elf,002841b8,continue_audio_stream_if_ready,boot-hash-match 00215b10
level10.elf,002584c8,continue_audio_stream_if_ready,boot-hash-match 00215b10
level11.elf,0028a668,continue_audio_stream_if_ready,boot-hash-match 00215b10
level12.elf,0027d970,continue_audio_stream_if_ready,boot-hash-match 00215b10
level13.elf,00270ca0,continue_audio_stream_if_ready,boot-hash-match 00215b10
level14.elf,0026cc00,continue_audio_stream_if_ready,boot-hash-match 00215b10
level15.elf,00254880,continue_audio_stream_if_ready,boot-hash-match 00215b10
level16.elf,002606d8,continue_audio_stream_if_ready,boot-hash-match 00215b10
level17.elf,0025f078,continue_audio_stream_if_ready,boot-hash-match 00215b10
level18.elf,00267718,continue_audio_stream_if_ready,boot-hash-match 00215b10
level00.elf,00265340,music_preseek_track,boot-hash-match 00215b68
level01.elf,00279ed0,music_preseek_track,boot-hash-match 00215b68
level02.elf,002669a8,music_preseek_track,boot-hash-match 00215b68
level03.elf,002534a8,music_preseek_track,boot-hash-match 00215b68
level04.elf,00257b60,music_preseek_track,boot-hash-match 00215b68
level05.elf,0028f250,music_preseek_track,boot-hash-match 00215b68
level06.elf,002740d8,music_preseek_track,boot-hash-match 00215b68
level07.elf,0028da38,music_preseek_track,boot-hash-match 00215b68
level08.elf,0026f260,music_preseek_track,boot-hash-match 00215b68
level09.elf,00284210,music_preseek_track,boot-hash-match 00215b68
level10.elf,00258520,music_preseek_track,boot-hash-match 00215b68
level11.elf,0028a6c0,music_preseek_track,boot-hash-match 00215b68
level12.elf,0027d9c8,music_preseek_track,boot-hash-match 00215b68
level13.elf,00270cf8,music_preseek_track,boot-hash-match 00215b68
level14.elf,0026cc58,music_preseek_track,boot-hash-match 00215b68
level15.elf,002548d8,music_preseek_track,boot-hash-match 00215b68
level16.elf,00260730,music_preseek_track,boot-hash-match 00215b68
level17.elf,0025f0d0,music_preseek_track,boot-hash-match 00215b68
level18.elf,00267770,music_preseek_track,boot-hash-match 00215b68
level00.elf,00265418,music_start_track,boot-hash-match 00215c40
level01.elf,00279fa8,music_start_track,boot-hash-match 00215c40
level02.elf,00266a80,music_start_track,boot-hash-match 00215c40
level03.elf,00253580,music_start_track,boot-hash-match 00215c40
level04.elf,00257c38,music_start_track,boot-hash-match 00215c40
level05.elf,0028f328,music_start_track,boot-hash-match 00215c40
level06.elf,002741b0,music_start_track,boot-hash-match 00215c40
level07.elf,0028db10,music_start_track,boot-hash-match 00215c40
level08.elf,0026f338,music_start_track,boot-hash-match 00215c40
level09.elf,002842e8,music_start_track,boot-hash-match 00215c40
level10.elf,002585f8,music_start_track,boot-hash-match 00215c40
level11.elf,0028a798,music_start_track,boot-hash-match 00215c40
level12.elf,0027daa0,music_start_track,boot-hash-match 00215c40
level13.elf,00270dd0,music_start_track,boot-hash-match 00215c40
level14.elf,0026cd30,music_start_track,boot-hash-match 00215c40
level15.elf,002549b0,music_start_track,boot-hash-match 00215c40
level16.elf,00260808,music_start_track,boot-hash-match 00215c40
level17.elf,0025f1a8,music_start_track,boot-hash-match 00215c40
level18.elf,00267848,music_start_track,boot-hash-match 00215c40
level00.elf,00265f00,request_audio_stream_break,boot-hash-match 002166e8
level01.elf,0027aae0,request_audio_stream_break,boot-hash-match 002166e8
level02.elf,002675b8,request_audio_stream_break,boot-hash-match 002166e8
level03.elf,002540b8,request_audio_stream_break,boot-hash-match 002166e8
level04.elf,00258770,request_audio_stream_break,boot-hash-match 002166e8
level05.elf,0028fe60,request_audio_stream_break,boot-hash-match 002166e8
level06.elf,00274ce8,request_audio_stream_break,boot-hash-match 002166e8
level07.elf,0028e648,request_audio_stream_break,boot-hash-match 002166e8
level08.elf,0026fe70,request_audio_stream_break,boot-hash-match 002166e8
level09.elf,00284dd0,request_audio_stream_break,boot-hash-match 002166e8
level10.elf,00259130,request_audio_stream_break,boot-hash-match 002166e8
level11.elf,0028b2d0,request_audio_stream_break,boot-hash-match 002166e8
level12.elf,0027e5d8,request_audio_stream_break,boot-hash-match 002166e8
level13.elf,00271908,request_audio_stream_break,boot-hash-match 002166e8
level14.elf,0026d868,request_audio_stream_break,boot-hash-match 002166e8
level15.elf,002554e8,request_audio_stream_break,boot-hash-match 002166e8
level16.elf,00261340,request_audio_stream_break,boot-hash-match 002166e8
level17.elf,0025fce0,request_audio_stream_break,boot-hash-match 002166e8
level18.elf,00268380,request_audio_stream_break,boot-hash-match 002166e8
level00.elf,00265f40,submit_audio_stream_io_request,boot-hash-match 00216728
level01.elf,0027ab20,submit_audio_stream_io_request,boot-hash-match 00216728
level02.elf,002675f8,submit_audio_stream_io_request,boot-hash-match 00216728
level03.elf,002540f8,submit_audio_stream_io_request,boot-hash-match 00216728
level04.elf,002587b0,submit_audio_stream_io_request,boot-hash-match 00216728
level05.elf,0028fea0,submit_audio_stream_io_request,boot-hash-match 00216728
level06.elf,00274d28,submit_audio_stream_io_request,boot-hash-match 00216728
level07.elf,0028e688,submit_audio_stream_io_request,boot-hash-match 00216728
level08.elf,0026feb0,submit_audio_stream_io_request,boot-hash-match 00216728
level09.elf,00284e10,submit_audio_stream_io_request,boot-hash-match 00216728
level10.elf,00259170,submit_audio_stream_io_request,boot-hash-match 00216728
level11.elf,0028b310,submit_audio_stream_io_request,boot-hash-match 00216728
level12.elf,0027e618,submit_audio_stream_io_request,boot-hash-match 00216728
level13.elf,00271948,submit_audio_stream_io_request,boot-hash-match 00216728
level14.elf,0026d8a8,submit_audio_stream_io_request,boot-hash-match 00216728
level15.elf,00255528,submit_audio_stream_io_request,boot-hash-match 00216728
level16.elf,00261380,submit_audio_stream_io_request,boot-hash-match 00216728
level17.elf,0025fd20,submit_audio_stream_io_request,boot-hash-match 00216728
level18.elf,002683c0,submit_audio_stream_io_request,boot-hash-match 00216728
level00.elf,00265fa0,start_audio_stream_read,boot-hash-match 00216788
level01.elf,0027ab80,start_audio_stream_read,boot-hash-match 00216788
level02.elf,00267658,start_audio_stream_read,boot-hash-match 00216788
level03.elf,00254158,start_audio_stream_read,boot-hash-match 00216788
level04.elf,00258810,start_audio_stream_read,boot-hash-match 00216788
level05.elf,0028ff00,start_audio_stream_read,boot-hash-match 00216788
level06.elf,00274d88,start_audio_stream_read,boot-hash-match 00216788
level07.elf,0028e6e8,start_audio_stream_read,boot-hash-match 00216788
level08.elf,0026ff10,start_audio_stream_read,boot-hash-match 00216788
level09.elf,00284e70,start_audio_stream_read,boot-hash-match 00216788
level10.elf,002591d0,start_audio_stream_read,boot-hash-match 00216788
level11.elf,0028b370,start_audio_stream_read,boot-hash-match 00216788
level12.elf,0027e678,start_audio_stream_read,boot-hash-match 00216788
level13.elf,002719a8,start_audio_stream_read,boot-hash-match 00216788
level14.elf,0026d908,start_audio_stream_read,boot-hash-match 00216788
level15.elf,00255588,start_audio_stream_read,boot-hash-match 00216788
level16.elf,002613e0,start_audio_stream_read,boot-hash-match 00216788
level17.elf,0025fd80,start_audio_stream_read,boot-hash-match 00216788
level18.elf,00268420,start_audio_stream_read,boot-hash-match 00216788
level00.elf,002660c0,update_audio_stream_until_idle,boot-hash-match 002168a8
level01.elf,0027aca0,update_audio_stream_until_idle,boot-hash-match 002168a8
level02.elf,00267778,update_audio_stream_until_idle,boot-hash-match 002168a8
level03.elf,00254278,update_audio_stream_until_idle,boot-hash-match 002168a8
level04.elf,00258930,update_audio_stream_until_idle,boot-hash-match 002168a8
level05.elf,00290020,update_audio_stream_until_idle,boot-hash-match 002168a8
level06.elf,00274ea8,update_audio_stream_until_idle,boot-hash-match 002168a8
level07.elf,0028e808,update_audio_stream_until_idle,boot-hash-match 002168a8
level08.elf,00270030,update_audio_stream_until_idle,boot-hash-match 002168a8
level09.elf,00284f90,update_audio_stream_until_idle,boot-hash-match 002168a8
level10.elf,002592f0,update_audio_stream_until_idle,boot-hash-match 002168a8
level11.elf,0028b490,update_audio_stream_until_idle,boot-hash-match 002168a8
level12.elf,0027e798,update_audio_stream_until_idle,boot-hash-match 002168a8
level13.elf,00271ac8,update_audio_stream_until_idle,boot-hash-match 002168a8
level14.elf,0026da28,update_audio_stream_until_idle,boot-hash-match 002168a8
level15.elf,002556a8,update_audio_stream_until_idle,boot-hash-match 002168a8
level16.elf,00261500,update_audio_stream_until_idle,boot-hash-match 002168a8
level17.elf,0025fea0,update_audio_stream_until_idle,boot-hash-match 002168a8
level18.elf,00268540,update_audio_stream_until_idle,boot-hash-match 002168a8
level00.elf,00266168,finish_audio_stream_read,boot-hash-match 00216950
level01.elf,0027ad48,finish_audio_stream_read,boot-hash-match 00216950
level02.elf,00267820,finish_audio_stream_read,boot-hash-match 00216950
level03.elf,00254320,finish_audio_stream_read,boot-hash-match 00216950
level04.elf,002589d8,finish_audio_stream_read,boot-hash-match 00216950
level05.elf,002900c8,finish_audio_stream_read,boot-hash-match 00216950
level06.elf,00274f50,finish_audio_stream_read,boot-hash-match 00216950
level07.elf,0028e8b0,finish_audio_stream_read,boot-hash-match 00216950
level08.elf,002700d8,finish_audio_stream_read,boot-hash-match 00216950
level09.elf,00285038,finish_audio_stream_read,boot-hash-match 00216950
level10.elf,00259398,finish_audio_stream_read,boot-hash-match 00216950
level11.elf,0028b538,finish_audio_stream_read,boot-hash-match 00216950
level12.elf,0027e840,finish_audio_stream_read,boot-hash-match 00216950
level13.elf,00271b70,finish_audio_stream_read,boot-hash-match 00216950
level14.elf,0026dad0,finish_audio_stream_read,boot-hash-match 00216950
level15.elf,00255750,finish_audio_stream_read,boot-hash-match 00216950
level16.elf,002615a8,finish_audio_stream_read,boot-hash-match 00216950
level17.elf,0025ff48,finish_audio_stream_read,boot-hash-match 00216950
level18.elf,002685e8,finish_audio_stream_read,boot-hash-match 00216950
level00.elf,002661d8,fun_002169c0,boot-hash-match 002169c0
level01.elf,0027adb8,fun_002169c0,boot-hash-match 002169c0
level02.elf,00267890,fun_002169c0,boot-hash-match 002169c0
level03.elf,00254390,fun_002169c0,boot-hash-match 002169c0
level04.elf,00258a48,fun_002169c0,boot-hash-match 002169c0
level05.elf,00290138,fun_002169c0,boot-hash-match 002169c0
level06.elf,00274fc0,fun_002169c0,boot-hash-match 002169c0
level07.elf,0028e920,fun_002169c0,boot-hash-match 002169c0
level08.elf,00270148,fun_002169c0,boot-hash-match 002169c0
level09.elf,002850a8,fun_002169c0,boot-hash-match 002169c0
level10.elf,00259408,fun_002169c0,boot-hash-match 002169c0
level11.elf,0028b5a8,fun_002169c0,boot-hash-match 002169c0
level12.elf,0027e8b0,fun_002169c0,boot-hash-match 002169c0
level13.elf,00271be0,fun_002169c0,boot-hash-match 002169c0
level14.elf,0026db40,fun_002169c0,boot-hash-match 002169c0
level15.elf,002557c0,fun_002169c0,boot-hash-match 002169c0
level16.elf,00261618,fun_002169c0,boot-hash-match 002169c0
level17.elf,0025ffb8,fun_002169c0,boot-hash-match 002169c0
level18.elf,00268658,fun_002169c0,boot-hash-match 002169c0
level00.elf,00266238,fun_00216a20,boot-hash-match 00216a20
level01.elf,0027ae18,fun_00216a20,boot-hash-match 00216a20
level02.elf,002678f0,fun_00216a20,boot-hash-match 00216a20
level03.elf,002543f0,fun_00216a20,boot-hash-match 00216a20
level04.elf,00258aa8,fun_00216a20,boot-hash-match 00216a20
level05.elf,00290198,fun_00216a20,boot-hash-match 00216a20
level06.elf,00275020,fun_00216a20,boot-hash-match 00216a20
level07.elf,0028e980,fun_00216a20,boot-hash-match 00216a20
level08.elf,002701a8,fun_00216a20,boot-hash-match 00216a20
level09.elf,00285108,fun_00216a20,boot-hash-match 00216a20
level10.elf,00259468,fun_00216a20,boot-hash-match 00216a20
level11.elf,0028b608,fun_00216a20,boot-hash-match 00216a20
level12.elf,0027e910,fun_00216a20,boot-hash-match 00216a20
level13.elf,00271c40,fun_00216a20,boot-hash-match 00216a20
level14.elf,0026dba0,fun_00216a20,boot-hash-match 00216a20
level15.elf,00255820,fun_00216a20,boot-hash-match 00216a20
level16.elf,00261678,fun_00216a20,boot-hash-match 00216a20
level17.elf,00260018,fun_00216a20,boot-hash-match 00216a20
level18.elf,002686b8,fun_00216a20,boot-hash-match 00216a20
level00.elf,00266ed0,fun_00217048,boot-hash-match 00217048
level01.elf,0027bab0,fun_00217048,boot-hash-match 00217048
level02.elf,00268548,fun_00217048,boot-hash-match 00217048
level03.elf,00255088,fun_00217048,boot-hash-match 00217048
level04.elf,00259740,fun_00217048,boot-hash-match 00217048
level05.elf,00290e30,fun_00217048,boot-hash-match 00217048
level06.elf,00275cb8,fun_00217048,boot-hash-match 00217048
level07.elf,0028f1c8,fun_00217048,boot-hash-match 00217048
level08.elf,00270e40,fun_00217048,boot-hash-match 00217048
level09.elf,00285890,fun_00217048,boot-hash-match 00217048
level10.elf,00259cb0,fun_00217048,boot-hash-match 00217048
level11.elf,0028c2a0,fun_00217048,boot-hash-match 00217048
level12.elf,0027f5a8,fun_00217048,boot-hash-match 00217048
level13.elf,002728d8,fun_00217048,boot-hash-match 00217048
level14.elf,0026e838,fun_00217048,boot-hash-match 00217048
level15.elf,002564b8,fun_00217048,boot-hash-match 00217048
level16.elf,00262310,fun_00217048,boot-hash-match 00217048
level17.elf,00260860,fun_00217048,boot-hash-match 00217048
level18.elf,00268e40,fun_00217048,boot-hash-match 00217048
level00.elf,00276128,fun_00218d10,boot-hash-match 00218d10
level01.elf,0028bee8,fun_00218d10,boot-hash-match 00218d10
level02.elf,00277640,fun_00218d10,boot-hash-match 00218d10
level03.elf,00264d98,fun_00218d10,boot-hash-match 00218d10
level04.elf,00269458,fun_00218d10,boot-hash-match 00218d10
level05.elf,002a0430,fun_00218d10,boot-hash-match 00218d10
level06.elf,00284f08,fun_00218d10,boot-hash-match 00218d10
level07.elf,0029eb48,fun_00218d10,boot-hash-match 00218d10
level08.elf,00280878,fun_00218d10,boot-hash-match 00218d10
level09.elf,00294f48,fun_00218d10,boot-hash-match 00218d10
level10.elf,00269048,fun_00218d10,boot-hash-match 00218d10
level11.elf,0029b4b0,fun_00218d10,boot-hash-match 00218d10
level12.elf,0028edd0,fun_00218d10,boot-hash-match 00218d10
level13.elf,002822a8,fun_00218d10,boot-hash-match 00218d10
level14.elf,0027e8b8,fun_00218d10,boot-hash-match 00218d10
level15.elf,00265dd0,fun_00218d10,boot-hash-match 00218d10
level16.elf,00271420,fun_00218d10,boot-hash-match 00218d10
level17.elf,002701d8,fun_00218d10,boot-hash-match 00218d10
level18.elf,002780b0,fun_00218d10,boot-hash-match 00218d10
level00.elf,00277a58,fun_00219e10,boot-hash-match 00219e10
level01.elf,0028d818,fun_00219e10,boot-hash-match 00219e10
level02.elf,00278f70,fun_00219e10,boot-hash-match 00219e10
level03.elf,002666c8,fun_00219e10,boot-hash-match 00219e10
level04.elf,0026ad88,fun_00219e10,boot-hash-match 00219e10
level05.elf,002a1d60,fun_00219e10,boot-hash-match 00219e10
level06.elf,00286838,fun_00219e10,boot-hash-match 00219e10
level07.elf,002a0478,fun_00219e10,boot-hash-match 00219e10
level08.elf,002821a8,fun_00219e10,boot-hash-match 00219e10
level09.elf,00296878,fun_00219e10,boot-hash-match 00219e10
level10.elf,0026a978,fun_00219e10,boot-hash-match 00219e10
level11.elf,0029cde0,fun_00219e10,boot-hash-match 00219e10
level12.elf,00290700,fun_00219e10,boot-hash-match 00219e10
level13.elf,00283bd8,fun_00219e10,boot-hash-match 00219e10
level14.elf,002801e8,fun_00219e10,boot-hash-match 00219e10
level15.elf,00267700,fun_00219e10,boot-hash-match 00219e10
level16.elf,00272d50,fun_00219e10,boot-hash-match 00219e10
level17.elf,00271b08,fun_00219e10,boot-hash-match 00219e10
level18.elf,002799e0,fun_00219e10,boot-hash-match 00219e10
level00.elf,00277be8,fun_00219fa0,boot-hash-match 00219fa0
level01.elf,0028d9a8,fun_00219fa0,boot-hash-match 00219fa0
level02.elf,00279100,fun_00219fa0,boot-hash-match 00219fa0
level03.elf,00266858,fun_00219fa0,boot-hash-match 00219fa0
level04.elf,0026af18,fun_00219fa0,boot-hash-match 00219fa0
level05.elf,002a1ef0,fun_00219fa0,boot-hash-match 00219fa0
level06.elf,002869c8,fun_00219fa0,boot-hash-match 00219fa0
level07.elf,002a0608,fun_00219fa0,boot-hash-match 00219fa0
level08.elf,00282338,fun_00219fa0,boot-hash-match 00219fa0
level09.elf,00296a08,fun_00219fa0,boot-hash-match 00219fa0
level10.elf,0026ab08,fun_00219fa0,boot-hash-match 00219fa0
level11.elf,0029cf70,fun_00219fa0,boot-hash-match 00219fa0
level12.elf,00290890,fun_00219fa0,boot-hash-match 00219fa0
level13.elf,00283d68,fun_00219fa0,boot-hash-match 00219fa0
level14.elf,00280378,fun_00219fa0,boot-hash-match 00219fa0
level15.elf,00267890,fun_00219fa0,boot-hash-match 00219fa0
level16.elf,00272ee0,fun_00219fa0,boot-hash-match 00219fa0
level17.elf,00271c98,fun_00219fa0,boot-hash-match 00219fa0
level18.elf,00279b70,fun_00219fa0,boot-hash-match 00219fa0
level00.elf,00277e28,fun_0021a1e0,boot-hash-match 0021a1e0
level01.elf,0028dbe8,fun_0021a1e0,boot-hash-match 0021a1e0
level02.elf,00279340,fun_0021a1e0,boot-hash-match 0021a1e0
level03.elf,00266a98,fun_0021a1e0,boot-hash-match 0021a1e0
level04.elf,0026b158,fun_0021a1e0,boot-hash-match 0021a1e0
level05.elf,002a2130,fun_0021a1e0,boot-hash-match 0021a1e0
level06.elf,00286c08,fun_0021a1e0,boot-hash-match 0021a1e0
level07.elf,002a0848,fun_0021a1e0,boot-hash-match 0021a1e0
level08.elf,00282578,fun_0021a1e0,boot-hash-match 0021a1e0
level09.elf,00296c48,fun_0021a1e0,boot-hash-match 0021a1e0
level10.elf,0026ad48,fun_0021a1e0,boot-hash-match 0021a1e0
level11.elf,0029d1b0,fun_0021a1e0,boot-hash-match 0021a1e0
level12.elf,00290ad0,fun_0021a1e0,boot-hash-match 0021a1e0
level13.elf,00283fa8,fun_0021a1e0,boot-hash-match 0021a1e0
level14.elf,002805b8,fun_0021a1e0,boot-hash-match 0021a1e0
level15.elf,00267ad0,fun_0021a1e0,boot-hash-match 0021a1e0
level16.elf,00273120,fun_0021a1e0,boot-hash-match 0021a1e0
level17.elf,00271ed8,fun_0021a1e0,boot-hash-match 0021a1e0
level18.elf,00279db0,fun_0021a1e0,boot-hash-match 0021a1e0
level00.elf,00277f70,fun_0021a328,boot-hash-match 0021a328
level01.elf,0028dd30,fun_0021a328,boot-hash-match 0021a328
level02.elf,00279488,fun_0021a328,boot-hash-match 0021a328
level03.elf,00266be0,fun_0021a328,boot-hash-match 0021a328
level04.elf,0026b2a0,fun_0021a328,boot-hash-match 0021a328
level05.elf,002a2278,fun_0021a328,boot-hash-match 0021a328
level06.elf,00286d50,fun_0021a328,boot-hash-match 0021a328
level07.elf,002a0990,fun_0021a328,boot-hash-match 0021a328
level08.elf,002826c0,fun_0021a328,boot-hash-match 0021a328
level09.elf,00296d90,fun_0021a328,boot-hash-match 0021a328
level10.elf,0026ae90,fun_0021a328,boot-hash-match 0021a328
level11.elf,0029d2f8,fun_0021a328,boot-hash-match 0021a328
level12.elf,00290c18,fun_0021a328,boot-hash-match 0021a328
level13.elf,002840f0,fun_0021a328,boot-hash-match 0021a328
level14.elf,00280700,fun_0021a328,boot-hash-match 0021a328
level15.elf,00267c18,fun_0021a328,boot-hash-match 0021a328
level16.elf,00273268,fun_0021a328,boot-hash-match 0021a328
level17.elf,00272020,fun_0021a328,boot-hash-match 0021a328
level18.elf,00279ef8,fun_0021a328,boot-hash-match 0021a328
level00.elf,00278e10,fun_0021b1c8,boot-hash-match 0021b1c8
level01.elf,0028ebd0,fun_0021b1c8,boot-hash-match 0021b1c8
level02.elf,0027a328,fun_0021b1c8,boot-hash-match 0021b1c8
level03.elf,00267a80,fun_0021b1c8,boot-hash-match 0021b1c8
level04.elf,0026c140,fun_0021b1c8,boot-hash-match 0021b1c8
level05.elf,002a3118,fun_0021b1c8,boot-hash-match 0021b1c8
level06.elf,00287bf0,fun_0021b1c8,boot-hash-match 0021b1c8
level07.elf,002a1830,fun_0021b1c8,boot-hash-match 0021b1c8
level08.elf,00283560,fun_0021b1c8,boot-hash-match 0021b1c8
level09.elf,00297c30,fun_0021b1c8,boot-hash-match 0021b1c8
level10.elf,0026bd30,fun_0021b1c8,boot-hash-match 0021b1c8
level11.elf,0029e198,fun_0021b1c8,boot-hash-match 0021b1c8
level12.elf,00291ab8,fun_0021b1c8,boot-hash-match 0021b1c8
level13.elf,00284f90,fun_0021b1c8,boot-hash-match 0021b1c8
level14.elf,002815a0,fun_0021b1c8,boot-hash-match 0021b1c8
level15.elf,00268ab8,fun_0021b1c8,boot-hash-match 0021b1c8
level16.elf,00274108,fun_0021b1c8,boot-hash-match 0021b1c8
level17.elf,00272ec0,fun_0021b1c8,boot-hash-match 0021b1c8
level18.elf,0027ad98,fun_0021b1c8,boot-hash-match 0021b1c8
level00.elf,002799e8,fun_0021bda0,boot-hash-match 0021bda0
level01.elf,0028f7a8,fun_0021bda0,boot-hash-match 0021bda0
level02.elf,0027af00,fun_0021bda0,boot-hash-match 0021bda0
level03.elf,00268658,fun_0021bda0,boot-hash-match 0021bda0
level04.elf,0026cd18,fun_0021bda0,boot-hash-match 0021bda0
level05.elf,002a3cf0,fun_0021bda0,boot-hash-match 0021bda0
level06.elf,002887c8,fun_0021bda0,boot-hash-match 0021bda0
level07.elf,002a2408,fun_0021bda0,boot-hash-match 0021bda0
level08.elf,00284138,fun_0021bda0,boot-hash-match 0021bda0
level09.elf,00298808,fun_0021bda0,boot-hash-match 0021bda0
level10.elf,0026c908,fun_0021bda0,boot-hash-match 0021bda0
level11.elf,0029ed70,fun_0021bda0,boot-hash-match 0021bda0
level12.elf,00292690,fun_0021bda0,boot-hash-match 0021bda0
level13.elf,00285b68,fun_0021bda0,boot-hash-match 0021bda0
level14.elf,00282178,fun_0021bda0,boot-hash-match 0021bda0
level15.elf,00269690,fun_0021bda0,boot-hash-match 0021bda0
level16.elf,00274ce0,fun_0021bda0,boot-hash-match 0021bda0
level17.elf,00273a98,fun_0021bda0,boot-hash-match 0021bda0
level18.elf,0027b970,fun_0021bda0,boot-hash-match 0021bda0
level00.elf,0027a068,fun_0021c420,boot-hash-match 0021c420
level01.elf,0028fe28,fun_0021c420,boot-hash-match 0021c420
level02.elf,0027b580,fun_0021c420,boot-hash-match 0021c420
level03.elf,00268cd8,fun_0021c420,boot-hash-match 0021c420
level04.elf,0026d398,fun_0021c420,boot-hash-match 0021c420
level05.elf,002a4370,fun_0021c420,boot-hash-match 0021c420
level06.elf,00288e48,fun_0021c420,boot-hash-match 0021c420
level07.elf,002a2a88,fun_0021c420,boot-hash-match 0021c420
level08.elf,002847b8,fun_0021c420,boot-hash-match 0021c420
level09.elf,00298e88,fun_0021c420,boot-hash-match 0021c420
level10.elf,0026cf88,fun_0021c420,boot-hash-match 0021c420
level11.elf,0029f3f0,fun_0021c420,boot-hash-match 0021c420
level12.elf,00292d10,fun_0021c420,boot-hash-match 0021c420
level13.elf,002861e8,fun_0021c420,boot-hash-match 0021c420
level14.elf,002827f8,fun_0021c420,boot-hash-match 0021c420
level15.elf,00269d10,fun_0021c420,boot-hash-match 0021c420
level16.elf,00275360,fun_0021c420,boot-hash-match 0021c420
level17.elf,00274118,fun_0021c420,boot-hash-match 0021c420
level18.elf,0027bff0,fun_0021c420,boot-hash-match 0021c420
level00.elf,0027a3e8,fun_0021c7a0,boot-hash-match 0021c7a0
level01.elf,002901a8,fun_0021c7a0,boot-hash-match 0021c7a0
level02.elf,0027b900,fun_0021c7a0,boot-hash-match 0021c7a0
level03.elf,00269058,fun_0021c7a0,boot-hash-match 0021c7a0
level04.elf,0026d718,fun_0021c7a0,boot-hash-match 0021c7a0
level05.elf,002a46f0,fun_0021c7a0,boot-hash-match 0021c7a0
level06.elf,002891c8,fun_0021c7a0,boot-hash-match 0021c7a0
level07.elf,002a2e08,fun_0021c7a0,boot-hash-match 0021c7a0
level08.elf,00284b38,fun_0021c7a0,boot-hash-match 0021c7a0
level09.elf,00299208,fun_0021c7a0,boot-hash-match 0021c7a0
level10.elf,0026d308,fun_0021c7a0,boot-hash-match 0021c7a0
level11.elf,0029f770,fun_0021c7a0,boot-hash-match 0021c7a0
level12.elf,00293090,fun_0021c7a0,boot-hash-match 0021c7a0
level13.elf,00286568,fun_0021c7a0,boot-hash-match 0021c7a0
level14.elf,00282b78,fun_0021c7a0,boot-hash-match 0021c7a0
level15.elf,0026a090,fun_0021c7a0,boot-hash-match 0021c7a0
level16.elf,002756e0,fun_0021c7a0,boot-hash-match 0021c7a0
level17.elf,00274498,fun_0021c7a0,boot-hash-match 0021c7a0
level18.elf,0027c370,fun_0021c7a0,boot-hash-match 0021c7a0
level00.elf,0027a728,fun_0021cae0,boot-hash-match 0021cae0
level01.elf,002904e8,fun_0021cae0,boot-hash-match 0021cae0
level02.elf,0027bc40,fun_0021cae0,boot-hash-match 0021cae0
level03.elf,00269398,fun_0021cae0,boot-hash-match 0021cae0
level04.elf,0026da58,fun_0021cae0,boot-hash-match 0021cae0
level05.elf,002a4a30,fun_0021cae0,boot-hash-match 0021cae0
level06.elf,00289508,fun_0021cae0,boot-hash-match 0021cae0
level07.elf,002a3148,fun_0021cae0,boot-hash-match 0021cae0
level08.elf,00284e78,fun_0021cae0,boot-hash-match 0021cae0
level09.elf,00299548,fun_0021cae0,boot-hash-match 0021cae0
level10.elf,0026d648,fun_0021cae0,boot-hash-match 0021cae0
level11.elf,0029fab0,fun_0021cae0,boot-hash-match 0021cae0
level12.elf,002933d0,fun_0021cae0,boot-hash-match 0021cae0
level13.elf,002868a8,fun_0021cae0,boot-hash-match 0021cae0
level14.elf,00282eb8,fun_0021cae0,boot-hash-match 0021cae0
level15.elf,0026a3d0,fun_0021cae0,boot-hash-match 0021cae0
level16.elf,00275a20,fun_0021cae0,boot-hash-match 0021cae0
level17.elf,002747d8,fun_0021cae0,boot-hash-match 0021cae0
level18.elf,0027c6b0,fun_0021cae0,boot-hash-match 0021cae0
level00.elf,0027ae40,fun_0021d1f8,boot-hash-match 0021d1f8
level01.elf,00290c00,fun_0021d1f8,boot-hash-match 0021d1f8
level02.elf,0027c358,fun_0021d1f8,boot-hash-match 0021d1f8
level03.elf,00269ab0,fun_0021d1f8,boot-hash-match 0021d1f8
level04.elf,0026e170,fun_0021d1f8,boot-hash-match 0021d1f8
level05.elf,002a5148,fun_0021d1f8,boot-hash-match 0021d1f8
level06.elf,00289c20,fun_0021d1f8,boot-hash-match 0021d1f8
level07.elf,002a3860,fun_0021d1f8,boot-hash-match 0021d1f8
level08.elf,00285590,fun_0021d1f8,boot-hash-match 0021d1f8
level09.elf,00299c60,fun_0021d1f8,boot-hash-match 0021d1f8
level10.elf,0026dd60,fun_0021d1f8,boot-hash-match 0021d1f8
level11.elf,002a01c8,fun_0021d1f8,boot-hash-match 0021d1f8
level12.elf,00293ae8,fun_0021d1f8,boot-hash-match 0021d1f8
level13.elf,00286fc0,fun_0021d1f8,boot-hash-match 0021d1f8
level14.elf,002835d0,fun_0021d1f8,boot-hash-match 0021d1f8
level15.elf,0026aae8,fun_0021d1f8,boot-hash-match 0021d1f8
level16.elf,00276138,fun_0021d1f8,boot-hash-match 0021d1f8
level17.elf,00274ef0,fun_0021d1f8,boot-hash-match 0021d1f8
level18.elf,0027cdc8,fun_0021d1f8,boot-hash-match 0021d1f8
level00.elf,0027af10,fun_0021d2c8,boot-hash-match 0021d2c8
level01.elf,00290cd0,fun_0021d2c8,boot-hash-match 0021d2c8
level02.elf,0027c428,fun_0021d2c8,boot-hash-match 0021d2c8
level03.elf,00269b80,fun_0021d2c8,boot-hash-match 0021d2c8
level04.elf,0026e240,fun_0021d2c8,boot-hash-match 0021d2c8
level05.elf,002a5218,fun_0021d2c8,boot-hash-match 0021d2c8
level06.elf,00289cf0,fun_0021d2c8,boot-hash-match 0021d2c8
level07.elf,002a3930,fun_0021d2c8,boot-hash-match 0021d2c8
level08.elf,00285660,fun_0021d2c8,boot-hash-match 0021d2c8
level09.elf,00299d30,fun_0021d2c8,boot-hash-match 0021d2c8
level10.elf,0026de30,fun_0021d2c8,boot-hash-match 0021d2c8
level11.elf,002a0298,fun_0021d2c8,boot-hash-match 0021d2c8
level12.elf,00293bb8,fun_0021d2c8,boot-hash-match 0021d2c8
level13.elf,00287090,fun_0021d2c8,boot-hash-match 0021d2c8
level14.elf,002836a0,fun_0021d2c8,boot-hash-match 0021d2c8
level15.elf,0026abb8,fun_0021d2c8,boot-hash-match 0021d2c8
level16.elf,00276208,fun_0021d2c8,boot-hash-match 0021d2c8
level17.elf,00274fc0,fun_0021d2c8,boot-hash-match 0021d2c8
level18.elf,0027ce98,fun_0021d2c8,boot-hash-match 0021d2c8
level00.elf,0027af80,fun_0021d338,boot-hash-match 0021d338
level01.elf,00290d40,fun_0021d338,boot-hash-match 0021d338
level02.elf,0027c498,fun_0021d338,boot-hash-match 0021d338
level03.elf,00269bf0,fun_0021d338,boot-hash-match 0021d338
level04.elf,0026e2b0,fun_0021d338,boot-hash-match 0021d338
level05.elf,002a5288,fun_0021d338,boot-hash-match 0021d338
level06.elf,00289d60,fun_0021d338,boot-hash-match 0021d338
level07.elf,002a39a0,fun_0021d338,boot-hash-match 0021d338
level08.elf,002856d0,fun_0021d338,boot-hash-match 0021d338
level09.elf,00299da0,fun_0021d338,boot-hash-match 0021d338
level10.elf,0026dea0,fun_0021d338,boot-hash-match 0021d338
level11.elf,002a0308,fun_0021d338,boot-hash-match 0021d338
level12.elf,00293c28,fun_0021d338,boot-hash-match 0021d338
level13.elf,00287100,fun_0021d338,boot-hash-match 0021d338
level14.elf,00283710,fun_0021d338,boot-hash-match 0021d338
level15.elf,0026ac28,fun_0021d338,boot-hash-match 0021d338
level16.elf,00276278,fun_0021d338,boot-hash-match 0021d338
level17.elf,00275030,fun_0021d338,boot-hash-match 0021d338
level18.elf,0027cf08,fun_0021d338,boot-hash-match 0021d338
level00.elf,0027b0f0,fun_0021d4a8,boot-hash-match 0021d4a8
level01.elf,00290eb0,fun_0021d4a8,boot-hash-match 0021d4a8
level02.elf,0027c608,fun_0021d4a8,boot-hash-match 0021d4a8
level03.elf,00269d60,fun_0021d4a8,boot-hash-match 0021d4a8
level04.elf,0026e420,fun_0021d4a8,boot-hash-match 0021d4a8
level05.elf,002a53f8,fun_0021d4a8,boot-hash-match 0021d4a8
level06.elf,00289ed0,fun_0021d4a8,boot-hash-match 0021d4a8
level07.elf,002a3b10,fun_0021d4a8,boot-hash-match 0021d4a8
level08.elf,00285840,fun_0021d4a8,boot-hash-match 0021d4a8
level09.elf,00299f10,fun_0021d4a8,boot-hash-match 0021d4a8
level10.elf,0026e010,fun_0021d4a8,boot-hash-match 0021d4a8
level11.elf,002a0478,fun_0021d4a8,boot-hash-match 0021d4a8
level12.elf,00293d98,fun_0021d4a8,boot-hash-match 0021d4a8
level13.elf,00287270,fun_0021d4a8,boot-hash-match 0021d4a8
level14.elf,00283880,fun_0021d4a8,boot-hash-match 0021d4a8
level15.elf,0026ad98,fun_0021d4a8,boot-hash-match 0021d4a8
level16.elf,002763e8,fun_0021d4a8,boot-hash-match 0021d4a8
level17.elf,002751a0,fun_0021d4a8,boot-hash-match 0021d4a8
level18.elf,0027d078,fun_0021d4a8,boot-hash-match 0021d4a8
level00.elf,0027b590,fun_0021d948,boot-hash-match 0021d948
level01.elf,00291350,fun_0021d948,boot-hash-match 0021d948
level02.elf,0027caa8,fun_0021d948,boot-hash-match 0021d948
level03.elf,0026a200,fun_0021d948,boot-hash-match 0021d948
level04.elf,0026e8c0,fun_0021d948,boot-hash-match 0021d948
level05.elf,002a5898,fun_0021d948,boot-hash-match 0021d948
level06.elf,0028a370,fun_0021d948,boot-hash-match 0021d948
level07.elf,002a3fb0,fun_0021d948,boot-hash-match 0021d948
level08.elf,00285ce0,fun_0021d948,boot-hash-match 0021d948
level09.elf,0029a3b0,fun_0021d948,boot-hash-match 0021d948
level10.elf,0026e4b0,fun_0021d948,boot-hash-match 0021d948
level11.elf,002a0918,fun_0021d948,boot-hash-match 0021d948
level12.elf,00294238,fun_0021d948,boot-hash-match 0021d948
level13.elf,00287710,fun_0021d948,boot-hash-match 0021d948
level14.elf,00283d20,fun_0021d948,boot-hash-match 0021d948
level15.elf,0026b238,fun_0021d948,boot-hash-match 0021d948
level16.elf,00276888,fun_0021d948,boot-hash-match 0021d948
level17.elf,00275640,fun_0021d948,boot-hash-match 0021d948
level18.elf,0027d518,fun_0021d948,boot-hash-match 0021d948
level00.elf,0027ba40,fun_0021ddf8,boot-hash-match 0021ddf8
level01.elf,00291800,fun_0021ddf8,boot-hash-match 0021ddf8
level02.elf,0027cf58,fun_0021ddf8,boot-hash-match 0021ddf8
level03.elf,0026a6b0,fun_0021ddf8,boot-hash-match 0021ddf8
level04.elf,0026ed70,fun_0021ddf8,boot-hash-match 0021ddf8
level05.elf,002a5d48,fun_0021ddf8,boot-hash-match 0021ddf8
level06.elf,0028a820,fun_0021ddf8,boot-hash-match 0021ddf8
level07.elf,002a4460,fun_0021ddf8,boot-hash-match 0021ddf8
level08.elf,00286190,fun_0021ddf8,boot-hash-match 0021ddf8
level09.elf,0029a860,fun_0021ddf8,boot-hash-match 0021ddf8
level10.elf,0026e960,fun_0021ddf8,boot-hash-match 0021ddf8
level11.elf,002a0dc8,fun_0021ddf8,boot-hash-match 0021ddf8
level12.elf,002946e8,fun_0021ddf8,boot-hash-match 0021ddf8
level13.elf,00287bc0,fun_0021ddf8,boot-hash-match 0021ddf8
level14.elf,002841d0,fun_0021ddf8,boot-hash-match 0021ddf8
level15.elf,0026b6e8,fun_0021ddf8,boot-hash-match 0021ddf8
level16.elf,00276d38,fun_0021ddf8,boot-hash-match 0021ddf8
level17.elf,00275af0,fun_0021ddf8,boot-hash-match 0021ddf8
level18.elf,0027d9c8,fun_0021ddf8,boot-hash-match 0021ddf8
level00.elf,0027bba0,fun_0021df58,boot-hash-match 0021df58
level01.elf,00291960,fun_0021df58,boot-hash-match 0021df58
level02.elf,0027d0b8,fun_0021df58,boot-hash-match 0021df58
level03.elf,0026a810,fun_0021df58,boot-hash-match 0021df58
level04.elf,0026eed0,fun_0021df58,boot-hash-match 0021df58
level05.elf,002a5ea8,fun_0021df58,boot-hash-match 0021df58
level06.elf,0028a980,fun_0021df58,boot-hash-match 0021df58
level07.elf,002a45c0,fun_0021df58,boot-hash-match 0021df58
level08.elf,002862f0,fun_0021df58,boot-hash-match 0021df58
level09.elf,0029a9c0,fun_0021df58,boot-hash-match 0021df58
level10.elf,0026eac0,fun_0021df58,boot-hash-match 0021df58
level11.elf,002a0f28,fun_0021df58,boot-hash-match 0021df58
level12.elf,00294848,fun_0021df58,boot-hash-match 0021df58
level13.elf,00287d20,fun_0021df58,boot-hash-match 0021df58
level14.elf,00284330,fun_0021df58,boot-hash-match 0021df58
level15.elf,0026b848,fun_0021df58,boot-hash-match 0021df58
level16.elf,00276e98,fun_0021df58,boot-hash-match 0021df58
level17.elf,00275c50,fun_0021df58,boot-hash-match 0021df58
level18.elf,0027db28,fun_0021df58,boot-hash-match 0021df58
level00.elf,0027bbe0,fun_0021df98,boot-hash-match 0021df98
level01.elf,002919a0,fun_0021df98,boot-hash-match 0021df98
level02.elf,0027d0f8,fun_0021df98,boot-hash-match 0021df98
level03.elf,0026a850,fun_0021df98,boot-hash-match 0021df98
level04.elf,0026ef10,fun_0021df98,boot-hash-match 0021df98
level05.elf,002a5ee8,fun_0021df98,boot-hash-match 0021df98
level06.elf,0028a9c0,fun_0021df98,boot-hash-match 0021df98
level07.elf,002a4600,fun_0021df98,boot-hash-match 0021df98
level08.elf,00286330,fun_0021df98,boot-hash-match 0021df98
level09.elf,0029aa00,fun_0021df98,boot-hash-match 0021df98
level10.elf,0026eb00,fun_0021df98,boot-hash-match 0021df98
level11.elf,002a0f68,fun_0021df98,boot-hash-match 0021df98
level12.elf,00294888,fun_0021df98,boot-hash-match 0021df98
level13.elf,00287d60,fun_0021df98,boot-hash-match 0021df98
level14.elf,00284370,fun_0021df98,boot-hash-match 0021df98
level15.elf,0026b888,fun_0021df98,boot-hash-match 0021df98
level16.elf,00276ed8,fun_0021df98,boot-hash-match 0021df98
level17.elf,00275c90,fun_0021df98,boot-hash-match 0021df98
level18.elf,0027db68,fun_0021df98,boot-hash-match 0021df98
level00.elf,0027bd58,fun_0021e110,boot-hash-match 0021e110
level01.elf,00291b18,fun_0021e110,boot-hash-match 0021e110
level02.elf,0027d270,fun_0021e110,boot-hash-match 0021e110
level03.elf,0026a9c8,fun_0021e110,boot-hash-match 0021e110
level04.elf,0026f088,fun_0021e110,boot-hash-match 0021e110
level05.elf,002a6060,fun_0021e110,boot-hash-match 0021e110
level06.elf,0028ab38,fun_0021e110,boot-hash-match 0021e110
level07.elf,002a4778,fun_0021e110,boot-hash-match 0021e110
level08.elf,002864a8,fun_0021e110,boot-hash-match 0021e110
level09.elf,0029ab78,fun_0021e110,boot-hash-match 0021e110
level10.elf,0026ec78,fun_0021e110,boot-hash-match 0021e110
level11.elf,002a10e0,fun_0021e110,boot-hash-match 0021e110
level12.elf,00294a00,fun_0021e110,boot-hash-match 0021e110
level13.elf,00287ed8,fun_0021e110,boot-hash-match 0021e110
level14.elf,002844e8,fun_0021e110,boot-hash-match 0021e110
level15.elf,0026ba00,fun_0021e110,boot-hash-match 0021e110
level16.elf,00277050,fun_0021e110,boot-hash-match 0021e110
level17.elf,00275e08,fun_0021e110,boot-hash-match 0021e110
level18.elf,0027dce0,fun_0021e110,boot-hash-match 0021e110
level00.elf,0027be40,fun_0021e1f8,boot-hash-match 0021e1f8
level01.elf,00291c00,fun_0021e1f8,boot-hash-match 0021e1f8
level02.elf,0027d358,fun_0021e1f8,boot-hash-match 0021e1f8
level03.elf,0026aab0,fun_0021e1f8,boot-hash-match 0021e1f8
level04.elf,0026f170,fun_0021e1f8,boot-hash-match 0021e1f8
level05.elf,002a6148,fun_0021e1f8,boot-hash-match 0021e1f8
level06.elf,0028ac20,fun_0021e1f8,boot-hash-match 0021e1f8
level07.elf,002a4860,fun_0021e1f8,boot-hash-match 0021e1f8
level08.elf,00286590,fun_0021e1f8,boot-hash-match 0021e1f8
level09.elf,0029ac60,fun_0021e1f8,boot-hash-match 0021e1f8
level10.elf,0026ed60,fun_0021e1f8,boot-hash-match 0021e1f8
level11.elf,002a11c8,fun_0021e1f8,boot-hash-match 0021e1f8
level12.elf,00294ae8,fun_0021e1f8,boot-hash-match 0021e1f8
level13.elf,00287fc0,fun_0021e1f8,boot-hash-match 0021e1f8
level14.elf,002845d0,fun_0021e1f8,boot-hash-match 0021e1f8
level15.elf,0026bae8,fun_0021e1f8,boot-hash-match 0021e1f8
level16.elf,00277138,fun_0021e1f8,boot-hash-match 0021e1f8
level17.elf,00275ef0,fun_0021e1f8,boot-hash-match 0021e1f8
level18.elf,0027ddc8,fun_0021e1f8,boot-hash-match 0021e1f8
level00.elf,0027c250,fun_0021e608,boot-hash-match 0021e608
level01.elf,00292010,fun_0021e608,boot-hash-match 0021e608
level02.elf,0027d768,fun_0021e608,boot-hash-match 0021e608
level03.elf,0026aec0,fun_0021e608,boot-hash-match 0021e608
level04.elf,0026f580,fun_0021e608,boot-hash-match 0021e608
level05.elf,002a6558,fun_0021e608,boot-hash-match 0021e608
level06.elf,0028b030,fun_0021e608,boot-hash-match 0021e608
level07.elf,002a4c70,fun_0021e608,boot-hash-match 0021e608
level08.elf,002869a0,fun_0021e608,boot-hash-match 0021e608
level09.elf,0029b070,fun_0021e608,boot-hash-match 0021e608
level10.elf,0026f170,fun_0021e608,boot-hash-match 0021e608
level11.elf,002a15d8,fun_0021e608,boot-hash-match 0021e608
level12.elf,00294ef8,fun_0021e608,boot-hash-match 0021e608
level13.elf,002883d0,fun_0021e608,boot-hash-match 0021e608
level14.elf,002849e0,fun_0021e608,boot-hash-match 0021e608
level15.elf,0026bef8,fun_0021e608,boot-hash-match 0021e608
level16.elf,00277548,fun_0021e608,boot-hash-match 0021e608
level17.elf,00276300,fun_0021e608,boot-hash-match 0021e608
level18.elf,0027e1d8,fun_0021e608,boot-hash-match 0021e608
level00.elf,0027c690,fun_0021ea48,boot-hash-match 0021ea48
level01.elf,00292450,fun_0021ea48,boot-hash-match 0021ea48
level02.elf,0027dba8,fun_0021ea48,boot-hash-match 0021ea48
level03.elf,0026b300,fun_0021ea48,boot-hash-match 0021ea48
level04.elf,0026f9c0,fun_0021ea48,boot-hash-match 0021ea48
level05.elf,002a6998,fun_0021ea48,boot-hash-match 0021ea48
level06.elf,0028b470,fun_0021ea48,boot-hash-match 0021ea48
level07.elf,002a50b0,fun_0021ea48,boot-hash-match 0021ea48
level08.elf,00286de0,fun_0021ea48,boot-hash-match 0021ea48
level09.elf,0029b4b0,fun_0021ea48,boot-hash-match 0021ea48
level10.elf,0026f5b0,fun_0021ea48,boot-hash-match 0021ea48
level11.elf,002a1a18,fun_0021ea48,boot-hash-match 0021ea48
level12.elf,00295338,fun_0021ea48,boot-hash-match 0021ea48
level13.elf,00288810,fun_0021ea48,boot-hash-match 0021ea48
level14.elf,00284e20,fun_0021ea48,boot-hash-match 0021ea48
level15.elf,0026c338,fun_0021ea48,boot-hash-match 0021ea48
level16.elf,00277988,fun_0021ea48,boot-hash-match 0021ea48
level17.elf,00276740,fun_0021ea48,boot-hash-match 0021ea48
level18.elf,0027e618,fun_0021ea48,boot-hash-match 0021ea48
level00.elf,0027c738,fun_0021eaf0,boot-hash-match 0021eaf0
level01.elf,002924f8,fun_0021eaf0,boot-hash-match 0021eaf0
level02.elf,0027dc50,fun_0021eaf0,boot-hash-match 0021eaf0
level03.elf,0026b3a8,fun_0021eaf0,boot-hash-match 0021eaf0
level04.elf,0026fa68,fun_0021eaf0,boot-hash-match 0021eaf0
level05.elf,002a6a40,fun_0021eaf0,boot-hash-match 0021eaf0
level06.elf,0028b518,fun_0021eaf0,boot-hash-match 0021eaf0
level07.elf,002a5158,fun_0021eaf0,boot-hash-match 0021eaf0
level08.elf,00286e88,fun_0021eaf0,boot-hash-match 0021eaf0
level09.elf,0029b558,fun_0021eaf0,boot-hash-match 0021eaf0
level10.elf,0026f658,fun_0021eaf0,boot-hash-match 0021eaf0
level11.elf,002a1ac0,fun_0021eaf0,boot-hash-match 0021eaf0
level12.elf,002953e0,fun_0021eaf0,boot-hash-match 0021eaf0
level13.elf,002888b8,fun_0021eaf0,boot-hash-match 0021eaf0
level14.elf,00284ec8,fun_0021eaf0,boot-hash-match 0021eaf0
level15.elf,0026c3e0,fun_0021eaf0,boot-hash-match 0021eaf0
level16.elf,00277a30,fun_0021eaf0,boot-hash-match 0021eaf0
level17.elf,002767e8,fun_0021eaf0,boot-hash-match 0021eaf0
level18.elf,0027e6c0,fun_0021eaf0,boot-hash-match 0021eaf0
level00.elf,0027cd68,fun_0021f120,boot-hash-match 0021f120
level01.elf,00292b28,fun_0021f120,boot-hash-match 0021f120
level02.elf,0027e280,fun_0021f120,boot-hash-match 0021f120
level03.elf,0026b9d8,fun_0021f120,boot-hash-match 0021f120
level04.elf,00270098,fun_0021f120,boot-hash-match 0021f120
level05.elf,002a7070,fun_0021f120,boot-hash-match 0021f120
level06.elf,0028bb48,fun_0021f120,boot-hash-match 0021f120
level07.elf,002a5788,fun_0021f120,boot-hash-match 0021f120
level08.elf,002874b8,fun_0021f120,boot-hash-match 0021f120
level09.elf,0029bb88,fun_0021f120,boot-hash-match 0021f120
level10.elf,0026fc88,fun_0021f120,boot-hash-match 0021f120
level11.elf,002a20f0,fun_0021f120,boot-hash-match 0021f120
level12.elf,00295a10,fun_0021f120,boot-hash-match 0021f120
level13.elf,00288ee8,fun_0021f120,boot-hash-match 0021f120
level14.elf,002854f8,fun_0021f120,boot-hash-match 0021f120
level15.elf,0026ca10,fun_0021f120,boot-hash-match 0021f120
level16.elf,00278060,fun_0021f120,boot-hash-match 0021f120
level17.elf,00276e18,fun_0021f120,boot-hash-match 0021f120
level18.elf,0027ecf0,fun_0021f120,boot-hash-match 0021f120
level00.elf,0027cda0,fun_0021f158,boot-hash-match 0021f158
level01.elf,00292b60,fun_0021f158,boot-hash-match 0021f158
level02.elf,0027e2b8,fun_0021f158,boot-hash-match 0021f158
level03.elf,0026ba10,fun_0021f158,boot-hash-match 0021f158
level04.elf,002700d0,fun_0021f158,boot-hash-match 0021f158
level05.elf,002a70a8,fun_0021f158,boot-hash-match 0021f158
level06.elf,0028bb80,fun_0021f158,boot-hash-match 0021f158
level07.elf,002a57c0,fun_0021f158,boot-hash-match 0021f158
level08.elf,002874f0,fun_0021f158,boot-hash-match 0021f158
level09.elf,0029bbc0,fun_0021f158,boot-hash-match 0021f158
level10.elf,0026fcc0,fun_0021f158,boot-hash-match 0021f158
level11.elf,002a2128,fun_0021f158,boot-hash-match 0021f158
level12.elf,00295a48,fun_0021f158,boot-hash-match 0021f158
level13.elf,00288f20,fun_0021f158,boot-hash-match 0021f158
level14.elf,00285530,fun_0021f158,boot-hash-match 0021f158
level15.elf,0026ca48,fun_0021f158,boot-hash-match 0021f158
level16.elf,00278098,fun_0021f158,boot-hash-match 0021f158
level17.elf,00276e50,fun_0021f158,boot-hash-match 0021f158
level18.elf,0027ed28,fun_0021f158,boot-hash-match 0021f158
level00.elf,0027cf78,draw_map_screen_overlay,boot-hash-match 0021f330
level01.elf,00292d38,draw_map_screen_overlay,boot-hash-match 0021f330
level02.elf,0027e490,draw_map_screen_overlay,boot-hash-match 0021f330
level03.elf,0026bbe8,draw_map_screen_overlay,boot-hash-match 0021f330
level04.elf,002702a8,draw_map_screen_overlay,boot-hash-match 0021f330
level05.elf,002a7280,draw_map_screen_overlay,boot-hash-match 0021f330
level06.elf,0028bd58,draw_map_screen_overlay,boot-hash-match 0021f330
level07.elf,002a5998,draw_map_screen_overlay,boot-hash-match 0021f330
level08.elf,002876c8,draw_map_screen_overlay,boot-hash-match 0021f330
level09.elf,0029bd98,draw_map_screen_overlay,boot-hash-match 0021f330
level10.elf,0026fe98,draw_map_screen_overlay,boot-hash-match 0021f330
level11.elf,002a2300,draw_map_screen_overlay,boot-hash-match 0021f330
level12.elf,00295c20,draw_map_screen_overlay,boot-hash-match 0021f330
level13.elf,002890f8,draw_map_screen_overlay,boot-hash-match 0021f330
level14.elf,00285708,draw_map_screen_overlay,boot-hash-match 0021f330
level15.elf,0026cc20,draw_map_screen_overlay,boot-hash-match 0021f330
level16.elf,00278270,draw_map_screen_overlay,boot-hash-match 0021f330
level17.elf,00277028,draw_map_screen_overlay,boot-hash-match 0021f330
level18.elf,0027ef00,draw_map_screen_overlay,boot-hash-match 0021f330
level00.elf,0027d240,draw_mission_menu_labels,boot-hash-match 0021f5f8
level01.elf,00293000,draw_mission_menu_labels,boot-hash-match 0021f5f8
level02.elf,0027e758,draw_mission_menu_labels,boot-hash-match 0021f5f8
level03.elf,0026beb0,draw_mission_menu_labels,boot-hash-match 0021f5f8
level04.elf,00270570,draw_mission_menu_labels,boot-hash-match 0021f5f8
level05.elf,002a7548,draw_mission_menu_labels,boot-hash-match 0021f5f8
level06.elf,0028c020,draw_mission_menu_labels,boot-hash-match 0021f5f8
level07.elf,002a5c60,draw_mission_menu_labels,boot-hash-match 0021f5f8
level08.elf,00287990,draw_mission_menu_labels,boot-hash-match 0021f5f8
level09.elf,0029c060,draw_mission_menu_labels,boot-hash-match 0021f5f8
level10.elf,00270160,draw_mission_menu_labels,boot-hash-match 0021f5f8
level11.elf,002a25c8,draw_mission_menu_labels,boot-hash-match 0021f5f8
level12.elf,00295ee8,draw_mission_menu_labels,boot-hash-match 0021f5f8
level13.elf,002893c0,draw_mission_menu_labels,boot-hash-match 0021f5f8
level14.elf,002859d0,draw_mission_menu_labels,boot-hash-match 0021f5f8
level15.elf,0026cee8,draw_mission_menu_labels,boot-hash-match 0021f5f8
level16.elf,00278538,draw_mission_menu_labels,boot-hash-match 0021f5f8
level17.elf,002772f0,draw_mission_menu_labels,boot-hash-match 0021f5f8
level18.elf,0027f1c8,draw_mission_menu_labels,boot-hash-match 0021f5f8
level00.elf,0027d530,draw_menu_selection_marker,boot-hash-match 0021f8e8
level01.elf,002932f0,draw_menu_selection_marker,boot-hash-match 0021f8e8
level02.elf,0027ea48,draw_menu_selection_marker,boot-hash-match 0021f8e8
level03.elf,0026c1a0,draw_menu_selection_marker,boot-hash-match 0021f8e8
level04.elf,00270860,draw_menu_selection_marker,boot-hash-match 0021f8e8
level05.elf,002a7838,draw_menu_selection_marker,boot-hash-match 0021f8e8
level06.elf,0028c310,draw_menu_selection_marker,boot-hash-match 0021f8e8
level07.elf,002a5f50,draw_menu_selection_marker,boot-hash-match 0021f8e8
level08.elf,00287c80,draw_menu_selection_marker,boot-hash-match 0021f8e8
level09.elf,0029c350,draw_menu_selection_marker,boot-hash-match 0021f8e8
level10.elf,00270450,draw_menu_selection_marker,boot-hash-match 0021f8e8
level11.elf,002a28b8,draw_menu_selection_marker,boot-hash-match 0021f8e8
level12.elf,002961d8,draw_menu_selection_marker,boot-hash-match 0021f8e8
level13.elf,002896b0,draw_menu_selection_marker,boot-hash-match 0021f8e8
level14.elf,00285cc0,draw_menu_selection_marker,boot-hash-match 0021f8e8
level15.elf,0026d1d8,draw_menu_selection_marker,boot-hash-match 0021f8e8
level16.elf,00278828,draw_menu_selection_marker,boot-hash-match 0021f8e8
level17.elf,002775e0,draw_menu_selection_marker,boot-hash-match 0021f8e8
level18.elf,0027f4b8,draw_menu_selection_marker,boot-hash-match 0021f8e8
level00.elf,0027d5d8,fun_0021f990,boot-hash-match 0021f990
level01.elf,00293398,fun_0021f990,boot-hash-match 0021f990
level02.elf,0027eaf0,fun_0021f990,boot-hash-match 0021f990
level03.elf,0026c248,fun_0021f990,boot-hash-match 0021f990
level04.elf,00270908,fun_0021f990,boot-hash-match 0021f990
level05.elf,002a78e0,fun_0021f990,boot-hash-match 0021f990
level06.elf,0028c3b8,fun_0021f990,boot-hash-match 0021f990
level07.elf,002a5ff8,fun_0021f990,boot-hash-match 0021f990
level08.elf,00287d28,fun_0021f990,boot-hash-match 0021f990
level09.elf,0029c3f8,fun_0021f990,boot-hash-match 0021f990
level10.elf,002704f8,fun_0021f990,boot-hash-match 0021f990
level11.elf,002a2960,fun_0021f990,boot-hash-match 0021f990
level12.elf,00296280,fun_0021f990,boot-hash-match 0021f990
level13.elf,00289758,fun_0021f990,boot-hash-match 0021f990
level14.elf,00285d68,fun_0021f990,boot-hash-match 0021f990
level15.elf,0026d280,fun_0021f990,boot-hash-match 0021f990
level16.elf,002788d0,fun_0021f990,boot-hash-match 0021f990
level17.elf,00277688,fun_0021f990,boot-hash-match 0021f990
level18.elf,0027f560,fun_0021f990,boot-hash-match 0021f990
level00.elf,0027d8b0,draw_transition_overlay,boot-hash-match 0021fc68
level01.elf,00293670,draw_transition_overlay,boot-hash-match 0021fc68
level02.elf,0027edc8,draw_transition_overlay,boot-hash-match 0021fc68
level03.elf,0026c520,draw_transition_overlay,boot-hash-match 0021fc68
level04.elf,00270be0,draw_transition_overlay,boot-hash-match 0021fc68
level05.elf,002a7bb8,draw_transition_overlay,boot-hash-match 0021fc68
level06.elf,0028c690,draw_transition_overlay,boot-hash-match 0021fc68
level07.elf,002a62d0,draw_transition_overlay,boot-hash-match 0021fc68
level08.elf,00288000,draw_transition_overlay,boot-hash-match 0021fc68
level09.elf,0029c6d0,draw_transition_overlay,boot-hash-match 0021fc68
level10.elf,002707d0,draw_transition_overlay,boot-hash-match 0021fc68
level11.elf,002a2c38,draw_transition_overlay,boot-hash-match 0021fc68
level12.elf,00296558,draw_transition_overlay,boot-hash-match 0021fc68
level13.elf,00289a30,draw_transition_overlay,boot-hash-match 0021fc68
level14.elf,00286040,draw_transition_overlay,boot-hash-match 0021fc68
level15.elf,0026d558,draw_transition_overlay,boot-hash-match 0021fc68
level16.elf,00278ba8,draw_transition_overlay,boot-hash-match 0021fc68
level17.elf,00277960,draw_transition_overlay,boot-hash-match 0021fc68
level18.elf,0027f838,draw_transition_overlay,boot-hash-match 0021fc68
level00.elf,0027d928,fun_0021fce0,boot-hash-match 0021fce0
level01.elf,002936e8,fun_0021fce0,boot-hash-match 0021fce0
level02.elf,0027ee40,fun_0021fce0,boot-hash-match 0021fce0
level03.elf,0026c598,fun_0021fce0,boot-hash-match 0021fce0
level04.elf,00270c58,fun_0021fce0,boot-hash-match 0021fce0
level05.elf,002a7c30,fun_0021fce0,boot-hash-match 0021fce0
level06.elf,0028c708,fun_0021fce0,boot-hash-match 0021fce0
level07.elf,002a6348,fun_0021fce0,boot-hash-match 0021fce0
level08.elf,00288078,fun_0021fce0,boot-hash-match 0021fce0
level09.elf,0029c748,fun_0021fce0,boot-hash-match 0021fce0
level10.elf,00270848,fun_0021fce0,boot-hash-match 0021fce0
level11.elf,002a2cb0,fun_0021fce0,boot-hash-match 0021fce0
level12.elf,002965d0,fun_0021fce0,boot-hash-match 0021fce0
level13.elf,00289aa8,fun_0021fce0,boot-hash-match 0021fce0
level14.elf,002860b8,fun_0021fce0,boot-hash-match 0021fce0
level15.elf,0026d5d0,fun_0021fce0,boot-hash-match 0021fce0
level16.elf,00278c20,fun_0021fce0,boot-hash-match 0021fce0
level17.elf,002779d8,fun_0021fce0,boot-hash-match 0021fce0
level18.elf,0027f8b0,fun_0021fce0,boot-hash-match 0021fce0
level00.elf,0027d9c0,fun_0021fd78,boot-hash-match 0021fd78
level01.elf,00293780,fun_0021fd78,boot-hash-match 0021fd78
level02.elf,0027eed8,fun_0021fd78,boot-hash-match 0021fd78
level03.elf,0026c630,fun_0021fd78,boot-hash-match 0021fd78
level04.elf,00270cf0,fun_0021fd78,boot-hash-match 0021fd78
level05.elf,002a7cc8,fun_0021fd78,boot-hash-match 0021fd78
level06.elf,0028c7a0,fun_0021fd78,boot-hash-match 0021fd78
level07.elf,002a63e0,fun_0021fd78,boot-hash-match 0021fd78
level08.elf,00288110,fun_0021fd78,boot-hash-match 0021fd78
level09.elf,0029c7e0,fun_0021fd78,boot-hash-match 0021fd78
level10.elf,002708e0,fun_0021fd78,boot-hash-match 0021fd78
level11.elf,002a2d48,fun_0021fd78,boot-hash-match 0021fd78
level12.elf,00296668,fun_0021fd78,boot-hash-match 0021fd78
level13.elf,00289b40,fun_0021fd78,boot-hash-match 0021fd78
level14.elf,00286150,fun_0021fd78,boot-hash-match 0021fd78
level15.elf,0026d668,fun_0021fd78,boot-hash-match 0021fd78
level16.elf,00278cb8,fun_0021fd78,boot-hash-match 0021fd78
level17.elf,00277a70,fun_0021fd78,boot-hash-match 0021fd78
level18.elf,0027f948,fun_0021fd78,boot-hash-match 0021fd78
level00.elf,0027da10,fun_0021fdc8,boot-hash-match 0021fdc8
level01.elf,002937d0,fun_0021fdc8,boot-hash-match 0021fdc8
level02.elf,0027ef28,fun_0021fdc8,boot-hash-match 0021fdc8
level03.elf,0026c680,fun_0021fdc8,boot-hash-match 0021fdc8
level04.elf,00270d40,fun_0021fdc8,boot-hash-match 0021fdc8
level05.elf,002a7d18,fun_0021fdc8,boot-hash-match 0021fdc8
level06.elf,0028c7f0,fun_0021fdc8,boot-hash-match 0021fdc8
level07.elf,002a6430,fun_0021fdc8,boot-hash-match 0021fdc8
level08.elf,00288160,fun_0021fdc8,boot-hash-match 0021fdc8
level09.elf,0029c830,fun_0021fdc8,boot-hash-match 0021fdc8
level10.elf,00270930,fun_0021fdc8,boot-hash-match 0021fdc8
level11.elf,002a2d98,fun_0021fdc8,boot-hash-match 0021fdc8
level12.elf,002966b8,fun_0021fdc8,boot-hash-match 0021fdc8
level13.elf,00289b90,fun_0021fdc8,boot-hash-match 0021fdc8
level14.elf,002861a0,fun_0021fdc8,boot-hash-match 0021fdc8
level15.elf,0026d6b8,fun_0021fdc8,boot-hash-match 0021fdc8
level16.elf,00278d08,fun_0021fdc8,boot-hash-match 0021fdc8
level17.elf,00277ac0,fun_0021fdc8,boot-hash-match 0021fdc8
level18.elf,0027f998,fun_0021fdc8,boot-hash-match 0021fdc8
level00.elf,0027e290,advance_audio_stream_state,boot-hash-match 00220648
level01.elf,00294050,advance_audio_stream_state,boot-hash-match 00220648
level02.elf,0027f7a8,advance_audio_stream_state,boot-hash-match 00220648
level03.elf,0026cf00,advance_audio_stream_state,boot-hash-match 00220648
level04.elf,002715c0,advance_audio_stream_state,boot-hash-match 00220648
level05.elf,002a8598,advance_audio_stream_state,boot-hash-match 00220648
level06.elf,0028d070,advance_audio_stream_state,boot-hash-match 00220648
level07.elf,002a6cb0,advance_audio_stream_state,boot-hash-match 00220648
level08.elf,002889e0,advance_audio_stream_state,boot-hash-match 00220648
level09.elf,0029d0b0,advance_audio_stream_state,boot-hash-match 00220648
level10.elf,002711b0,advance_audio_stream_state,boot-hash-match 00220648
level11.elf,002a3618,advance_audio_stream_state,boot-hash-match 00220648
level12.elf,00296f38,advance_audio_stream_state,boot-hash-match 00220648
level13.elf,0028a410,advance_audio_stream_state,boot-hash-match 00220648
level14.elf,00286a20,advance_audio_stream_state,boot-hash-match 00220648
level15.elf,0026df38,advance_audio_stream_state,boot-hash-match 00220648
level16.elf,00279588,advance_audio_stream_state,boot-hash-match 00220648
level17.elf,00278340,advance_audio_stream_state,boot-hash-match 00220648
level18.elf,00280218,advance_audio_stream_state,boot-hash-match 00220648
level00.elf,0027e3d8,draw_two_texture_panels,boot-hash-match 00220790
level01.elf,00294198,draw_two_texture_panels,boot-hash-match 00220790
level02.elf,0027f8f0,draw_two_texture_panels,boot-hash-match 00220790
level03.elf,0026d048,draw_two_texture_panels,boot-hash-match 00220790
level04.elf,00271708,draw_two_texture_panels,boot-hash-match 00220790
level05.elf,002a86e0,draw_two_texture_panels,boot-hash-match 00220790
level06.elf,0028d1b8,draw_two_texture_panels,boot-hash-match 00220790
level07.elf,002a6df8,draw_two_texture_panels,boot-hash-match 00220790
level08.elf,00288b28,draw_two_texture_panels,boot-hash-match 00220790
level09.elf,0029d1f8,draw_two_texture_panels,boot-hash-match 00220790
level10.elf,002712f8,draw_two_texture_panels,boot-hash-match 00220790
level11.elf,002a3760,draw_two_texture_panels,boot-hash-match 00220790
level12.elf,00297080,draw_two_texture_panels,boot-hash-match 00220790
level13.elf,0028a558,draw_two_texture_panels,boot-hash-match 00220790
level14.elf,00286b68,draw_two_texture_panels,boot-hash-match 00220790
level15.elf,0026e080,draw_two_texture_panels,boot-hash-match 00220790
level16.elf,002796d0,draw_two_texture_panels,boot-hash-match 00220790
level17.elf,00278488,draw_two_texture_panels,boot-hash-match 00220790
level18.elf,00280360,draw_two_texture_panels,boot-hash-match 00220790
level00.elf,0027e768,fun_00220b20,boot-hash-match 00220b20
level01.elf,00294528,fun_00220b20,boot-hash-match 00220b20
level02.elf,0027fc80,fun_00220b20,boot-hash-match 00220b20
level03.elf,0026d3d8,fun_00220b20,boot-hash-match 00220b20
level04.elf,00271a98,fun_00220b20,boot-hash-match 00220b20
level05.elf,002a8a70,fun_00220b20,boot-hash-match 00220b20
level06.elf,0028d548,fun_00220b20,boot-hash-match 00220b20
level07.elf,002a7188,fun_00220b20,boot-hash-match 00220b20
level08.elf,00288eb8,fun_00220b20,boot-hash-match 00220b20
level09.elf,0029d588,fun_00220b20,boot-hash-match 00220b20
level10.elf,00271688,fun_00220b20,boot-hash-match 00220b20
level11.elf,002a3af0,fun_00220b20,boot-hash-match 00220b20
level12.elf,00297410,fun_00220b20,boot-hash-match 00220b20
level13.elf,0028a8e8,fun_00220b20,boot-hash-match 00220b20
level14.elf,00286ef8,fun_00220b20,boot-hash-match 00220b20
level15.elf,0026e410,fun_00220b20,boot-hash-match 00220b20
level16.elf,00279a60,fun_00220b20,boot-hash-match 00220b20
level17.elf,00278818,fun_00220b20,boot-hash-match 00220b20
level18.elf,002806f0,fun_00220b20,boot-hash-match 00220b20
level00.elf,0027f0a8,fun_00221460,boot-hash-match 00221460
level01.elf,00294e68,fun_00221460,boot-hash-match 00221460
level02.elf,002805c0,fun_00221460,boot-hash-match 00221460
level03.elf,0026dd18,fun_00221460,boot-hash-match 00221460
level04.elf,002723d8,fun_00221460,boot-hash-match 00221460
level05.elf,002a93b0,fun_00221460,boot-hash-match 00221460
level06.elf,0028de88,fun_00221460,boot-hash-match 00221460
level07.elf,002a7ac8,fun_00221460,boot-hash-match 00221460
level08.elf,002897f8,fun_00221460,boot-hash-match 00221460
level09.elf,0029dec8,fun_00221460,boot-hash-match 00221460
level10.elf,00271fc8,fun_00221460,boot-hash-match 00221460
level11.elf,002a4430,fun_00221460,boot-hash-match 00221460
level12.elf,00297d50,fun_00221460,boot-hash-match 00221460
level13.elf,0028b228,fun_00221460,boot-hash-match 00221460
level14.elf,00287838,fun_00221460,boot-hash-match 00221460
level15.elf,0026ed50,fun_00221460,boot-hash-match 00221460
level16.elf,0027a3a0,fun_00221460,boot-hash-match 00221460
level17.elf,00279158,fun_00221460,boot-hash-match 00221460
level18.elf,00281030,fun_00221460,boot-hash-match 00221460
level00.elf,0027f578,fun_00221930,boot-hash-match 00221930
level01.elf,00295338,fun_00221930,boot-hash-match 00221930
level02.elf,00280a90,fun_00221930,boot-hash-match 00221930
level03.elf,0026e1e8,fun_00221930,boot-hash-match 00221930
level04.elf,002728a8,fun_00221930,boot-hash-match 00221930
level05.elf,002a9880,fun_00221930,boot-hash-match 00221930
level06.elf,0028e358,fun_00221930,boot-hash-match 00221930
level07.elf,002a7f98,fun_00221930,boot-hash-match 00221930
level08.elf,00289cc8,fun_00221930,boot-hash-match 00221930
level09.elf,0029e398,fun_00221930,boot-hash-match 00221930
level10.elf,00272498,fun_00221930,boot-hash-match 00221930
level11.elf,002a4900,fun_00221930,boot-hash-match 00221930
level12.elf,00298220,fun_00221930,boot-hash-match 00221930
level13.elf,0028b6f8,fun_00221930,boot-hash-match 00221930
level14.elf,00287d08,fun_00221930,boot-hash-match 00221930
level15.elf,0026f220,fun_00221930,boot-hash-match 00221930
level16.elf,0027a870,fun_00221930,boot-hash-match 00221930
level17.elf,00279628,fun_00221930,boot-hash-match 00221930
level18.elf,00281500,fun_00221930,boot-hash-match 00221930
level00.elf,0027f5b0,fun_00221968,boot-hash-match 00221968
level01.elf,00295370,fun_00221968,boot-hash-match 00221968
level02.elf,00280ac8,fun_00221968,boot-hash-match 00221968
level03.elf,0026e220,fun_00221968,boot-hash-match 00221968
level04.elf,002728e0,fun_00221968,boot-hash-match 00221968
level05.elf,002a98b8,fun_00221968,boot-hash-match 00221968
level06.elf,0028e390,fun_00221968,boot-hash-match 00221968
level07.elf,002a7fd0,fun_00221968,boot-hash-match 00221968
level08.elf,00289d00,fun_00221968,boot-hash-match 00221968
level09.elf,0029e3d0,fun_00221968,boot-hash-match 00221968
level10.elf,002724d0,fun_00221968,boot-hash-match 00221968
level11.elf,002a4938,fun_00221968,boot-hash-match 00221968
level12.elf,00298258,fun_00221968,boot-hash-match 00221968
level13.elf,0028b730,fun_00221968,boot-hash-match 00221968
level14.elf,00287d40,fun_00221968,boot-hash-match 00221968
level15.elf,0026f258,fun_00221968,boot-hash-match 00221968
level16.elf,0027a8a8,fun_00221968,boot-hash-match 00221968
level17.elf,00279660,fun_00221968,boot-hash-match 00221968
level18.elf,00281538,fun_00221968,boot-hash-match 00221968
level00.elf,0027f690,fun_00221a48,boot-hash-match 00221a48
level01.elf,00295450,fun_00221a48,boot-hash-match 00221a48
level02.elf,00280ba8,fun_00221a48,boot-hash-match 00221a48
level03.elf,0026e300,fun_00221a48,boot-hash-match 00221a48
level04.elf,002729c0,fun_00221a48,boot-hash-match 00221a48
level05.elf,002a9998,fun_00221a48,boot-hash-match 00221a48
level06.elf,0028e470,fun_00221a48,boot-hash-match 00221a48
level07.elf,002a80b0,fun_00221a48,boot-hash-match 00221a48
level08.elf,00289de0,fun_00221a48,boot-hash-match 00221a48
level09.elf,0029e4b0,fun_00221a48,boot-hash-match 00221a48
level10.elf,002725b0,fun_00221a48,boot-hash-match 00221a48
level11.elf,002a4a18,fun_00221a48,boot-hash-match 00221a48
level12.elf,00298338,fun_00221a48,boot-hash-match 00221a48
level13.elf,0028b810,fun_00221a48,boot-hash-match 00221a48
level14.elf,00287e20,fun_00221a48,boot-hash-match 00221a48
level15.elf,0026f338,fun_00221a48,boot-hash-match 00221a48
level16.elf,0027a988,fun_00221a48,boot-hash-match 00221a48
level17.elf,00279740,fun_00221a48,boot-hash-match 00221a48
level18.elf,00281618,fun_00221a48,boot-hash-match 00221a48
level00.elf,0027f6d0,fun_00221a88,boot-hash-match 00221a88
level01.elf,00295490,fun_00221a88,boot-hash-match 00221a88
level02.elf,00280be8,fun_00221a88,boot-hash-match 00221a88
level03.elf,0026e340,fun_00221a88,boot-hash-match 00221a88
level04.elf,00272a00,fun_00221a88,boot-hash-match 00221a88
level05.elf,002a99d8,fun_00221a88,boot-hash-match 00221a88
level06.elf,0028e4b0,fun_00221a88,boot-hash-match 00221a88
level07.elf,002a80f0,fun_00221a88,boot-hash-match 00221a88
level08.elf,00289e20,fun_00221a88,boot-hash-match 00221a88
level09.elf,0029e4f0,fun_00221a88,boot-hash-match 00221a88
level10.elf,002725f0,fun_00221a88,boot-hash-match 00221a88
level11.elf,002a4a58,fun_00221a88,boot-hash-match 00221a88
level12.elf,00298378,fun_00221a88,boot-hash-match 00221a88
level13.elf,0028b850,fun_00221a88,boot-hash-match 00221a88
level14.elf,00287e60,fun_00221a88,boot-hash-match 00221a88
level15.elf,0026f378,fun_00221a88,boot-hash-match 00221a88
level16.elf,0027a9c8,fun_00221a88,boot-hash-match 00221a88
level17.elf,00279780,fun_00221a88,boot-hash-match 00221a88
level18.elf,00281658,fun_00221a88,boot-hash-match 00221a88
level00.elf,0027f798,fun_00221b50,boot-hash-match 00221b50
level01.elf,00295558,fun_00221b50,boot-hash-match 00221b50
level02.elf,00280cb0,fun_00221b50,boot-hash-match 00221b50
level03.elf,0026e408,fun_00221b50,boot-hash-match 00221b50
level04.elf,00272ac8,fun_00221b50,boot-hash-match 00221b50
level05.elf,002a9aa0,fun_00221b50,boot-hash-match 00221b50
level06.elf,0028e578,fun_00221b50,boot-hash-match 00221b50
level07.elf,002a81b8,fun_00221b50,boot-hash-match 00221b50
level08.elf,00289ee8,fun_00221b50,boot-hash-match 00221b50
level09.elf,0029e5b8,fun_00221b50,boot-hash-match 00221b50
level10.elf,002726b8,fun_00221b50,boot-hash-match 00221b50
level11.elf,002a4b20,fun_00221b50,boot-hash-match 00221b50
level12.elf,00298440,fun_00221b50,boot-hash-match 00221b50
level13.elf,0028b918,fun_00221b50,boot-hash-match 00221b50
level14.elf,00287f28,fun_00221b50,boot-hash-match 00221b50
level15.elf,0026f440,fun_00221b50,boot-hash-match 00221b50
level16.elf,0027aa90,fun_00221b50,boot-hash-match 00221b50
level17.elf,00279848,fun_00221b50,boot-hash-match 00221b50
level18.elf,00281720,fun_00221b50,boot-hash-match 00221b50
level00.elf,0027f9b0,fun_00221d68,boot-hash-match 00221d68
level01.elf,00295770,fun_00221d68,boot-hash-match 00221d68
level02.elf,00280ec8,fun_00221d68,boot-hash-match 00221d68
level03.elf,0026e620,fun_00221d68,boot-hash-match 00221d68
level04.elf,00272ce0,fun_00221d68,boot-hash-match 00221d68
level05.elf,002a9cb8,fun_00221d68,boot-hash-match 00221d68
level06.elf,0028e790,fun_00221d68,boot-hash-match 00221d68
level07.elf,002a83d0,fun_00221d68,boot-hash-match 00221d68
level08.elf,0028a100,fun_00221d68,boot-hash-match 00221d68
level09.elf,0029e7d0,fun_00221d68,boot-hash-match 00221d68
level10.elf,002728d0,fun_00221d68,boot-hash-match 00221d68
level11.elf,002a4d38,fun_00221d68,boot-hash-match 00221d68
level12.elf,00298658,fun_00221d68,boot-hash-match 00221d68
level13.elf,0028bb30,fun_00221d68,boot-hash-match 00221d68
level14.elf,00288140,fun_00221d68,boot-hash-match 00221d68
level15.elf,0026f658,fun_00221d68,boot-hash-match 00221d68
level16.elf,0027aca8,fun_00221d68,boot-hash-match 00221d68
level17.elf,00279a60,fun_00221d68,boot-hash-match 00221d68
level18.elf,00281938,fun_00221d68,boot-hash-match 00221d68
level00.elf,0027fa98,fun_00221e50,boot-hash-match 00221e50
level01.elf,00295858,fun_00221e50,boot-hash-match 00221e50
level02.elf,00280fb0,fun_00221e50,boot-hash-match 00221e50
level03.elf,0026e708,fun_00221e50,boot-hash-match 00221e50
level04.elf,00272dc8,fun_00221e50,boot-hash-match 00221e50
level05.elf,002a9da0,fun_00221e50,boot-hash-match 00221e50
level06.elf,0028e878,fun_00221e50,boot-hash-match 00221e50
level07.elf,002a84b8,fun_00221e50,boot-hash-match 00221e50
level08.elf,0028a1e8,fun_00221e50,boot-hash-match 00221e50
level09.elf,0029e8b8,fun_00221e50,boot-hash-match 00221e50
level10.elf,002729b8,fun_00221e50,boot-hash-match 00221e50
level11.elf,002a4e20,fun_00221e50,boot-hash-match 00221e50
level12.elf,00298740,fun_00221e50,boot-hash-match 00221e50
level13.elf,0028bc18,fun_00221e50,boot-hash-match 00221e50
level14.elf,00288228,fun_00221e50,boot-hash-match 00221e50
level15.elf,0026f740,fun_00221e50,boot-hash-match 00221e50
level16.elf,0027ad90,fun_00221e50,boot-hash-match 00221e50
level17.elf,00279b48,fun_00221e50,boot-hash-match 00221e50
level18.elf,00281a20,fun_00221e50,boot-hash-match 00221e50
level00.elf,0027fba0,fun_00221f58,boot-hash-match 00221f58
level01.elf,00295960,fun_00221f58,boot-hash-match 00221f58
level02.elf,002810b8,fun_00221f58,boot-hash-match 00221f58
level03.elf,0026e810,fun_00221f58,boot-hash-match 00221f58
level04.elf,00272ed0,fun_00221f58,boot-hash-match 00221f58
level05.elf,002a9ea8,fun_00221f58,boot-hash-match 00221f58
level06.elf,0028e980,fun_00221f58,boot-hash-match 00221f58
level07.elf,002a85c0,fun_00221f58,boot-hash-match 00221f58
level08.elf,0028a2f0,fun_00221f58,boot-hash-match 00221f58
level09.elf,0029e9c0,fun_00221f58,boot-hash-match 00221f58
level10.elf,00272ac0,fun_00221f58,boot-hash-match 00221f58
level11.elf,002a4f28,fun_00221f58,boot-hash-match 00221f58
level12.elf,00298848,fun_00221f58,boot-hash-match 00221f58
level13.elf,0028bd20,fun_00221f58,boot-hash-match 00221f58
level14.elf,00288330,fun_00221f58,boot-hash-match 00221f58
level15.elf,0026f848,fun_00221f58,boot-hash-match 00221f58
level16.elf,0027ae98,fun_00221f58,boot-hash-match 00221f58
level17.elf,00279c50,fun_00221f58,boot-hash-match 00221f58
level18.elf,00281b28,fun_00221f58,boot-hash-match 00221f58
level00.elf,0027fd38,fun_002220f0,boot-hash-match 002220f0
level01.elf,00295af8,fun_002220f0,boot-hash-match 002220f0
level02.elf,00281250,fun_002220f0,boot-hash-match 002220f0
level03.elf,0026e9a8,fun_002220f0,boot-hash-match 002220f0
level04.elf,00273068,fun_002220f0,boot-hash-match 002220f0
level05.elf,002aa040,fun_002220f0,boot-hash-match 002220f0
level06.elf,0028eb18,fun_002220f0,boot-hash-match 002220f0
level07.elf,002a8758,fun_002220f0,boot-hash-match 002220f0
level08.elf,0028a488,fun_002220f0,boot-hash-match 002220f0
level09.elf,0029eb58,fun_002220f0,boot-hash-match 002220f0
level10.elf,00272c58,fun_002220f0,boot-hash-match 002220f0
level11.elf,002a50c0,fun_002220f0,boot-hash-match 002220f0
level12.elf,002989e0,fun_002220f0,boot-hash-match 002220f0
level13.elf,0028beb8,fun_002220f0,boot-hash-match 002220f0
level14.elf,002884c8,fun_002220f0,boot-hash-match 002220f0
level15.elf,0026f9e0,fun_002220f0,boot-hash-match 002220f0
level16.elf,0027b030,fun_002220f0,boot-hash-match 002220f0
level17.elf,00279de8,fun_002220f0,boot-hash-match 002220f0
level18.elf,00281cc0,fun_002220f0,boot-hash-match 002220f0
level00.elf,002803b0,fun_00222768,boot-hash-match 00222768
level01.elf,00296170,fun_00222768,boot-hash-match 00222768
level02.elf,002818c8,fun_00222768,boot-hash-match 00222768
level03.elf,0026f020,fun_00222768,boot-hash-match 00222768
level04.elf,002736e0,fun_00222768,boot-hash-match 00222768
level05.elf,002aa6b8,fun_00222768,boot-hash-match 00222768
level06.elf,0028f190,fun_00222768,boot-hash-match 00222768
level07.elf,002a8dd0,fun_00222768,boot-hash-match 00222768
level08.elf,0028ab00,fun_00222768,boot-hash-match 00222768
level09.elf,0029f1d0,fun_00222768,boot-hash-match 00222768
level10.elf,002732d0,fun_00222768,boot-hash-match 00222768
level11.elf,002a5738,fun_00222768,boot-hash-match 00222768
level12.elf,00299058,fun_00222768,boot-hash-match 00222768
level13.elf,0028c530,fun_00222768,boot-hash-match 00222768
level14.elf,00288b40,fun_00222768,boot-hash-match 00222768
level15.elf,00270058,fun_00222768,boot-hash-match 00222768
level16.elf,0027b6a8,fun_00222768,boot-hash-match 00222768
level17.elf,0027a460,fun_00222768,boot-hash-match 00222768
level18.elf,00282368,fun_00222768,boot-hash-match 00222768
level00.elf,002809e0,fun_00222d98,boot-hash-match 00222d98
level01.elf,002967a0,fun_00222d98,boot-hash-match 00222d98
level02.elf,00281ef8,fun_00222d98,boot-hash-match 00222d98
level03.elf,0026f650,fun_00222d98,boot-hash-match 00222d98
level04.elf,00273d10,fun_00222d98,boot-hash-match 00222d98
level05.elf,002aace8,fun_00222d98,boot-hash-match 00222d98
level06.elf,0028f7c0,fun_00222d98,boot-hash-match 00222d98
level07.elf,002a9400,fun_00222d98,boot-hash-match 00222d98
level08.elf,0028b130,fun_00222d98,boot-hash-match 00222d98
level09.elf,0029f800,fun_00222d98,boot-hash-match 00222d98
level10.elf,00273900,fun_00222d98,boot-hash-match 00222d98
level11.elf,002a5d68,fun_00222d98,boot-hash-match 00222d98
level12.elf,00299688,fun_00222d98,boot-hash-match 00222d98
level13.elf,0028cb60,fun_00222d98,boot-hash-match 00222d98
level14.elf,00289170,fun_00222d98,boot-hash-match 00222d98
level15.elf,00270688,fun_00222d98,boot-hash-match 00222d98
level16.elf,0027bcd8,fun_00222d98,boot-hash-match 00222d98
level17.elf,0027aa90,fun_00222d98,boot-hash-match 00222d98
level18.elf,00282998,fun_00222d98,boot-hash-match 00222d98
level00.elf,00280b60,fun_00222f18,boot-hash-match 00222f18
level01.elf,00296920,fun_00222f18,boot-hash-match 00222f18
level02.elf,00282078,fun_00222f18,boot-hash-match 00222f18
level03.elf,0026f7d0,fun_00222f18,boot-hash-match 00222f18
level04.elf,00273e90,fun_00222f18,boot-hash-match 00222f18
level05.elf,002aae68,fun_00222f18,boot-hash-match 00222f18
level06.elf,0028f940,fun_00222f18,boot-hash-match 00222f18
level07.elf,002a9580,fun_00222f18,boot-hash-match 00222f18
level08.elf,0028b2b0,fun_00222f18,boot-hash-match 00222f18
level09.elf,0029f980,fun_00222f18,boot-hash-match 00222f18
level10.elf,00273a80,fun_00222f18,boot-hash-match 00222f18
level11.elf,002a5ee8,fun_00222f18,boot-hash-match 00222f18
level12.elf,00299808,fun_00222f18,boot-hash-match 00222f18
level13.elf,0028cce0,fun_00222f18,boot-hash-match 00222f18
level14.elf,002892f0,fun_00222f18,boot-hash-match 00222f18
level15.elf,00270808,fun_00222f18,boot-hash-match 00222f18
level16.elf,0027be58,fun_00222f18,boot-hash-match 00222f18
level17.elf,0027ac10,fun_00222f18,boot-hash-match 00222f18
level18.elf,00282b18,fun_00222f18,boot-hash-match 00222f18
level00.elf,00280ba0,fun_00222f58,boot-hash-match 00222f58
level01.elf,00296960,fun_00222f58,boot-hash-match 00222f58
level02.elf,002820b8,fun_00222f58,boot-hash-match 00222f58
level03.elf,0026f810,fun_00222f58,boot-hash-match 00222f58
level04.elf,00273ed0,fun_00222f58,boot-hash-match 00222f58
level05.elf,002aaea8,fun_00222f58,boot-hash-match 00222f58
level06.elf,0028f980,fun_00222f58,boot-hash-match 00222f58
level07.elf,002a95c0,fun_00222f58,boot-hash-match 00222f58
level08.elf,0028b2f0,fun_00222f58,boot-hash-match 00222f58
level09.elf,0029f9c0,fun_00222f58,boot-hash-match 00222f58
level10.elf,00273ac0,fun_00222f58,boot-hash-match 00222f58
level11.elf,002a5f28,fun_00222f58,boot-hash-match 00222f58
level12.elf,00299848,fun_00222f58,boot-hash-match 00222f58
level13.elf,0028cd20,fun_00222f58,boot-hash-match 00222f58
level14.elf,00289330,fun_00222f58,boot-hash-match 00222f58
level15.elf,00270848,fun_00222f58,boot-hash-match 00222f58
level16.elf,0027be98,fun_00222f58,boot-hash-match 00222f58
level17.elf,0027ac50,fun_00222f58,boot-hash-match 00222f58
level18.elf,00282b58,fun_00222f58,boot-hash-match 00222f58
level00.elf,00281628,fun_002239e0,boot-hash-match 002239e0
level01.elf,002973e8,fun_002239e0,boot-hash-match 002239e0
level02.elf,00282b40,fun_002239e0,boot-hash-match 002239e0
level03.elf,00270298,fun_002239e0,boot-hash-match 002239e0
level04.elf,00274958,fun_002239e0,boot-hash-match 002239e0
level05.elf,002ab930,fun_002239e0,boot-hash-match 002239e0
level06.elf,00290408,fun_002239e0,boot-hash-match 002239e0
level07.elf,002aa048,fun_002239e0,boot-hash-match 002239e0
level08.elf,0028bd78,fun_002239e0,boot-hash-match 002239e0
level09.elf,002a0448,fun_002239e0,boot-hash-match 002239e0
level10.elf,00274548,fun_002239e0,boot-hash-match 002239e0
level11.elf,002a69b0,fun_002239e0,boot-hash-match 002239e0
level12.elf,0029a2d0,fun_002239e0,boot-hash-match 002239e0
level13.elf,0028d7a8,fun_002239e0,boot-hash-match 002239e0
level14.elf,00289db8,fun_002239e0,boot-hash-match 002239e0
level15.elf,002712d0,fun_002239e0,boot-hash-match 002239e0
level16.elf,0027c920,fun_002239e0,boot-hash-match 002239e0
level17.elf,0027b6d8,fun_002239e0,boot-hash-match 002239e0
level18.elf,002835e0,fun_002239e0,boot-hash-match 002239e0
level00.elf,00281a70,fun_00223e28,boot-hash-match 00223e28
level01.elf,00297830,fun_00223e28,boot-hash-match 00223e28
level02.elf,00282f88,fun_00223e28,boot-hash-match 00223e28
level03.elf,002706e0,fun_00223e28,boot-hash-match 00223e28
level04.elf,00274da0,fun_00223e28,boot-hash-match 00223e28
level05.elf,002abd78,fun_00223e28,boot-hash-match 00223e28
level06.elf,00290850,fun_00223e28,boot-hash-match 00223e28
level07.elf,002aa490,fun_00223e28,boot-hash-match 00223e28
level08.elf,0028c1c0,fun_00223e28,boot-hash-match 00223e28
level09.elf,002a0890,fun_00223e28,boot-hash-match 00223e28
level10.elf,00274990,fun_00223e28,boot-hash-match 00223e28
level11.elf,002a6df8,fun_00223e28,boot-hash-match 00223e28
level12.elf,0029a718,fun_00223e28,boot-hash-match 00223e28
level13.elf,0028dbf0,fun_00223e28,boot-hash-match 00223e28
level14.elf,0028a200,fun_00223e28,boot-hash-match 00223e28
level15.elf,00271718,fun_00223e28,boot-hash-match 00223e28
level16.elf,0027cd68,fun_00223e28,boot-hash-match 00223e28
level17.elf,0027bb20,fun_00223e28,boot-hash-match 00223e28
level18.elf,00283a28,fun_00223e28,boot-hash-match 00223e28
level00.elf,00281f00,fun_002242b8,boot-hash-match 002242b8
level01.elf,00297cc0,fun_002242b8,boot-hash-match 002242b8
level02.elf,00283418,fun_002242b8,boot-hash-match 002242b8
level03.elf,00270b70,fun_002242b8,boot-hash-match 002242b8
level04.elf,00275230,fun_002242b8,boot-hash-match 002242b8
level05.elf,002ac208,fun_002242b8,boot-hash-match 002242b8
level06.elf,00290ce0,fun_002242b8,boot-hash-match 002242b8
level07.elf,002aa920,fun_002242b8,boot-hash-match 002242b8
level08.elf,0028c650,fun_002242b8,boot-hash-match 002242b8
level09.elf,002a0d20,fun_002242b8,boot-hash-match 002242b8
level10.elf,00274e20,fun_002242b8,boot-hash-match 002242b8
level11.elf,002a7288,fun_002242b8,boot-hash-match 002242b8
level12.elf,0029aba8,fun_002242b8,boot-hash-match 002242b8
level13.elf,0028e080,fun_002242b8,boot-hash-match 002242b8
level14.elf,0028a690,fun_002242b8,boot-hash-match 002242b8
level15.elf,00271ba8,fun_002242b8,boot-hash-match 002242b8
level16.elf,0027d1f8,fun_002242b8,boot-hash-match 002242b8
level17.elf,0027bfb0,fun_002242b8,boot-hash-match 002242b8
level18.elf,00283eb8,fun_002242b8,boot-hash-match 002242b8
level00.elf,00282970,fun_00224d28,boot-hash-match 00224d28
level01.elf,00298730,fun_00224d28,boot-hash-match 00224d28
level02.elf,00283e88,fun_00224d28,boot-hash-match 00224d28
level03.elf,002715e0,fun_00224d28,boot-hash-match 00224d28
level04.elf,00275ca0,fun_00224d28,boot-hash-match 00224d28
level05.elf,002acc78,fun_00224d28,boot-hash-match 00224d28
level06.elf,00291750,fun_00224d28,boot-hash-match 00224d28
level07.elf,002ab390,fun_00224d28,boot-hash-match 00224d28
level08.elf,0028d0c0,fun_00224d28,boot-hash-match 00224d28
level09.elf,002a1790,fun_00224d28,boot-hash-match 00224d28
level10.elf,00275890,fun_00224d28,boot-hash-match 00224d28
level11.elf,002a7cf8,fun_00224d28,boot-hash-match 00224d28
level12.elf,0029b618,fun_00224d28,boot-hash-match 00224d28
level13.elf,0028eaf0,fun_00224d28,boot-hash-match 00224d28
level14.elf,0028b100,fun_00224d28,boot-hash-match 00224d28
level15.elf,00272618,fun_00224d28,boot-hash-match 00224d28
level16.elf,0027dc68,fun_00224d28,boot-hash-match 00224d28
level17.elf,0027ca20,fun_00224d28,boot-hash-match 00224d28
level18.elf,00284928,fun_00224d28,boot-hash-match 00224d28
level00.elf,00282c08,fun_00224fc0,boot-hash-match 00224fc0
level01.elf,002989c8,fun_00224fc0,boot-hash-match 00224fc0
level02.elf,00284120,fun_00224fc0,boot-hash-match 00224fc0
level03.elf,00271878,fun_00224fc0,boot-hash-match 00224fc0
level04.elf,00275f38,fun_00224fc0,boot-hash-match 00224fc0
level05.elf,002acf10,fun_00224fc0,boot-hash-match 00224fc0
level06.elf,002919e8,fun_00224fc0,boot-hash-match 00224fc0
level07.elf,002ab628,fun_00224fc0,boot-hash-match 00224fc0
level08.elf,0028d358,fun_00224fc0,boot-hash-match 00224fc0
level09.elf,002a1a28,fun_00224fc0,boot-hash-match 00224fc0
level10.elf,00275b28,fun_00224fc0,boot-hash-match 00224fc0
level11.elf,002a7f90,fun_00224fc0,boot-hash-match 00224fc0
level12.elf,0029b8b0,fun_00224fc0,boot-hash-match 00224fc0
level13.elf,0028ed88,fun_00224fc0,boot-hash-match 00224fc0
level14.elf,0028b398,fun_00224fc0,boot-hash-match 00224fc0
level15.elf,002728b0,fun_00224fc0,boot-hash-match 00224fc0
level16.elf,0027df00,fun_00224fc0,boot-hash-match 00224fc0
level17.elf,0027ccb8,fun_00224fc0,boot-hash-match 00224fc0
level18.elf,00284bc0,fun_00224fc0,boot-hash-match 00224fc0
level00.elf,00282d38,fun_002250f0,boot-hash-match 002250f0
level01.elf,00298af8,fun_002250f0,boot-hash-match 002250f0
level02.elf,00284250,fun_002250f0,boot-hash-match 002250f0
level03.elf,002719a8,fun_002250f0,boot-hash-match 002250f0
level04.elf,00276068,fun_002250f0,boot-hash-match 002250f0
level05.elf,002ad040,fun_002250f0,boot-hash-match 002250f0
level06.elf,00291b18,fun_002250f0,boot-hash-match 002250f0
level07.elf,002ab758,fun_002250f0,boot-hash-match 002250f0
level08.elf,0028d488,fun_002250f0,boot-hash-match 002250f0
level09.elf,002a1b58,fun_002250f0,boot-hash-match 002250f0
level10.elf,00275c58,fun_002250f0,boot-hash-match 002250f0
level11.elf,002a80c0,fun_002250f0,boot-hash-match 002250f0
level12.elf,0029b9e0,fun_002250f0,boot-hash-match 002250f0
level13.elf,0028eeb8,fun_002250f0,boot-hash-match 002250f0
level14.elf,0028b4c8,fun_002250f0,boot-hash-match 002250f0
level15.elf,002729e0,fun_002250f0,boot-hash-match 002250f0
level16.elf,0027e030,fun_002250f0,boot-hash-match 002250f0
level17.elf,0027cde8,fun_002250f0,boot-hash-match 002250f0
level18.elf,00284cf0,fun_002250f0,boot-hash-match 002250f0
level00.elf,00282dc8,fun_00225180,boot-hash-match 00225180
level01.elf,00298b88,fun_00225180,boot-hash-match 00225180
level02.elf,002842e0,fun_00225180,boot-hash-match 00225180
level03.elf,00271a38,fun_00225180,boot-hash-match 00225180
level04.elf,002760f8,fun_00225180,boot-hash-match 00225180
level05.elf,002ad0d0,fun_00225180,boot-hash-match 00225180
level06.elf,00291ba8,fun_00225180,boot-hash-match 00225180
level07.elf,002ab7e8,fun_00225180,boot-hash-match 00225180
level08.elf,0028d518,fun_00225180,boot-hash-match 00225180
level09.elf,002a1be8,fun_00225180,boot-hash-match 00225180
level10.elf,00275ce8,fun_00225180,boot-hash-match 00225180
level11.elf,002a8150,fun_00225180,boot-hash-match 00225180
level12.elf,0029ba70,fun_00225180,boot-hash-match 00225180
level13.elf,0028ef48,fun_00225180,boot-hash-match 00225180
level14.elf,0028b558,fun_00225180,boot-hash-match 00225180
level15.elf,00272a70,fun_00225180,boot-hash-match 00225180
level16.elf,0027e0c0,fun_00225180,boot-hash-match 00225180
level17.elf,0027ce78,fun_00225180,boot-hash-match 00225180
level18.elf,00284d80,fun_00225180,boot-hash-match 00225180
level00.elf,002830d8,fun_00225490,boot-hash-match 00225490
level01.elf,00298e98,fun_00225490,boot-hash-match 00225490
level02.elf,002845f0,fun_00225490,boot-hash-match 00225490
level03.elf,00271d48,fun_00225490,boot-hash-match 00225490
level04.elf,00276408,fun_00225490,boot-hash-match 00225490
level05.elf,002ad3e0,fun_00225490,boot-hash-match 00225490
level06.elf,00291eb8,fun_00225490,boot-hash-match 00225490
level07.elf,002abaf8,fun_00225490,boot-hash-match 00225490
level08.elf,0028d828,fun_00225490,boot-hash-match 00225490
level09.elf,002a1ef8,fun_00225490,boot-hash-match 00225490
level10.elf,00275ff8,fun_00225490,boot-hash-match 00225490
level11.elf,002a8460,fun_00225490,boot-hash-match 00225490
level12.elf,0029bd80,fun_00225490,boot-hash-match 00225490
level13.elf,0028f258,fun_00225490,boot-hash-match 00225490
level14.elf,0028b868,fun_00225490,boot-hash-match 00225490
level15.elf,00272d80,fun_00225490,boot-hash-match 00225490
level16.elf,0027e3d0,fun_00225490,boot-hash-match 00225490
level17.elf,0027d188,fun_00225490,boot-hash-match 00225490
level18.elf,00285090,fun_00225490,boot-hash-match 00225490
level00.elf,002834a8,fun_00225660,boot-hash-match 00225660
level01.elf,00299268,fun_00225660,boot-hash-match 00225660
level02.elf,002849c0,fun_00225660,boot-hash-match 00225660
level03.elf,00272118,fun_00225660,boot-hash-match 00225660
level04.elf,002767d8,fun_00225660,boot-hash-match 00225660
level05.elf,002ad7b0,fun_00225660,boot-hash-match 00225660
level06.elf,00292288,fun_00225660,boot-hash-match 00225660
level07.elf,002abec8,fun_00225660,boot-hash-match 00225660
level08.elf,0028dbf8,fun_00225660,boot-hash-match 00225660
level09.elf,002a22c8,fun_00225660,boot-hash-match 00225660
level10.elf,002763c8,fun_00225660,boot-hash-match 00225660
level11.elf,002a8830,fun_00225660,boot-hash-match 00225660
level12.elf,0029c150,fun_00225660,boot-hash-match 00225660
level13.elf,0028f628,fun_00225660,boot-hash-match 00225660
level14.elf,0028bc38,fun_00225660,boot-hash-match 00225660
level15.elf,00273150,fun_00225660,boot-hash-match 00225660
level16.elf,0027e7a0,fun_00225660,boot-hash-match 00225660
level17.elf,0027d558,fun_00225660,boot-hash-match 00225660
level18.elf,00285460,fun_00225660,boot-hash-match 00225660
level00.elf,00283530,fun_002256e8,boot-hash-match 002256e8
level01.elf,002992f0,fun_002256e8,boot-hash-match 002256e8
level02.elf,00284a48,fun_002256e8,boot-hash-match 002256e8
level03.elf,002721a0,fun_002256e8,boot-hash-match 002256e8
level04.elf,00276860,fun_002256e8,boot-hash-match 002256e8
level05.elf,002ad838,fun_002256e8,boot-hash-match 002256e8
level06.elf,00292310,fun_002256e8,boot-hash-match 002256e8
level07.elf,002abf50,fun_002256e8,boot-hash-match 002256e8
level08.elf,0028dc80,fun_002256e8,boot-hash-match 002256e8
level09.elf,002a2350,fun_002256e8,boot-hash-match 002256e8
level10.elf,00276450,fun_002256e8,boot-hash-match 002256e8
level11.elf,002a88b8,fun_002256e8,boot-hash-match 002256e8
level12.elf,0029c1d8,fun_002256e8,boot-hash-match 002256e8
level13.elf,0028f6b0,fun_002256e8,boot-hash-match 002256e8
level14.elf,0028bcc0,fun_002256e8,boot-hash-match 002256e8
level15.elf,002731d8,fun_002256e8,boot-hash-match 002256e8
level16.elf,0027e828,fun_002256e8,boot-hash-match 002256e8
level17.elf,0027d5e0,fun_002256e8,boot-hash-match 002256e8
level18.elf,002854e8,fun_002256e8,boot-hash-match 002256e8
level00.elf,002838b0,draw_moby_entries_from_object,boot-hash-match 00225a68
level01.elf,00299670,draw_moby_entries_from_object,boot-hash-match 00225a68
level02.elf,00284dc8,draw_moby_entries_from_object,boot-hash-match 00225a68
level03.elf,00272520,draw_moby_entries_from_object,boot-hash-match 00225a68
level04.elf,00276be0,draw_moby_entries_from_object,boot-hash-match 00225a68
level05.elf,002adbb8,draw_moby_entries_from_object,boot-hash-match 00225a68
level06.elf,00292690,draw_moby_entries_from_object,boot-hash-match 00225a68
level07.elf,002ac2d0,draw_moby_entries_from_object,boot-hash-match 00225a68
level08.elf,0028e000,draw_moby_entries_from_object,boot-hash-match 00225a68
level09.elf,002a26d0,draw_moby_entries_from_object,boot-hash-match 00225a68
level10.elf,002767d0,draw_moby_entries_from_object,boot-hash-match 00225a68
level11.elf,002a8c38,draw_moby_entries_from_object,boot-hash-match 00225a68
level12.elf,0029c558,draw_moby_entries_from_object,boot-hash-match 00225a68
level13.elf,0028fa30,draw_moby_entries_from_object,boot-hash-match 00225a68
level14.elf,0028c040,draw_moby_entries_from_object,boot-hash-match 00225a68
level15.elf,00273558,draw_moby_entries_from_object,boot-hash-match 00225a68
level16.elf,0027eba8,draw_moby_entries_from_object,boot-hash-match 00225a68
level17.elf,0027d960,draw_moby_entries_from_object,boot-hash-match 00225a68
level18.elf,00285868,draw_moby_entries_from_object,boot-hash-match 00225a68
level00.elf,00283908,fun_00225ac0,boot-hash-match 00225ac0
level01.elf,002996c8,fun_00225ac0,boot-hash-match 00225ac0
level02.elf,00284e20,fun_00225ac0,boot-hash-match 00225ac0
level03.elf,00272578,fun_00225ac0,boot-hash-match 00225ac0
level04.elf,00276c38,fun_00225ac0,boot-hash-match 00225ac0
level05.elf,002adc10,fun_00225ac0,boot-hash-match 00225ac0
level06.elf,002926e8,fun_00225ac0,boot-hash-match 00225ac0
level07.elf,002ac328,fun_00225ac0,boot-hash-match 00225ac0
level08.elf,0028e058,fun_00225ac0,boot-hash-match 00225ac0
level09.elf,002a2728,fun_00225ac0,boot-hash-match 00225ac0
level10.elf,00276828,fun_00225ac0,boot-hash-match 00225ac0
level11.elf,002a8c90,fun_00225ac0,boot-hash-match 00225ac0
level12.elf,0029c5b0,fun_00225ac0,boot-hash-match 00225ac0
level13.elf,0028fa88,fun_00225ac0,boot-hash-match 00225ac0
level14.elf,0028c098,fun_00225ac0,boot-hash-match 00225ac0
level15.elf,002735b0,fun_00225ac0,boot-hash-match 00225ac0
level16.elf,0027ec00,fun_00225ac0,boot-hash-match 00225ac0
level17.elf,0027d9b8,fun_00225ac0,boot-hash-match 00225ac0
level18.elf,002858c0,fun_00225ac0,boot-hash-match 00225ac0
level00.elf,00283a60,select_next_stream_buffer,boot-hash-match 00225c18
level01.elf,00299820,select_next_stream_buffer,boot-hash-match 00225c18
level02.elf,00284f78,select_next_stream_buffer,boot-hash-match 00225c18
level03.elf,002726d0,select_next_stream_buffer,boot-hash-match 00225c18
level04.elf,00276d90,select_next_stream_buffer,boot-hash-match 00225c18
level05.elf,002add68,select_next_stream_buffer,boot-hash-match 00225c18
level06.elf,00292840,select_next_stream_buffer,boot-hash-match 00225c18
level07.elf,002ac480,select_next_stream_buffer,boot-hash-match 00225c18
level08.elf,0028e1b0,select_next_stream_buffer,boot-hash-match 00225c18
level09.elf,002a2880,select_next_stream_buffer,boot-hash-match 00225c18
level10.elf,00276980,select_next_stream_buffer,boot-hash-match 00225c18
level11.elf,002a8de8,select_next_stream_buffer,boot-hash-match 00225c18
level12.elf,0029c708,select_next_stream_buffer,boot-hash-match 00225c18
level13.elf,0028fbe0,select_next_stream_buffer,boot-hash-match 00225c18
level14.elf,0028c1f0,select_next_stream_buffer,boot-hash-match 00225c18
level15.elf,00273708,select_next_stream_buffer,boot-hash-match 00225c18
level16.elf,0027ed58,select_next_stream_buffer,boot-hash-match 00225c18
level17.elf,0027db10,select_next_stream_buffer,boot-hash-match 00225c18
level18.elf,00285a18,select_next_stream_buffer,boot-hash-match 00225c18
level00.elf,00283b20,complete_stream_buffer_transfer,boot-hash-match 00225cd8
level01.elf,002998e0,complete_stream_buffer_transfer,boot-hash-match 00225cd8
level02.elf,00285038,complete_stream_buffer_transfer,boot-hash-match 00225cd8
level03.elf,00272790,complete_stream_buffer_transfer,boot-hash-match 00225cd8
level04.elf,00276e50,complete_stream_buffer_transfer,boot-hash-match 00225cd8
level05.elf,002ade28,complete_stream_buffer_transfer,boot-hash-match 00225cd8
level06.elf,00292900,complete_stream_buffer_transfer,boot-hash-match 00225cd8
level07.elf,002ac540,complete_stream_buffer_transfer,boot-hash-match 00225cd8
level08.elf,0028e270,complete_stream_buffer_transfer,boot-hash-match 00225cd8
level09.elf,002a2940,complete_stream_buffer_transfer,boot-hash-match 00225cd8
level10.elf,00276a40,complete_stream_buffer_transfer,boot-hash-match 00225cd8
level11.elf,002a8ea8,complete_stream_buffer_transfer,boot-hash-match 00225cd8
level12.elf,0029c7c8,complete_stream_buffer_transfer,boot-hash-match 00225cd8
level13.elf,0028fca0,complete_stream_buffer_transfer,boot-hash-match 00225cd8
level14.elf,0028c2b0,complete_stream_buffer_transfer,boot-hash-match 00225cd8
level15.elf,002737c8,complete_stream_buffer_transfer,boot-hash-match 00225cd8
level16.elf,0027ee18,complete_stream_buffer_transfer,boot-hash-match 00225cd8
level17.elf,0027dbd0,complete_stream_buffer_transfer,boot-hash-match 00225cd8
level18.elf,00285ad8,complete_stream_buffer_transfer,boot-hash-match 00225cd8
level00.elf,00283bd0,get_stream_buffer_size,boot-hash-match 00225d88
level01.elf,00299990,get_stream_buffer_size,boot-hash-match 00225d88
level02.elf,002850e8,get_stream_buffer_size,boot-hash-match 00225d88
level03.elf,00272840,get_stream_buffer_size,boot-hash-match 00225d88
level04.elf,00276f00,get_stream_buffer_size,boot-hash-match 00225d88
level05.elf,002aded8,get_stream_buffer_size,boot-hash-match 00225d88
level06.elf,002929b0,get_stream_buffer_size,boot-hash-match 00225d88
level07.elf,002ac5f0,get_stream_buffer_size,boot-hash-match 00225d88
level08.elf,0028e320,get_stream_buffer_size,boot-hash-match 00225d88
level09.elf,002a29f0,get_stream_buffer_size,boot-hash-match 00225d88
level10.elf,00276af0,get_stream_buffer_size,boot-hash-match 00225d88
level11.elf,002a8f58,get_stream_buffer_size,boot-hash-match 00225d88
level12.elf,0029c878,get_stream_buffer_size,boot-hash-match 00225d88
level13.elf,0028fd50,get_stream_buffer_size,boot-hash-match 00225d88
level14.elf,0028c360,get_stream_buffer_size,boot-hash-match 00225d88
level15.elf,00273878,get_stream_buffer_size,boot-hash-match 00225d88
level16.elf,0027eec8,get_stream_buffer_size,boot-hash-match 00225d88
level17.elf,0027dc80,get_stream_buffer_size,boot-hash-match 00225d88
level18.elf,00285b88,get_stream_buffer_size,boot-hash-match 00225d88
level00.elf,00283c20,fun_00225dd8,boot-hash-match 00225dd8
level01.elf,002999e0,fun_00225dd8,boot-hash-match 00225dd8
level02.elf,00285138,fun_00225dd8,boot-hash-match 00225dd8
level03.elf,00272890,fun_00225dd8,boot-hash-match 00225dd8
level04.elf,00276f50,fun_00225dd8,boot-hash-match 00225dd8
level05.elf,002adf28,fun_00225dd8,boot-hash-match 00225dd8
level06.elf,00292a00,fun_00225dd8,boot-hash-match 00225dd8
level07.elf,002ac640,fun_00225dd8,boot-hash-match 00225dd8
level08.elf,0028e370,fun_00225dd8,boot-hash-match 00225dd8
level09.elf,002a2a40,fun_00225dd8,boot-hash-match 00225dd8
level10.elf,00276b40,fun_00225dd8,boot-hash-match 00225dd8
level11.elf,002a8fa8,fun_00225dd8,boot-hash-match 00225dd8
level12.elf,0029c8c8,fun_00225dd8,boot-hash-match 00225dd8
level13.elf,0028fda0,fun_00225dd8,boot-hash-match 00225dd8
level14.elf,0028c3b0,fun_00225dd8,boot-hash-match 00225dd8
level15.elf,002738c8,fun_00225dd8,boot-hash-match 00225dd8
level16.elf,0027ef18,fun_00225dd8,boot-hash-match 00225dd8
level17.elf,0027dcd0,fun_00225dd8,boot-hash-match 00225dd8
level18.elf,00285bd8,fun_00225dd8,boot-hash-match 00225dd8
level00.elf,00283c68,clear_record_flag_by_key,boot-hash-match 00225e20
level01.elf,00299a28,clear_record_flag_by_key,boot-hash-match 00225e20
level02.elf,00285180,clear_record_flag_by_key,boot-hash-match 00225e20
level03.elf,002728d8,clear_record_flag_by_key,boot-hash-match 00225e20
level04.elf,00276f98,clear_record_flag_by_key,boot-hash-match 00225e20
level05.elf,002adf70,clear_record_flag_by_key,boot-hash-match 00225e20
level06.elf,00292a48,clear_record_flag_by_key,boot-hash-match 00225e20
level07.elf,002ac688,clear_record_flag_by_key,boot-hash-match 00225e20
level08.elf,0028e3b8,clear_record_flag_by_key,boot-hash-match 00225e20
level09.elf,002a2a88,clear_record_flag_by_key,boot-hash-match 00225e20
level10.elf,00276b88,clear_record_flag_by_key,boot-hash-match 00225e20
level11.elf,002a8ff0,clear_record_flag_by_key,boot-hash-match 00225e20
level12.elf,0029c910,clear_record_flag_by_key,boot-hash-match 00225e20
level13.elf,0028fde8,clear_record_flag_by_key,boot-hash-match 00225e20
level14.elf,0028c3f8,clear_record_flag_by_key,boot-hash-match 00225e20
level15.elf,00273910,clear_record_flag_by_key,boot-hash-match 00225e20
level16.elf,0027ef60,clear_record_flag_by_key,boot-hash-match 00225e20
level17.elf,0027dd18,clear_record_flag_by_key,boot-hash-match 00225e20
level18.elf,00285c20,clear_record_flag_by_key,boot-hash-match 00225e20
level00.elf,00284420,fun_002265d8,boot-hash-match 002265d8
level01.elf,0029a1e0,fun_002265d8,boot-hash-match 002265d8
level02.elf,00285938,fun_002265d8,boot-hash-match 002265d8
level03.elf,00273090,fun_002265d8,boot-hash-match 002265d8
level04.elf,00277750,fun_002265d8,boot-hash-match 002265d8
level05.elf,002ae728,fun_002265d8,boot-hash-match 002265d8
level06.elf,00293200,fun_002265d8,boot-hash-match 002265d8
level07.elf,002ace40,fun_002265d8,boot-hash-match 002265d8
level08.elf,0028eb70,fun_002265d8,boot-hash-match 002265d8
level09.elf,002a3240,fun_002265d8,boot-hash-match 002265d8
level10.elf,00277340,fun_002265d8,boot-hash-match 002265d8
level11.elf,002a97a8,fun_002265d8,boot-hash-match 002265d8
level12.elf,0029d0c8,fun_002265d8,boot-hash-match 002265d8
level13.elf,002905a0,fun_002265d8,boot-hash-match 002265d8
level14.elf,0028cbb0,fun_002265d8,boot-hash-match 002265d8
level15.elf,002740c8,fun_002265d8,boot-hash-match 002265d8
level16.elf,0027f718,fun_002265d8,boot-hash-match 002265d8
level17.elf,0027e4d0,fun_002265d8,boot-hash-match 002265d8
level18.elf,002863d8,fun_002265d8,boot-hash-match 002265d8
level00.elf,002844b8,fun_00226670,boot-hash-match 00226670
level01.elf,0029a278,fun_00226670,boot-hash-match 00226670
level02.elf,002859d0,fun_00226670,boot-hash-match 00226670
level03.elf,00273128,fun_00226670,boot-hash-match 00226670
level04.elf,002777e8,fun_00226670,boot-hash-match 00226670
level05.elf,002ae7c0,fun_00226670,boot-hash-match 00226670
level06.elf,00293298,fun_00226670,boot-hash-match 00226670
level07.elf,002aced8,fun_00226670,boot-hash-match 00226670
level08.elf,0028ec08,fun_00226670,boot-hash-match 00226670
level09.elf,002a32d8,fun_00226670,boot-hash-match 00226670
level10.elf,002773d8,fun_00226670,boot-hash-match 00226670
level11.elf,002a9840,fun_00226670,boot-hash-match 00226670
level12.elf,0029d160,fun_00226670,boot-hash-match 00226670
level13.elf,00290638,fun_00226670,boot-hash-match 00226670
level14.elf,0028cc48,fun_00226670,boot-hash-match 00226670
level15.elf,00274160,fun_00226670,boot-hash-match 00226670
level16.elf,0027f7b0,fun_00226670,boot-hash-match 00226670
level17.elf,0027e568,fun_00226670,boot-hash-match 00226670
level18.elf,00286470,fun_00226670,boot-hash-match 00226670
level00.elf,00284560,fun_00226718,boot-hash-match 00226718
level01.elf,0029a320,fun_00226718,boot-hash-match 00226718
level02.elf,00285a78,fun_00226718,boot-hash-match 00226718
level03.elf,002731d0,fun_00226718,boot-hash-match 00226718
level04.elf,00277890,fun_00226718,boot-hash-match 00226718
level05.elf,002ae868,fun_00226718,boot-hash-match 00226718
level06.elf,00293340,fun_00226718,boot-hash-match 00226718
level07.elf,002acf80,fun_00226718,boot-hash-match 00226718
level08.elf,0028ecb0,fun_00226718,boot-hash-match 00226718
level09.elf,002a3380,fun_00226718,boot-hash-match 00226718
level10.elf,00277480,fun_00226718,boot-hash-match 00226718
level11.elf,002a98e8,fun_00226718,boot-hash-match 00226718
level12.elf,0029d208,fun_00226718,boot-hash-match 00226718
level13.elf,002906e0,fun_00226718,boot-hash-match 00226718
level14.elf,0028ccf0,fun_00226718,boot-hash-match 00226718
level15.elf,00274208,fun_00226718,boot-hash-match 00226718
level16.elf,0027f858,fun_00226718,boot-hash-match 00226718
level17.elf,0027e610,fun_00226718,boot-hash-match 00226718
level18.elf,00286518,fun_00226718,boot-hash-match 00226718
level00.elf,002845c0,pack_image_descriptor,boot-hash-match 00226778
level01.elf,0029a380,pack_image_descriptor,boot-hash-match 00226778
level02.elf,00285ad8,pack_image_descriptor,boot-hash-match 00226778
level03.elf,00273230,pack_image_descriptor,boot-hash-match 00226778
level04.elf,002778f0,pack_image_descriptor,boot-hash-match 00226778
level05.elf,002ae8c8,pack_image_descriptor,boot-hash-match 00226778
level06.elf,002933a0,pack_image_descriptor,boot-hash-match 00226778
level07.elf,002acfe0,pack_image_descriptor,boot-hash-match 00226778
level08.elf,0028ed10,pack_image_descriptor,boot-hash-match 00226778
level09.elf,002a33e0,pack_image_descriptor,boot-hash-match 00226778
level10.elf,002774e0,pack_image_descriptor,boot-hash-match 00226778
level11.elf,002a9948,pack_image_descriptor,boot-hash-match 00226778
level12.elf,0029d268,pack_image_descriptor,boot-hash-match 00226778
level13.elf,00290740,pack_image_descriptor,boot-hash-match 00226778
level14.elf,0028cd50,pack_image_descriptor,boot-hash-match 00226778
level15.elf,00274268,pack_image_descriptor,boot-hash-match 00226778
level16.elf,0027f8b8,pack_image_descriptor,boot-hash-match 00226778
level17.elf,0027e670,pack_image_descriptor,boot-hash-match 00226778
level18.elf,00286578,pack_image_descriptor,boot-hash-match 00226778
level00.elf,00284690,fun_00226848,boot-hash-match 00226848
level01.elf,0029a450,fun_00226848,boot-hash-match 00226848
level02.elf,00285ba8,fun_00226848,boot-hash-match 00226848
level03.elf,00273300,fun_00226848,boot-hash-match 00226848
level04.elf,002779c0,fun_00226848,boot-hash-match 00226848
level05.elf,002ae998,fun_00226848,boot-hash-match 00226848
level06.elf,00293470,fun_00226848,boot-hash-match 00226848
level07.elf,002ad0b0,fun_00226848,boot-hash-match 00226848
level08.elf,0028ede0,fun_00226848,boot-hash-match 00226848
level09.elf,002a34b0,fun_00226848,boot-hash-match 00226848
level10.elf,002775b0,fun_00226848,boot-hash-match 00226848
level11.elf,002a9a18,fun_00226848,boot-hash-match 00226848
level12.elf,0029d338,fun_00226848,boot-hash-match 00226848
level13.elf,00290810,fun_00226848,boot-hash-match 00226848
level14.elf,0028ce20,fun_00226848,boot-hash-match 00226848
level15.elf,00274338,fun_00226848,boot-hash-match 00226848
level16.elf,0027f988,fun_00226848,boot-hash-match 00226848
level17.elf,0027e740,fun_00226848,boot-hash-match 00226848
level18.elf,00286648,fun_00226848,boot-hash-match 00226848
level00.elf,00284808,fun_002269c0,boot-hash-match 002269c0
level01.elf,0029a5c8,fun_002269c0,boot-hash-match 002269c0
level02.elf,00285d20,fun_002269c0,boot-hash-match 002269c0
level03.elf,00273478,fun_002269c0,boot-hash-match 002269c0
level04.elf,00277b38,fun_002269c0,boot-hash-match 002269c0
level05.elf,002aeb10,fun_002269c0,boot-hash-match 002269c0
level06.elf,002935e8,fun_002269c0,boot-hash-match 002269c0
level07.elf,002ad228,fun_002269c0,boot-hash-match 002269c0
level08.elf,0028ef58,fun_002269c0,boot-hash-match 002269c0
level09.elf,002a3628,fun_002269c0,boot-hash-match 002269c0
level10.elf,00277728,fun_002269c0,boot-hash-match 002269c0
level11.elf,002a9b90,fun_002269c0,boot-hash-match 002269c0
level12.elf,0029d4b0,fun_002269c0,boot-hash-match 002269c0
level13.elf,00290988,fun_002269c0,boot-hash-match 002269c0
level14.elf,0028cf98,fun_002269c0,boot-hash-match 002269c0
level15.elf,002744b0,fun_002269c0,boot-hash-match 002269c0
level16.elf,0027fb00,fun_002269c0,boot-hash-match 002269c0
level17.elf,0027e8b8,fun_002269c0,boot-hash-match 002269c0
level18.elf,002867c0,fun_002269c0,boot-hash-match 002269c0
level00.elf,002848b8,fun_00226a70,boot-hash-match 00226a70
level01.elf,0029a678,fun_00226a70,boot-hash-match 00226a70
level02.elf,00285dd0,fun_00226a70,boot-hash-match 00226a70
level03.elf,00273528,fun_00226a70,boot-hash-match 00226a70
level04.elf,00277be8,fun_00226a70,boot-hash-match 00226a70
level05.elf,002aebc0,fun_00226a70,boot-hash-match 00226a70
level06.elf,00293698,fun_00226a70,boot-hash-match 00226a70
level07.elf,002ad2d8,fun_00226a70,boot-hash-match 00226a70
level08.elf,0028f008,fun_00226a70,boot-hash-match 00226a70
level09.elf,002a36d8,fun_00226a70,boot-hash-match 00226a70
level10.elf,002777d8,fun_00226a70,boot-hash-match 00226a70
level11.elf,002a9c40,fun_00226a70,boot-hash-match 00226a70
level12.elf,0029d560,fun_00226a70,boot-hash-match 00226a70
level13.elf,00290a38,fun_00226a70,boot-hash-match 00226a70
level14.elf,0028d048,fun_00226a70,boot-hash-match 00226a70
level15.elf,00274560,fun_00226a70,boot-hash-match 00226a70
level16.elf,0027fbb0,fun_00226a70,boot-hash-match 00226a70
level17.elf,0027e968,fun_00226a70,boot-hash-match 00226a70
level18.elf,00286870,fun_00226a70,boot-hash-match 00226a70
level00.elf,00284950,fun_00226b08,boot-hash-match 00226b08
level01.elf,0029a710,fun_00226b08,boot-hash-match 00226b08
level02.elf,00285e68,fun_00226b08,boot-hash-match 00226b08
level03.elf,002735c0,fun_00226b08,boot-hash-match 00226b08
level04.elf,00277c80,fun_00226b08,boot-hash-match 00226b08
level05.elf,002aec58,fun_00226b08,boot-hash-match 00226b08
level06.elf,00293730,fun_00226b08,boot-hash-match 00226b08
level07.elf,002ad370,fun_00226b08,boot-hash-match 00226b08
level08.elf,0028f0a0,fun_00226b08,boot-hash-match 00226b08
level09.elf,002a3770,fun_00226b08,boot-hash-match 00226b08
level10.elf,00277870,fun_00226b08,boot-hash-match 00226b08
level11.elf,002a9cd8,fun_00226b08,boot-hash-match 00226b08
level12.elf,0029d5f8,fun_00226b08,boot-hash-match 00226b08
level13.elf,00290ad0,fun_00226b08,boot-hash-match 00226b08
level14.elf,0028d0e0,fun_00226b08,boot-hash-match 00226b08
level15.elf,002745f8,fun_00226b08,boot-hash-match 00226b08
level16.elf,0027fc48,fun_00226b08,boot-hash-match 00226b08
level17.elf,0027ea00,fun_00226b08,boot-hash-match 00226b08
level18.elf,00286908,fun_00226b08,boot-hash-match 00226b08
level00.elf,00284c50,fun_00226e08,boot-hash-match 00226e08
level01.elf,0029aa10,fun_00226e08,boot-hash-match 00226e08
level02.elf,00286168,fun_00226e08,boot-hash-match 00226e08
level03.elf,002738c0,fun_00226e08,boot-hash-match 00226e08
level04.elf,00277f80,fun_00226e08,boot-hash-match 00226e08
level05.elf,002aef58,fun_00226e08,boot-hash-match 00226e08
level06.elf,00293a30,fun_00226e08,boot-hash-match 00226e08
level07.elf,002ad670,fun_00226e08,boot-hash-match 00226e08
level08.elf,0028f3a0,fun_00226e08,boot-hash-match 00226e08
level09.elf,002a3a70,fun_00226e08,boot-hash-match 00226e08
level10.elf,00277b70,fun_00226e08,boot-hash-match 00226e08
level11.elf,002a9fd8,fun_00226e08,boot-hash-match 00226e08
level12.elf,0029d8f8,fun_00226e08,boot-hash-match 00226e08
level13.elf,00290dd0,fun_00226e08,boot-hash-match 00226e08
level14.elf,0028d3e0,fun_00226e08,boot-hash-match 00226e08
level15.elf,002748f8,fun_00226e08,boot-hash-match 00226e08
level16.elf,0027ff48,fun_00226e08,boot-hash-match 00226e08
level17.elf,0027ed00,fun_00226e08,boot-hash-match 00226e08
level18.elf,00286c08,fun_00226e08,boot-hash-match 00226e08
level00.elf,002852e0,fun_00226fb8,boot-hash-match 00226fb8
level01.elf,0029b1c0,fun_00226fb8,boot-hash-match 00226fb8
level02.elf,002867f8,fun_00226fb8,boot-hash-match 00226fb8
level03.elf,00274070,fun_00226fb8,boot-hash-match 00226fb8
level04.elf,00278730,fun_00226fb8,boot-hash-match 00226fb8
level05.elf,002af708,fun_00226fb8,boot-hash-match 00226fb8
level06.elf,002940c0,fun_00226fb8,boot-hash-match 00226fb8
level07.elf,002add00,fun_00226fb8,boot-hash-match 00226fb8
level08.elf,0028fb50,fun_00226fb8,boot-hash-match 00226fb8
level09.elf,002a4100,fun_00226fb8,boot-hash-match 00226fb8
level10.elf,00278200,fun_00226fb8,boot-hash-match 00226fb8
level11.elf,002aa668,fun_00226fb8,boot-hash-match 00226fb8
level12.elf,0029df88,fun_00226fb8,boot-hash-match 00226fb8
level13.elf,00291460,fun_00226fb8,boot-hash-match 00226fb8
level14.elf,0028da70,fun_00226fb8,boot-hash-match 00226fb8
level15.elf,00274f88,fun_00226fb8,boot-hash-match 00226fb8
level16.elf,002805d8,fun_00226fb8,boot-hash-match 00226fb8
level17.elf,0027f390,fun_00226fb8,boot-hash-match 00226fb8
level18.elf,00287298,fun_00226fb8,boot-hash-match 00226fb8
level00.elf,00285410,parse_typed_resource_record,boot-hash-match 002270e8
level01.elf,0029b2f0,parse_typed_resource_record,boot-hash-match 002270e8
level02.elf,00286928,parse_typed_resource_record,boot-hash-match 002270e8
level03.elf,002741a0,parse_typed_resource_record,boot-hash-match 002270e8
level04.elf,00278860,parse_typed_resource_record,boot-hash-match 002270e8
level05.elf,002af838,parse_typed_resource_record,boot-hash-match 002270e8
level06.elf,002941f0,parse_typed_resource_record,boot-hash-match 002270e8
level07.elf,002ade30,parse_typed_resource_record,boot-hash-match 002270e8
level08.elf,0028fc80,parse_typed_resource_record,boot-hash-match 002270e8
level09.elf,002a4230,parse_typed_resource_record,boot-hash-match 002270e8
level10.elf,00278330,parse_typed_resource_record,boot-hash-match 002270e8
level11.elf,002aa798,parse_typed_resource_record,boot-hash-match 002270e8
level12.elf,0029e0b8,parse_typed_resource_record,boot-hash-match 002270e8
level13.elf,00291590,parse_typed_resource_record,boot-hash-match 002270e8
level14.elf,0028dba0,parse_typed_resource_record,boot-hash-match 002270e8
level15.elf,002750b8,parse_typed_resource_record,boot-hash-match 002270e8
level16.elf,00280708,parse_typed_resource_record,boot-hash-match 002270e8
level17.elf,0027f4c0,parse_typed_resource_record,boot-hash-match 002270e8
level18.elf,002873c8,parse_typed_resource_record,boot-hash-match 002270e8
level00.elf,00285468,fun_00227140,boot-hash-match 00227140
level01.elf,0029b348,fun_00227140,boot-hash-match 00227140
level02.elf,00286980,fun_00227140,boot-hash-match 00227140
level03.elf,002741f8,fun_00227140,boot-hash-match 00227140
level04.elf,002788b8,fun_00227140,boot-hash-match 00227140
level05.elf,002af890,fun_00227140,boot-hash-match 00227140
level06.elf,00294248,fun_00227140,boot-hash-match 00227140
level07.elf,002ade88,fun_00227140,boot-hash-match 00227140
level08.elf,0028fcd8,fun_00227140,boot-hash-match 00227140
level09.elf,002a4288,fun_00227140,boot-hash-match 00227140
level10.elf,00278388,fun_00227140,boot-hash-match 00227140
level11.elf,002aa7f0,fun_00227140,boot-hash-match 00227140
level12.elf,0029e110,fun_00227140,boot-hash-match 00227140
level13.elf,002915e8,fun_00227140,boot-hash-match 00227140
level14.elf,0028dbf8,fun_00227140,boot-hash-match 00227140
level15.elf,00275110,fun_00227140,boot-hash-match 00227140
level16.elf,00280760,fun_00227140,boot-hash-match 00227140
level17.elf,0027f518,fun_00227140,boot-hash-match 00227140
level18.elf,00287420,fun_00227140,boot-hash-match 00227140
level00.elf,002854f8,fun_002271d0,boot-hash-match 002271d0
level01.elf,0029b3d8,fun_002271d0,boot-hash-match 002271d0
level02.elf,00286a10,fun_002271d0,boot-hash-match 002271d0
level03.elf,00274288,fun_002271d0,boot-hash-match 002271d0
level04.elf,00278948,fun_002271d0,boot-hash-match 002271d0
level05.elf,002af920,fun_002271d0,boot-hash-match 002271d0
level06.elf,002942d8,fun_002271d0,boot-hash-match 002271d0
level07.elf,002adf18,fun_002271d0,boot-hash-match 002271d0
level08.elf,0028fd68,fun_002271d0,boot-hash-match 002271d0
level09.elf,002a4318,fun_002271d0,boot-hash-match 002271d0
level10.elf,00278418,fun_002271d0,boot-hash-match 002271d0
level11.elf,002aa880,fun_002271d0,boot-hash-match 002271d0
level12.elf,0029e1a0,fun_002271d0,boot-hash-match 002271d0
level13.elf,00291678,fun_002271d0,boot-hash-match 002271d0
level14.elf,0028dc88,fun_002271d0,boot-hash-match 002271d0
level15.elf,002751a0,fun_002271d0,boot-hash-match 002271d0
level16.elf,002807f0,fun_002271d0,boot-hash-match 002271d0
level17.elf,0027f5a8,fun_002271d0,boot-hash-match 002271d0
level18.elf,002874b0,fun_002271d0,boot-hash-match 002271d0
level00.elf,002856a0,fun_00227378,boot-hash-match 00227378
level01.elf,0029b580,fun_00227378,boot-hash-match 00227378
level02.elf,00286bb8,fun_00227378,boot-hash-match 00227378
level03.elf,00274430,fun_00227378,boot-hash-match 00227378
level04.elf,00278af0,fun_00227378,boot-hash-match 00227378
level05.elf,002afac8,fun_00227378,boot-hash-match 00227378
level06.elf,00294480,fun_00227378,boot-hash-match 00227378
level07.elf,002ae0c0,fun_00227378,boot-hash-match 00227378
level08.elf,0028ff10,fun_00227378,boot-hash-match 00227378
level09.elf,002a44c0,fun_00227378,boot-hash-match 00227378
level10.elf,002785c0,fun_00227378,boot-hash-match 00227378
level11.elf,002aaa28,fun_00227378,boot-hash-match 00227378
level12.elf,0029e348,fun_00227378,boot-hash-match 00227378
level13.elf,00291820,fun_00227378,boot-hash-match 00227378
level14.elf,0028de30,fun_00227378,boot-hash-match 00227378
level15.elf,00275348,fun_00227378,boot-hash-match 00227378
level16.elf,00280998,fun_00227378,boot-hash-match 00227378
level17.elf,0027f750,fun_00227378,boot-hash-match 00227378
level18.elf,00287658,fun_00227378,boot-hash-match 00227378
level00.elf,00285870,fun_00227548,boot-hash-match 00227548
level01.elf,0029b750,fun_00227548,boot-hash-match 00227548
level02.elf,00286d88,fun_00227548,boot-hash-match 00227548
level03.elf,00274600,fun_00227548,boot-hash-match 00227548
level04.elf,00278cc0,fun_00227548,boot-hash-match 00227548
level05.elf,002afc98,fun_00227548,boot-hash-match 00227548
level06.elf,00294650,fun_00227548,boot-hash-match 00227548
level07.elf,002ae290,fun_00227548,boot-hash-match 00227548
level08.elf,002900e0,fun_00227548,boot-hash-match 00227548
level09.elf,002a4690,fun_00227548,boot-hash-match 00227548
level10.elf,00278790,fun_00227548,boot-hash-match 00227548
level11.elf,002aabf8,fun_00227548,boot-hash-match 00227548
level12.elf,0029e518,fun_00227548,boot-hash-match 00227548
level13.elf,002919f0,fun_00227548,boot-hash-match 00227548
level14.elf,0028e000,fun_00227548,boot-hash-match 00227548
level15.elf,00275518,fun_00227548,boot-hash-match 00227548
level16.elf,00280b68,fun_00227548,boot-hash-match 00227548
level17.elf,0027f920,fun_00227548,boot-hash-match 00227548
level18.elf,00287828,fun_00227548,boot-hash-match 00227548
level00.elf,00285a68,fun_00227740,boot-hash-match 00227740
level01.elf,0029b948,fun_00227740,boot-hash-match 00227740
level02.elf,00286f80,fun_00227740,boot-hash-match 00227740
level03.elf,002747f8,fun_00227740,boot-hash-match 00227740
level04.elf,00278eb8,fun_00227740,boot-hash-match 00227740
level05.elf,002afe90,fun_00227740,boot-hash-match 00227740
level06.elf,00294848,fun_00227740,boot-hash-match 00227740
level07.elf,002ae488,fun_00227740,boot-hash-match 00227740
level08.elf,002902d8,fun_00227740,boot-hash-match 00227740
level09.elf,002a4888,fun_00227740,boot-hash-match 00227740
level10.elf,00278988,fun_00227740,boot-hash-match 00227740
level11.elf,002aadf0,fun_00227740,boot-hash-match 00227740
level12.elf,0029e710,fun_00227740,boot-hash-match 00227740
level13.elf,00291be8,fun_00227740,boot-hash-match 00227740
level14.elf,0028e1f8,fun_00227740,boot-hash-match 00227740
level15.elf,00275710,fun_00227740,boot-hash-match 00227740
level16.elf,00280d60,fun_00227740,boot-hash-match 00227740
level17.elf,0027fb18,fun_00227740,boot-hash-match 00227740
level18.elf,00287a20,fun_00227740,boot-hash-match 00227740
level00.elf,00285d30,fun_00227a08,boot-hash-match 00227a08
level01.elf,0029bc10,fun_00227a08,boot-hash-match 00227a08
level02.elf,00287248,fun_00227a08,boot-hash-match 00227a08
level03.elf,00274ac0,fun_00227a08,boot-hash-match 00227a08
level04.elf,00279180,fun_00227a08,boot-hash-match 00227a08
level05.elf,002b0158,fun_00227a08,boot-hash-match 00227a08
level06.elf,00294b10,fun_00227a08,boot-hash-match 00227a08
level07.elf,002ae750,fun_00227a08,boot-hash-match 00227a08
level08.elf,002905a0,fun_00227a08,boot-hash-match 00227a08
level09.elf,002a4b50,fun_00227a08,boot-hash-match 00227a08
level10.elf,00278c50,fun_00227a08,boot-hash-match 00227a08
level11.elf,002ab0b8,fun_00227a08,boot-hash-match 00227a08
level12.elf,0029e9d8,fun_00227a08,boot-hash-match 00227a08
level13.elf,00291eb0,fun_00227a08,boot-hash-match 00227a08
level14.elf,0028e4c0,fun_00227a08,boot-hash-match 00227a08
level15.elf,002759d8,fun_00227a08,boot-hash-match 00227a08
level16.elf,00281028,fun_00227a08,boot-hash-match 00227a08
level17.elf,0027fde0,fun_00227a08,boot-hash-match 00227a08
level18.elf,00287ce8,fun_00227a08,boot-hash-match 00227a08
level00.elf,002860a8,fun_00227d80,boot-hash-match 00227d80
level01.elf,0029bf88,fun_00227d80,boot-hash-match 00227d80
level02.elf,002875c0,fun_00227d80,boot-hash-match 00227d80
level03.elf,00274e38,fun_00227d80,boot-hash-match 00227d80
level04.elf,002794f8,fun_00227d80,boot-hash-match 00227d80
level05.elf,002b04d0,fun_00227d80,boot-hash-match 00227d80
level06.elf,00294e88,fun_00227d80,boot-hash-match 00227d80
level07.elf,002aeac8,fun_00227d80,boot-hash-match 00227d80
level08.elf,00290918,fun_00227d80,boot-hash-match 00227d80
level09.elf,002a4ec8,fun_00227d80,boot-hash-match 00227d80
level10.elf,00278fc8,fun_00227d80,boot-hash-match 00227d80
level11.elf,002ab430,fun_00227d80,boot-hash-match 00227d80
level12.elf,0029ed50,fun_00227d80,boot-hash-match 00227d80
level13.elf,00292228,fun_00227d80,boot-hash-match 00227d80
level14.elf,0028e838,fun_00227d80,boot-hash-match 00227d80
level15.elf,00275d50,fun_00227d80,boot-hash-match 00227d80
level16.elf,002813a0,fun_00227d80,boot-hash-match 00227d80
level17.elf,00280158,fun_00227d80,boot-hash-match 00227d80
level18.elf,00288060,fun_00227d80,boot-hash-match 00227d80
level00.elf,002861f8,fun_00227ed0,boot-hash-match 00227ed0
level01.elf,0029c0d8,fun_00227ed0,boot-hash-match 00227ed0
level02.elf,00287710,fun_00227ed0,boot-hash-match 00227ed0
level03.elf,00274f88,fun_00227ed0,boot-hash-match 00227ed0
level04.elf,00279648,fun_00227ed0,boot-hash-match 00227ed0
level05.elf,002b0620,fun_00227ed0,boot-hash-match 00227ed0
level06.elf,00294fd8,fun_00227ed0,boot-hash-match 00227ed0
level07.elf,002aec18,fun_00227ed0,boot-hash-match 00227ed0
level08.elf,00290a68,fun_00227ed0,boot-hash-match 00227ed0
level09.elf,002a5018,fun_00227ed0,boot-hash-match 00227ed0
level10.elf,00279118,fun_00227ed0,boot-hash-match 00227ed0
level11.elf,002ab580,fun_00227ed0,boot-hash-match 00227ed0
level12.elf,0029eea0,fun_00227ed0,boot-hash-match 00227ed0
level13.elf,00292378,fun_00227ed0,boot-hash-match 00227ed0
level14.elf,0028e988,fun_00227ed0,boot-hash-match 00227ed0
level15.elf,00275ea0,fun_00227ed0,boot-hash-match 00227ed0
level16.elf,002814f0,fun_00227ed0,boot-hash-match 00227ed0
level17.elf,002802a8,fun_00227ed0,boot-hash-match 00227ed0
level18.elf,002881b0,fun_00227ed0,boot-hash-match 00227ed0
level00.elf,00286848,fun_00228520,boot-hash-match 00228520
level01.elf,0029c728,fun_00228520,boot-hash-match 00228520
level02.elf,00287d60,fun_00228520,boot-hash-match 00228520
level03.elf,002755d8,fun_00228520,boot-hash-match 00228520
level04.elf,00279c98,fun_00228520,boot-hash-match 00228520
level05.elf,002b0c70,fun_00228520,boot-hash-match 00228520
level06.elf,00295628,fun_00228520,boot-hash-match 00228520
level07.elf,002af268,fun_00228520,boot-hash-match 00228520
level08.elf,002910b8,fun_00228520,boot-hash-match 00228520
level09.elf,002a5668,fun_00228520,boot-hash-match 00228520
level10.elf,00279768,fun_00228520,boot-hash-match 00228520
level11.elf,002abbd0,fun_00228520,boot-hash-match 00228520
level12.elf,0029f4f0,fun_00228520,boot-hash-match 00228520
level13.elf,002929c8,fun_00228520,boot-hash-match 00228520
level14.elf,0028efd8,fun_00228520,boot-hash-match 00228520
level15.elf,002764f0,fun_00228520,boot-hash-match 00228520
level16.elf,00281b40,fun_00228520,boot-hash-match 00228520
level17.elf,002808f8,fun_00228520,boot-hash-match 00228520
level18.elf,00288800,fun_00228520,boot-hash-match 00228520
level00.elf,002868c0,fun_00228598,boot-hash-match 00228598
level01.elf,0029c7a0,fun_00228598,boot-hash-match 00228598
level02.elf,00287dd8,fun_00228598,boot-hash-match 00228598
level03.elf,00275650,fun_00228598,boot-hash-match 00228598
level04.elf,00279d10,fun_00228598,boot-hash-match 00228598
level05.elf,002b0ce8,fun_00228598,boot-hash-match 00228598
level06.elf,002956a0,fun_00228598,boot-hash-match 00228598
level07.elf,002af2e0,fun_00228598,boot-hash-match 00228598
level08.elf,00291130,fun_00228598,boot-hash-match 00228598
level09.elf,002a56e0,fun_00228598,boot-hash-match 00228598
level10.elf,002797e0,fun_00228598,boot-hash-match 00228598
level11.elf,002abc48,fun_00228598,boot-hash-match 00228598
level12.elf,0029f568,fun_00228598,boot-hash-match 00228598
level13.elf,00292a40,fun_00228598,boot-hash-match 00228598
level14.elf,0028f050,fun_00228598,boot-hash-match 00228598
level15.elf,00276568,fun_00228598,boot-hash-match 00228598
level16.elf,00281bb8,fun_00228598,boot-hash-match 00228598
level17.elf,00280970,fun_00228598,boot-hash-match 00228598
level18.elf,00288878,fun_00228598,boot-hash-match 00228598
level00.elf,00286c18,dma_shrub_textures,boot-hash-match 002288f0
level01.elf,0029caf8,dma_shrub_textures,boot-hash-match 002288f0
level02.elf,00288130,dma_shrub_textures,boot-hash-match 002288f0
level03.elf,002759a8,dma_shrub_textures,boot-hash-match 002288f0
level04.elf,0027a068,dma_shrub_textures,boot-hash-match 002288f0
level05.elf,002b1040,dma_shrub_textures,boot-hash-match 002288f0
level06.elf,002959f8,dma_shrub_textures,boot-hash-match 002288f0
level07.elf,002af638,dma_shrub_textures,boot-hash-match 002288f0
level08.elf,00291488,dma_shrub_textures,boot-hash-match 002288f0
level09.elf,002a5a38,dma_shrub_textures,boot-hash-match 002288f0
level10.elf,00279b38,dma_shrub_textures,boot-hash-match 002288f0
level11.elf,002abfa0,dma_shrub_textures,boot-hash-match 002288f0
level12.elf,0029f8c0,dma_shrub_textures,boot-hash-match 002288f0
level13.elf,00292d98,dma_shrub_textures,boot-hash-match 002288f0
level14.elf,0028f3a8,dma_shrub_textures,boot-hash-match 002288f0
level15.elf,002768c0,dma_shrub_textures,boot-hash-match 002288f0
level16.elf,00281f10,dma_shrub_textures,boot-hash-match 002288f0
level17.elf,00280cc8,dma_shrub_textures,boot-hash-match 002288f0
level18.elf,00288bd0,dma_shrub_textures,boot-hash-match 002288f0
level00.elf,00286d58,fun_00228a30,boot-hash-match 00228a30
level01.elf,0029cc38,fun_00228a30,boot-hash-match 00228a30
level02.elf,00288270,fun_00228a30,boot-hash-match 00228a30
level03.elf,00275ae8,fun_00228a30,boot-hash-match 00228a30
level04.elf,0027a1a8,fun_00228a30,boot-hash-match 00228a30
level05.elf,002b1180,fun_00228a30,boot-hash-match 00228a30
level06.elf,00295b38,fun_00228a30,boot-hash-match 00228a30
level07.elf,002af778,fun_00228a30,boot-hash-match 00228a30
level08.elf,002915c8,fun_00228a30,boot-hash-match 00228a30
level09.elf,002a5b78,fun_00228a30,boot-hash-match 00228a30
level10.elf,00279c78,fun_00228a30,boot-hash-match 00228a30
level11.elf,002ac0e0,fun_00228a30,boot-hash-match 00228a30
level12.elf,0029fa00,fun_00228a30,boot-hash-match 00228a30
level13.elf,00292ed8,fun_00228a30,boot-hash-match 00228a30
level14.elf,0028f4e8,fun_00228a30,boot-hash-match 00228a30
level15.elf,00276a00,fun_00228a30,boot-hash-match 00228a30
level16.elf,00282050,fun_00228a30,boot-hash-match 00228a30
level17.elf,00280e08,fun_00228a30,boot-hash-match 00228a30
level18.elf,00288d10,fun_00228a30,boot-hash-match 00228a30
level00.elf,0028c14c,fun_0022bf94,boot-hash-match 0022bf94
level01.elf,0029fb7c,fun_0022bf94,boot-hash-match 0022bf94
level02.elf,0028b82c,fun_0022bf94,boot-hash-match 0022bf94
level03.elf,00278994,fun_0022bf94,boot-hash-match 0022bf94
level04.elf,0027d0ac,fun_0022bf94,boot-hash-match 0022bf94
level05.elf,002b480c,fun_0022bf94,boot-hash-match 0022bf94
level06.elf,0029923c,fun_0022bf94,boot-hash-match 0022bf94
level07.elf,002b2e0c,fun_0022bf94,boot-hash-match 0022bf94
level08.elf,00294444,fun_0022bf94,boot-hash-match 0022bf94
level09.elf,002a8a0c,fun_0022bf94,boot-hash-match 0022bf94
level10.elf,0027cbdc,fun_0022bf94,boot-hash-match 0022bf94
level11.elf,002af024,fun_0022bf94,boot-hash-match 0022bf94
level12.elf,002a2944,fun_0022bf94,boot-hash-match 0022bf94
level13.elf,00296504,fun_0022bf94,boot-hash-match 0022bf94
level14.elf,002923a4,fun_0022bf94,boot-hash-match 0022bf94
level15.elf,0027a024,fun_0022bf94,boot-hash-match 0022bf94
level16.elf,00284f94,fun_0022bf94,boot-hash-match 0022bf94
level17.elf,002843ac,fun_0022bf94,boot-hash-match 0022bf94
level18.elf,0028bbf4,fun_0022bf94,boot-hash-match 0022bf94
level00.elf,0028c298,fun_0022c0e0,boot-hash-match 0022c0e0
level01.elf,0029fcc8,fun_0022c0e0,boot-hash-match 0022c0e0
level02.elf,0028b978,fun_0022c0e0,boot-hash-match 0022c0e0
level03.elf,00278ae0,fun_0022c0e0,boot-hash-match 0022c0e0
level04.elf,0027d1f8,fun_0022c0e0,boot-hash-match 0022c0e0
level05.elf,002b4958,fun_0022c0e0,boot-hash-match 0022c0e0
level06.elf,00299388,fun_0022c0e0,boot-hash-match 0022c0e0
level07.elf,002b2f58,fun_0022c0e0,boot-hash-match 0022c0e0
level08.elf,00294590,fun_0022c0e0,boot-hash-match 0022c0e0
level09.elf,002a8b58,fun_0022c0e0,boot-hash-match 0022c0e0
level10.elf,0027cd28,fun_0022c0e0,boot-hash-match 0022c0e0
level11.elf,002af170,fun_0022c0e0,boot-hash-match 0022c0e0
level12.elf,002a2a90,fun_0022c0e0,boot-hash-match 0022c0e0
level13.elf,00296650,fun_0022c0e0,boot-hash-match 0022c0e0
level14.elf,002924f0,fun_0022c0e0,boot-hash-match 0022c0e0
level15.elf,0027a170,fun_0022c0e0,boot-hash-match 0022c0e0
level16.elf,002850e0,fun_0022c0e0,boot-hash-match 0022c0e0
level17.elf,002844f8,fun_0022c0e0,boot-hash-match 0022c0e0
level18.elf,0028bd40,fun_0022c0e0,boot-hash-match 0022c0e0
level00.elf,0028c3c0,fun_0022c208,boot-hash-match 0022c208
level01.elf,0029fdf0,fun_0022c208,boot-hash-match 0022c208
level02.elf,0028baa0,fun_0022c208,boot-hash-match 0022c208
level03.elf,00278c08,fun_0022c208,boot-hash-match 0022c208
level04.elf,0027d320,fun_0022c208,boot-hash-match 0022c208
level05.elf,002b4a80,fun_0022c208,boot-hash-match 0022c208
level06.elf,002994b0,fun_0022c208,boot-hash-match 0022c208
level07.elf,002b3080,fun_0022c208,boot-hash-match 0022c208
level08.elf,002946b8,fun_0022c208,boot-hash-match 0022c208
level09.elf,002a8c80,fun_0022c208,boot-hash-match 0022c208
level10.elf,0027ce50,fun_0022c208,boot-hash-match 0022c208
level11.elf,002af298,fun_0022c208,boot-hash-match 0022c208
level12.elf,002a2bb8,fun_0022c208,boot-hash-match 0022c208
level13.elf,00296778,fun_0022c208,boot-hash-match 0022c208
level14.elf,00292618,fun_0022c208,boot-hash-match 0022c208
level15.elf,0027a298,fun_0022c208,boot-hash-match 0022c208
level16.elf,00285208,fun_0022c208,boot-hash-match 0022c208
level17.elf,00284620,fun_0022c208,boot-hash-match 0022c208
level18.elf,0028be68,fun_0022c208,boot-hash-match 0022c208
level00.elf,0028c760,fun_0022c5a8,boot-hash-match 0022c5a8
level01.elf,002a0190,fun_0022c5a8,boot-hash-match 0022c5a8
level02.elf,0028be40,fun_0022c5a8,boot-hash-match 0022c5a8
level03.elf,00278fa8,fun_0022c5a8,boot-hash-match 0022c5a8
level04.elf,0027d6c0,fun_0022c5a8,boot-hash-match 0022c5a8
level05.elf,002b4e20,fun_0022c5a8,boot-hash-match 0022c5a8
level06.elf,00299850,fun_0022c5a8,boot-hash-match 0022c5a8
level07.elf,002b3420,fun_0022c5a8,boot-hash-match 0022c5a8
level08.elf,00294a58,fun_0022c5a8,boot-hash-match 0022c5a8
level09.elf,002a9020,fun_0022c5a8,boot-hash-match 0022c5a8
level10.elf,0027d1f0,fun_0022c5a8,boot-hash-match 0022c5a8
level11.elf,002af638,fun_0022c5a8,boot-hash-match 0022c5a8
level12.elf,002a2f58,fun_0022c5a8,boot-hash-match 0022c5a8
level13.elf,00296b18,fun_0022c5a8,boot-hash-match 0022c5a8
level14.elf,002929b8,fun_0022c5a8,boot-hash-match 0022c5a8
level15.elf,0027a638,fun_0022c5a8,boot-hash-match 0022c5a8
level16.elf,002855a8,fun_0022c5a8,boot-hash-match 0022c5a8
level17.elf,002849c0,fun_0022c5a8,boot-hash-match 0022c5a8
level18.elf,0028c208,fun_0022c5a8,boot-hash-match 0022c5a8
level00.elf,0028c810,fun_0022c658,boot-hash-match 0022c658
level01.elf,002a0240,fun_0022c658,boot-hash-match 0022c658
level02.elf,0028bef0,fun_0022c658,boot-hash-match 0022c658
level03.elf,00279058,fun_0022c658,boot-hash-match 0022c658
level04.elf,0027d770,fun_0022c658,boot-hash-match 0022c658
level05.elf,002b4ed0,fun_0022c658,boot-hash-match 0022c658
level06.elf,00299900,fun_0022c658,boot-hash-match 0022c658
level07.elf,002b34d0,fun_0022c658,boot-hash-match 0022c658
level08.elf,00294b08,fun_0022c658,boot-hash-match 0022c658
level09.elf,002a90d0,fun_0022c658,boot-hash-match 0022c658
level10.elf,0027d2a0,fun_0022c658,boot-hash-match 0022c658
level11.elf,002af6e8,fun_0022c658,boot-hash-match 0022c658
level12.elf,002a3008,fun_0022c658,boot-hash-match 0022c658
level13.elf,00296bc8,fun_0022c658,boot-hash-match 0022c658
level14.elf,00292a68,fun_0022c658,boot-hash-match 0022c658
level15.elf,0027a6e8,fun_0022c658,boot-hash-match 0022c658
level16.elf,00285658,fun_0022c658,boot-hash-match 0022c658
level17.elf,00284a70,fun_0022c658,boot-hash-match 0022c658
level18.elf,0028c2b8,fun_0022c658,boot-hash-match 0022c658
level00.elf,0028c8b0,fun_0022c6f8,boot-hash-match 0022c6f8
level01.elf,002a02e0,fun_0022c6f8,boot-hash-match 0022c6f8
level02.elf,0028bf90,fun_0022c6f8,boot-hash-match 0022c6f8
level03.elf,002790f8,fun_0022c6f8,boot-hash-match 0022c6f8
level04.elf,0027d810,fun_0022c6f8,boot-hash-match 0022c6f8
level05.elf,002b4f70,fun_0022c6f8,boot-hash-match 0022c6f8
level06.elf,002999a0,fun_0022c6f8,boot-hash-match 0022c6f8
level07.elf,002b3570,fun_0022c6f8,boot-hash-match 0022c6f8
level08.elf,00294ba8,fun_0022c6f8,boot-hash-match 0022c6f8
level09.elf,002a9170,fun_0022c6f8,boot-hash-match 0022c6f8
level10.elf,0027d340,fun_0022c6f8,boot-hash-match 0022c6f8
level11.elf,002af788,fun_0022c6f8,boot-hash-match 0022c6f8
level12.elf,002a30a8,fun_0022c6f8,boot-hash-match 0022c6f8
level13.elf,00296c68,fun_0022c6f8,boot-hash-match 0022c6f8
level14.elf,00292b08,fun_0022c6f8,boot-hash-match 0022c6f8
level15.elf,0027a788,fun_0022c6f8,boot-hash-match 0022c6f8
level16.elf,002856f8,fun_0022c6f8,boot-hash-match 0022c6f8
level17.elf,00284b10,fun_0022c6f8,boot-hash-match 0022c6f8
level18.elf,0028c358,fun_0022c6f8,boot-hash-match 0022c6f8
level00.elf,0028c9a0,fun_0022c7e8,boot-hash-match 0022c7e8
level01.elf,002a03d0,fun_0022c7e8,boot-hash-match 0022c7e8
level02.elf,0028c080,fun_0022c7e8,boot-hash-match 0022c7e8
level03.elf,002791e8,fun_0022c7e8,boot-hash-match 0022c7e8
level04.elf,0027d900,fun_0022c7e8,boot-hash-match 0022c7e8
level05.elf,002b5060,fun_0022c7e8,boot-hash-match 0022c7e8
level06.elf,00299a90,fun_0022c7e8,boot-hash-match 0022c7e8
level07.elf,002b3660,fun_0022c7e8,boot-hash-match 0022c7e8
level08.elf,00294c98,fun_0022c7e8,boot-hash-match 0022c7e8
level09.elf,002a9260,fun_0022c7e8,boot-hash-match 0022c7e8
level10.elf,0027d430,fun_0022c7e8,boot-hash-match 0022c7e8
level11.elf,002af878,fun_0022c7e8,boot-hash-match 0022c7e8
level12.elf,002a3198,fun_0022c7e8,boot-hash-match 0022c7e8
level13.elf,00296d58,fun_0022c7e8,boot-hash-match 0022c7e8
level14.elf,00292bf8,fun_0022c7e8,boot-hash-match 0022c7e8
level15.elf,0027a878,fun_0022c7e8,boot-hash-match 0022c7e8
level16.elf,002857e8,fun_0022c7e8,boot-hash-match 0022c7e8
level17.elf,00284c00,fun_0022c7e8,boot-hash-match 0022c7e8
level18.elf,0028c448,fun_0022c7e8,boot-hash-match 0022c7e8
level00.elf,0028c9e8,fun_0022c830,boot-hash-match 0022c830
level01.elf,002a0418,fun_0022c830,boot-hash-match 0022c830
level02.elf,0028c0c8,fun_0022c830,boot-hash-match 0022c830
level03.elf,00279230,fun_0022c830,boot-hash-match 0022c830
level04.elf,0027d948,fun_0022c830,boot-hash-match 0022c830
level05.elf,002b50a8,fun_0022c830,boot-hash-match 0022c830
level06.elf,00299ad8,fun_0022c830,boot-hash-match 0022c830
level07.elf,002b36a8,fun_0022c830,boot-hash-match 0022c830
level08.elf,00294ce0,fun_0022c830,boot-hash-match 0022c830
level09.elf,002a92a8,fun_0022c830,boot-hash-match 0022c830
level10.elf,0027d478,fun_0022c830,boot-hash-match 0022c830
level11.elf,002af8c0,fun_0022c830,boot-hash-match 0022c830
level12.elf,002a31e0,fun_0022c830,boot-hash-match 0022c830
level13.elf,00296da0,fun_0022c830,boot-hash-match 0022c830
level14.elf,00292c40,fun_0022c830,boot-hash-match 0022c830
level15.elf,0027a8c0,fun_0022c830,boot-hash-match 0022c830
level16.elf,00285830,fun_0022c830,boot-hash-match 0022c830
level17.elf,00284c48,fun_0022c830,boot-hash-match 0022c830
level18.elf,0028c490,fun_0022c830,boot-hash-match 0022c830
level00.elf,0028ca88,fun_0022c8d0,boot-hash-match 0022c8d0
level01.elf,002a04b8,fun_0022c8d0,boot-hash-match 0022c8d0
level02.elf,0028c168,fun_0022c8d0,boot-hash-match 0022c8d0
level03.elf,002792d0,fun_0022c8d0,boot-hash-match 0022c8d0
level04.elf,0027d9e8,fun_0022c8d0,boot-hash-match 0022c8d0
level05.elf,002b5148,fun_0022c8d0,boot-hash-match 0022c8d0
level06.elf,00299b78,fun_0022c8d0,boot-hash-match 0022c8d0
level07.elf,002b3748,fun_0022c8d0,boot-hash-match 0022c8d0
level08.elf,00294d80,fun_0022c8d0,boot-hash-match 0022c8d0
level09.elf,002a9348,fun_0022c8d0,boot-hash-match 0022c8d0
level10.elf,0027d518,fun_0022c8d0,boot-hash-match 0022c8d0
level11.elf,002af960,fun_0022c8d0,boot-hash-match 0022c8d0
level12.elf,002a3280,fun_0022c8d0,boot-hash-match 0022c8d0
level13.elf,00296e40,fun_0022c8d0,boot-hash-match 0022c8d0
level14.elf,00292ce0,fun_0022c8d0,boot-hash-match 0022c8d0
level15.elf,0027a960,fun_0022c8d0,boot-hash-match 0022c8d0
level16.elf,002858d0,fun_0022c8d0,boot-hash-match 0022c8d0
level17.elf,00284ce8,fun_0022c8d0,boot-hash-match 0022c8d0
level18.elf,0028c530,fun_0022c8d0,boot-hash-match 0022c8d0
level00.elf,0028d918,release_voice_slot,boot-hash-match 0022d798
level01.elf,002a1348,release_voice_slot,boot-hash-match 0022d798
level02.elf,0028cff8,release_voice_slot,boot-hash-match 0022d798
level03.elf,0027a160,release_voice_slot,boot-hash-match 0022d798
level04.elf,0027e878,release_voice_slot,boot-hash-match 0022d798
level05.elf,002b5fd8,release_voice_slot,boot-hash-match 0022d798
level06.elf,0029aa08,release_voice_slot,boot-hash-match 0022d798
level07.elf,002b45d8,release_voice_slot,boot-hash-match 0022d798
level08.elf,00295c10,release_voice_slot,boot-hash-match 0022d798
level09.elf,002aa1d8,release_voice_slot,boot-hash-match 0022d798
level10.elf,0027e3a8,release_voice_slot,boot-hash-match 0022d798
level11.elf,002b07f0,release_voice_slot,boot-hash-match 0022d798
level12.elf,002a4110,release_voice_slot,boot-hash-match 0022d798
level13.elf,00297cd0,release_voice_slot,boot-hash-match 0022d798
level14.elf,00293b70,release_voice_slot,boot-hash-match 0022d798
level15.elf,0027b7f0,release_voice_slot,boot-hash-match 0022d798
level16.elf,00286760,release_voice_slot,boot-hash-match 0022d798
level17.elf,00285b78,release_voice_slot,boot-hash-match 0022d798
level18.elf,0028d3c0,release_voice_slot,boot-hash-match 0022d798
level00.elf,0028d970,fun_0022d7f0,boot-hash-match 0022d7f0
level01.elf,002a13a0,fun_0022d7f0,boot-hash-match 0022d7f0
level02.elf,0028d050,fun_0022d7f0,boot-hash-match 0022d7f0
level03.elf,0027a1b8,fun_0022d7f0,boot-hash-match 0022d7f0
level04.elf,0027e8d0,fun_0022d7f0,boot-hash-match 0022d7f0
level05.elf,002b6030,fun_0022d7f0,boot-hash-match 0022d7f0
level06.elf,0029aa60,fun_0022d7f0,boot-hash-match 0022d7f0
level07.elf,002b4630,fun_0022d7f0,boot-hash-match 0022d7f0
level08.elf,00295c68,fun_0022d7f0,boot-hash-match 0022d7f0
level09.elf,002aa230,fun_0022d7f0,boot-hash-match 0022d7f0
level10.elf,0027e400,fun_0022d7f0,boot-hash-match 0022d7f0
level11.elf,002b0848,fun_0022d7f0,boot-hash-match 0022d7f0
level12.elf,002a4168,fun_0022d7f0,boot-hash-match 0022d7f0
level13.elf,00297d28,fun_0022d7f0,boot-hash-match 0022d7f0
level14.elf,00293bc8,fun_0022d7f0,boot-hash-match 0022d7f0
level15.elf,0027b848,fun_0022d7f0,boot-hash-match 0022d7f0
level16.elf,002867b8,fun_0022d7f0,boot-hash-match 0022d7f0
level17.elf,00285bd0,fun_0022d7f0,boot-hash-match 0022d7f0
level18.elf,0028d418,fun_0022d7f0,boot-hash-match 0022d7f0
level00.elf,0028dbe8,fun_0022da68,boot-hash-match 0022da68
level01.elf,002a1618,fun_0022da68,boot-hash-match 0022da68
level02.elf,0028d2c8,fun_0022da68,boot-hash-match 0022da68
level03.elf,0027a430,fun_0022da68,boot-hash-match 0022da68
level04.elf,0027eb48,fun_0022da68,boot-hash-match 0022da68
level05.elf,002b62a8,fun_0022da68,boot-hash-match 0022da68
level06.elf,0029acd8,fun_0022da68,boot-hash-match 0022da68
level07.elf,002b48a8,fun_0022da68,boot-hash-match 0022da68
level08.elf,00295ee0,fun_0022da68,boot-hash-match 0022da68
level09.elf,002aa4a8,fun_0022da68,boot-hash-match 0022da68
level10.elf,0027e678,fun_0022da68,boot-hash-match 0022da68
level11.elf,002b0ac0,fun_0022da68,boot-hash-match 0022da68
level12.elf,002a43e0,fun_0022da68,boot-hash-match 0022da68
level13.elf,00297fa0,fun_0022da68,boot-hash-match 0022da68
level14.elf,00293e40,fun_0022da68,boot-hash-match 0022da68
level15.elf,0027bac0,fun_0022da68,boot-hash-match 0022da68
level16.elf,00286a30,fun_0022da68,boot-hash-match 0022da68
level17.elf,00285e48,fun_0022da68,boot-hash-match 0022da68
level18.elf,0028d690,fun_0022da68,boot-hash-match 0022da68
level00.elf,0028e540,build_object_rotation_matrix,boot-hash-match 0022de10
level01.elf,002a2000,build_object_rotation_matrix,boot-hash-match 0022de10
level02.elf,0028dcb0,build_object_rotation_matrix,boot-hash-match 0022de10
level03.elf,0027ae88,build_object_rotation_matrix,boot-hash-match 0022de10
level04.elf,0027f438,build_object_rotation_matrix,boot-hash-match 0022de10
level05.elf,002b6c90,build_object_rotation_matrix,boot-hash-match 0022de10
level06.elf,0029b638,build_object_rotation_matrix,boot-hash-match 0022de10
level07.elf,002b51e8,build_object_rotation_matrix,boot-hash-match 0022de10
level08.elf,002968c8,build_object_rotation_matrix,boot-hash-match 0022de10
level09.elf,002aae90,build_object_rotation_matrix,boot-hash-match 0022de10
level10.elf,0027f040,build_object_rotation_matrix,boot-hash-match 0022de10
level11.elf,002b1438,build_object_rotation_matrix,boot-hash-match 0022de10
level12.elf,002a4dc8,build_object_rotation_matrix,boot-hash-match 0022de10
level13.elf,00298950,build_object_rotation_matrix,boot-hash-match 0022de10
level14.elf,002948b8,build_object_rotation_matrix,boot-hash-match 0022de10
level15.elf,0027c488,build_object_rotation_matrix,boot-hash-match 0022de10
level16.elf,00287418,build_object_rotation_matrix,boot-hash-match 0022de10
level17.elf,002867a0,build_object_rotation_matrix,boot-hash-match 0022de10
level18.elf,0028e0e8,build_object_rotation_matrix,boot-hash-match 0022de10
level00.elf,0028f238,fun_0022e420,boot-hash-match 0022e420
level01.elf,002a2d28,fun_0022e420,boot-hash-match 0022e420
level02.elf,0028e9a8,fun_0022e420,boot-hash-match 0022e420
level03.elf,0027bb80,fun_0022e420,boot-hash-match 0022e420
level04.elf,00280130,fun_0022e420,boot-hash-match 0022e420
level05.elf,002b7988,fun_0022e420,boot-hash-match 0022e420
level06.elf,0029c330,fun_0022e420,boot-hash-match 0022e420
level07.elf,002b5ee0,fun_0022e420,boot-hash-match 0022e420
level08.elf,002975c0,fun_0022e420,boot-hash-match 0022e420
level09.elf,002abb88,fun_0022e420,boot-hash-match 0022e420
level10.elf,0027fd38,fun_0022e420,boot-hash-match 0022e420
level11.elf,002b2130,fun_0022e420,boot-hash-match 0022e420
level12.elf,002a5ac0,fun_0022e420,boot-hash-match 0022e420
level13.elf,00299648,fun_0022e420,boot-hash-match 0022e420
level14.elf,002955e0,fun_0022e420,boot-hash-match 0022e420
level15.elf,0027d180,fun_0022e420,boot-hash-match 0022e420
level16.elf,00288110,fun_0022e420,boot-hash-match 0022e420
level17.elf,00287498,fun_0022e420,boot-hash-match 0022e420
level18.elf,0028ede0,fun_0022e420,boot-hash-match 0022e420
level00.elf,0028f6e0,fun_0022e8c8,boot-hash-match 0022e8c8
level01.elf,002a31d0,fun_0022e8c8,boot-hash-match 0022e8c8
level02.elf,0028ee50,fun_0022e8c8,boot-hash-match 0022e8c8
level03.elf,0027c028,fun_0022e8c8,boot-hash-match 0022e8c8
level04.elf,002805d8,fun_0022e8c8,boot-hash-match 0022e8c8
level05.elf,002b7e30,fun_0022e8c8,boot-hash-match 0022e8c8
level06.elf,0029c7d8,fun_0022e8c8,boot-hash-match 0022e8c8
level07.elf,002b6388,fun_0022e8c8,boot-hash-match 0022e8c8
level08.elf,00297a68,fun_0022e8c8,boot-hash-match 0022e8c8
level09.elf,002ac030,fun_0022e8c8,boot-hash-match 0022e8c8
level10.elf,002801e0,fun_0022e8c8,boot-hash-match 0022e8c8
level11.elf,002b25d8,fun_0022e8c8,boot-hash-match 0022e8c8
level12.elf,002a5f68,fun_0022e8c8,boot-hash-match 0022e8c8
level13.elf,00299af0,fun_0022e8c8,boot-hash-match 0022e8c8
level14.elf,00295a88,fun_0022e8c8,boot-hash-match 0022e8c8
level15.elf,0027d628,fun_0022e8c8,boot-hash-match 0022e8c8
level16.elf,002885b8,fun_0022e8c8,boot-hash-match 0022e8c8
level17.elf,00287940,fun_0022e8c8,boot-hash-match 0022e8c8
level18.elf,0028f288,fun_0022e8c8,boot-hash-match 0022e8c8
level00.elf,0028f820,fun_0022ea08,boot-hash-match 0022ea08
level01.elf,002a3310,fun_0022ea08,boot-hash-match 0022ea08
level02.elf,0028ef90,fun_0022ea08,boot-hash-match 0022ea08
level03.elf,0027c168,fun_0022ea08,boot-hash-match 0022ea08
level04.elf,00280718,fun_0022ea08,boot-hash-match 0022ea08
level05.elf,002b7f70,fun_0022ea08,boot-hash-match 0022ea08
level06.elf,0029c918,fun_0022ea08,boot-hash-match 0022ea08
level07.elf,002b64c8,fun_0022ea08,boot-hash-match 0022ea08
level08.elf,00297ba8,fun_0022ea08,boot-hash-match 0022ea08
level09.elf,002ac170,fun_0022ea08,boot-hash-match 0022ea08
level10.elf,00280320,fun_0022ea08,boot-hash-match 0022ea08
level11.elf,002b2718,fun_0022ea08,boot-hash-match 0022ea08
level12.elf,002a60a8,fun_0022ea08,boot-hash-match 0022ea08
level13.elf,00299c30,fun_0022ea08,boot-hash-match 0022ea08
level14.elf,00295bc8,fun_0022ea08,boot-hash-match 0022ea08
level15.elf,0027d768,fun_0022ea08,boot-hash-match 0022ea08
level16.elf,002886f8,fun_0022ea08,boot-hash-match 0022ea08
level17.elf,00287a80,fun_0022ea08,boot-hash-match 0022ea08
level18.elf,0028f3c8,fun_0022ea08,boot-hash-match 0022ea08
level00.elf,002900a0,fun_0022f288,boot-hash-match 0022f288
level01.elf,002a3b90,fun_0022f288,boot-hash-match 0022f288
level02.elf,0028f810,fun_0022f288,boot-hash-match 0022f288
level03.elf,0027c9e8,fun_0022f288,boot-hash-match 0022f288
level04.elf,00280f98,fun_0022f288,boot-hash-match 0022f288
level05.elf,002b87f0,fun_0022f288,boot-hash-match 0022f288
level06.elf,0029d198,fun_0022f288,boot-hash-match 0022f288
level07.elf,002b6d48,fun_0022f288,boot-hash-match 0022f288
level08.elf,00298428,fun_0022f288,boot-hash-match 0022f288
level09.elf,002ac9f0,fun_0022f288,boot-hash-match 0022f288
level10.elf,00280ba0,fun_0022f288,boot-hash-match 0022f288
level11.elf,002b2f98,fun_0022f288,boot-hash-match 0022f288
level12.elf,002a6928,fun_0022f288,boot-hash-match 0022f288
level13.elf,0029a4b0,fun_0022f288,boot-hash-match 0022f288
level14.elf,00296448,fun_0022f288,boot-hash-match 0022f288
level15.elf,0027dfe8,fun_0022f288,boot-hash-match 0022f288
level16.elf,00288f78,fun_0022f288,boot-hash-match 0022f288
level17.elf,00288300,fun_0022f288,boot-hash-match 0022f288
level18.elf,0028fc48,fun_0022f288,boot-hash-match 0022f288
level00.elf,002903c8,fun_0022f5b0,boot-hash-match 0022f5b0
level01.elf,002a3eb8,fun_0022f5b0,boot-hash-match 0022f5b0
level02.elf,0028fb38,fun_0022f5b0,boot-hash-match 0022f5b0
level03.elf,0027cd10,fun_0022f5b0,boot-hash-match 0022f5b0
level04.elf,002812c0,fun_0022f5b0,boot-hash-match 0022f5b0
level05.elf,002b8b18,fun_0022f5b0,boot-hash-match 0022f5b0
level06.elf,0029d4c0,fun_0022f5b0,boot-hash-match 0022f5b0
level07.elf,002b7070,fun_0022f5b0,boot-hash-match 0022f5b0
level08.elf,00298750,fun_0022f5b0,boot-hash-match 0022f5b0
level09.elf,002acd18,fun_0022f5b0,boot-hash-match 0022f5b0
level10.elf,00280ec8,fun_0022f5b0,boot-hash-match 0022f5b0
level11.elf,002b32c0,fun_0022f5b0,boot-hash-match 0022f5b0
level12.elf,002a6c50,fun_0022f5b0,boot-hash-match 0022f5b0
level13.elf,0029a7d8,fun_0022f5b0,boot-hash-match 0022f5b0
level14.elf,00296770,fun_0022f5b0,boot-hash-match 0022f5b0
level15.elf,0027e310,fun_0022f5b0,boot-hash-match 0022f5b0
level16.elf,002892a0,fun_0022f5b0,boot-hash-match 0022f5b0
level17.elf,00288628,fun_0022f5b0,boot-hash-match 0022f5b0
level18.elf,0028ff70,fun_0022f5b0,boot-hash-match 0022f5b0
level00.elf,00291d00,dispatch_game_state_update,boot-hash-match 00230ee8
level01.elf,002a57f0,dispatch_game_state_update,boot-hash-match 00230ee8
level02.elf,00291470,dispatch_game_state_update,boot-hash-match 00230ee8
level03.elf,0027e648,dispatch_game_state_update,boot-hash-match 00230ee8
level04.elf,00282bf8,dispatch_game_state_update,boot-hash-match 00230ee8
level05.elf,002ba450,dispatch_game_state_update,boot-hash-match 00230ee8
level06.elf,0029edf8,dispatch_game_state_update,boot-hash-match 00230ee8
level07.elf,002b89a8,dispatch_game_state_update,boot-hash-match 00230ee8
level08.elf,0029a088,dispatch_game_state_update,boot-hash-match 00230ee8
level09.elf,002ae650,dispatch_game_state_update,boot-hash-match 00230ee8
level10.elf,00282800,dispatch_game_state_update,boot-hash-match 00230ee8
level11.elf,002b4bf8,dispatch_game_state_update,boot-hash-match 00230ee8
level12.elf,002a8588,dispatch_game_state_update,boot-hash-match 00230ee8
level13.elf,0029c110,dispatch_game_state_update,boot-hash-match 00230ee8
level14.elf,002980a8,dispatch_game_state_update,boot-hash-match 00230ee8
level15.elf,0027fc48,dispatch_game_state_update,boot-hash-match 00230ee8
level16.elf,0028abd8,dispatch_game_state_update,boot-hash-match 00230ee8
level17.elf,00289f60,dispatch_game_state_update,boot-hash-match 00230ee8
level18.elf,002918a8,dispatch_game_state_update,boot-hash-match 00230ee8
level00.elf,00292420,fun_00231608,boot-hash-match 00231608
level01.elf,002a5f10,fun_00231608,boot-hash-match 00231608
level02.elf,00291b90,fun_00231608,boot-hash-match 00231608
level03.elf,0027ed68,fun_00231608,boot-hash-match 00231608
level04.elf,00283318,fun_00231608,boot-hash-match 00231608
level05.elf,002bab70,fun_00231608,boot-hash-match 00231608
level06.elf,0029f518,fun_00231608,boot-hash-match 00231608
level07.elf,002b90c8,fun_00231608,boot-hash-match 00231608
level08.elf,0029a7a8,fun_00231608,boot-hash-match 00231608
level09.elf,002aed70,fun_00231608,boot-hash-match 00231608
level10.elf,00282f20,fun_00231608,boot-hash-match 00231608
level11.elf,002b5318,fun_00231608,boot-hash-match 00231608
level12.elf,002a8ca8,fun_00231608,boot-hash-match 00231608
level13.elf,0029c830,fun_00231608,boot-hash-match 00231608
level14.elf,002987c8,fun_00231608,boot-hash-match 00231608
level15.elf,00280368,fun_00231608,boot-hash-match 00231608
level16.elf,0028b2f8,fun_00231608,boot-hash-match 00231608
level17.elf,0028a680,fun_00231608,boot-hash-match 00231608
level18.elf,00291fc8,fun_00231608,boot-hash-match 00231608
level00.elf,00292500,fun_002316e8,boot-hash-match 002316e8
level01.elf,002a5ff0,fun_002316e8,boot-hash-match 002316e8
level02.elf,00291c70,fun_002316e8,boot-hash-match 002316e8
level03.elf,0027ee48,fun_002316e8,boot-hash-match 002316e8
level04.elf,002833f8,fun_002316e8,boot-hash-match 002316e8
level05.elf,002bac50,fun_002316e8,boot-hash-match 002316e8
level06.elf,0029f5f8,fun_002316e8,boot-hash-match 002316e8
level07.elf,002b91a8,fun_002316e8,boot-hash-match 002316e8
level08.elf,0029a888,fun_002316e8,boot-hash-match 002316e8
level09.elf,002aee50,fun_002316e8,boot-hash-match 002316e8
level10.elf,00283000,fun_002316e8,boot-hash-match 002316e8
level11.elf,002b53f8,fun_002316e8,boot-hash-match 002316e8
level12.elf,002a8d88,fun_002316e8,boot-hash-match 002316e8
level13.elf,0029c910,fun_002316e8,boot-hash-match 002316e8
level14.elf,002988a8,fun_002316e8,boot-hash-match 002316e8
level15.elf,00280448,fun_002316e8,boot-hash-match 002316e8
level16.elf,0028b3d8,fun_002316e8,boot-hash-match 002316e8
level17.elf,0028a760,fun_002316e8,boot-hash-match 002316e8
level18.elf,002920a8,fun_002316e8,boot-hash-match 002316e8
level00.elf,00292690,fun_00231878,boot-hash-match 00231878
level01.elf,002a6180,fun_00231878,boot-hash-match 00231878
level02.elf,00291e00,fun_00231878,boot-hash-match 00231878
level03.elf,0027efd8,fun_00231878,boot-hash-match 00231878
level04.elf,00283588,fun_00231878,boot-hash-match 00231878
level05.elf,002bade0,fun_00231878,boot-hash-match 00231878
level06.elf,0029f788,fun_00231878,boot-hash-match 00231878
level07.elf,002b9338,fun_00231878,boot-hash-match 00231878
level08.elf,0029aa18,fun_00231878,boot-hash-match 00231878
level09.elf,002aefe0,fun_00231878,boot-hash-match 00231878
level10.elf,00283190,fun_00231878,boot-hash-match 00231878
level11.elf,002b5588,fun_00231878,boot-hash-match 00231878
level12.elf,002a8f18,fun_00231878,boot-hash-match 00231878
level13.elf,0029caa0,fun_00231878,boot-hash-match 00231878
level14.elf,00298a38,fun_00231878,boot-hash-match 00231878
level15.elf,002805d8,fun_00231878,boot-hash-match 00231878
level16.elf,0028b568,fun_00231878,boot-hash-match 00231878
level17.elf,0028a8f0,fun_00231878,boot-hash-match 00231878
level18.elf,00292238,fun_00231878,boot-hash-match 00231878
level00.elf,002929f0,fun_00231bd8,boot-hash-match 00231bd8
level01.elf,002a64e0,fun_00231bd8,boot-hash-match 00231bd8
level02.elf,00292160,fun_00231bd8,boot-hash-match 00231bd8
level03.elf,0027f338,fun_00231bd8,boot-hash-match 00231bd8
level04.elf,002838e8,fun_00231bd8,boot-hash-match 00231bd8
level05.elf,002bb140,fun_00231bd8,boot-hash-match 00231bd8
level06.elf,0029fae8,fun_00231bd8,boot-hash-match 00231bd8
level07.elf,002b9698,fun_00231bd8,boot-hash-match 00231bd8
level08.elf,0029ad78,fun_00231bd8,boot-hash-match 00231bd8
level09.elf,002af340,fun_00231bd8,boot-hash-match 00231bd8
level10.elf,002834f0,fun_00231bd8,boot-hash-match 00231bd8
level11.elf,002b58e8,fun_00231bd8,boot-hash-match 00231bd8
level12.elf,002a9278,fun_00231bd8,boot-hash-match 00231bd8
level13.elf,0029ce00,fun_00231bd8,boot-hash-match 00231bd8
level14.elf,00298d98,fun_00231bd8,boot-hash-match 00231bd8
level15.elf,00280938,fun_00231bd8,boot-hash-match 00231bd8
level16.elf,0028b8c8,fun_00231bd8,boot-hash-match 00231bd8
level17.elf,0028ac50,fun_00231bd8,boot-hash-match 00231bd8
level18.elf,00292598,fun_00231bd8,boot-hash-match 00231bd8
level00.elf,002935b8,fun_002327a0,boot-hash-match 002327a0
level01.elf,002a70a8,fun_002327a0,boot-hash-match 002327a0
level02.elf,00292d28,fun_002327a0,boot-hash-match 002327a0
level03.elf,0027ff00,fun_002327a0,boot-hash-match 002327a0
level04.elf,002844b0,fun_002327a0,boot-hash-match 002327a0
level05.elf,002bbd08,fun_002327a0,boot-hash-match 002327a0
level06.elf,002a06b0,fun_002327a0,boot-hash-match 002327a0
level07.elf,002ba260,fun_002327a0,boot-hash-match 002327a0
level08.elf,0029b940,fun_002327a0,boot-hash-match 002327a0
level09.elf,002aff08,fun_002327a0,boot-hash-match 002327a0
level10.elf,002840b8,fun_002327a0,boot-hash-match 002327a0
level11.elf,002b64b0,fun_002327a0,boot-hash-match 002327a0
level12.elf,002a9e40,fun_002327a0,boot-hash-match 002327a0
level13.elf,0029d9c8,fun_002327a0,boot-hash-match 002327a0
level14.elf,00299960,fun_002327a0,boot-hash-match 002327a0
level15.elf,00281500,fun_002327a0,boot-hash-match 002327a0
level16.elf,0028c490,fun_002327a0,boot-hash-match 002327a0
level17.elf,0028b818,fun_002327a0,boot-hash-match 002327a0
level18.elf,00293160,fun_002327a0,boot-hash-match 002327a0
level00.elf,00293af8,initialize_sif_rpc,boot-hash-match 00232ce0
level01.elf,002a75e8,initialize_sif_rpc,boot-hash-match 00232ce0
level02.elf,00293268,initialize_sif_rpc,boot-hash-match 00232ce0
level03.elf,00280440,initialize_sif_rpc,boot-hash-match 00232ce0
level04.elf,002849f0,initialize_sif_rpc,boot-hash-match 00232ce0
level05.elf,002bc248,initialize_sif_rpc,boot-hash-match 00232ce0
level06.elf,002a0bf0,initialize_sif_rpc,boot-hash-match 00232ce0
level07.elf,002ba7a0,initialize_sif_rpc,boot-hash-match 00232ce0
level08.elf,0029be80,initialize_sif_rpc,boot-hash-match 00232ce0
level09.elf,002b0448,initialize_sif_rpc,boot-hash-match 00232ce0
level10.elf,002845f8,initialize_sif_rpc,boot-hash-match 00232ce0
level11.elf,002b69f0,initialize_sif_rpc,boot-hash-match 00232ce0
level12.elf,002aa380,initialize_sif_rpc,boot-hash-match 00232ce0
level13.elf,0029df08,initialize_sif_rpc,boot-hash-match 00232ce0
level14.elf,00299ea0,initialize_sif_rpc,boot-hash-match 00232ce0
level15.elf,00281a40,initialize_sif_rpc,boot-hash-match 00232ce0
level16.elf,0028c9d0,initialize_sif_rpc,boot-hash-match 00232ce0
level17.elf,0028bd58,initialize_sif_rpc,boot-hash-match 00232ce0
level18.elf,002936a0,initialize_sif_rpc,boot-hash-match 00232ce0
level00.elf,00293db8,fun_00232f20,boot-hash-match 00232f20
level01.elf,002a78a8,fun_00232f20,boot-hash-match 00232f20
level02.elf,00293528,fun_00232f20,boot-hash-match 00232f20
level03.elf,00280700,fun_00232f20,boot-hash-match 00232f20
level04.elf,00284cb0,fun_00232f20,boot-hash-match 00232f20
level05.elf,002bc508,fun_00232f20,boot-hash-match 00232f20
level06.elf,002a0eb0,fun_00232f20,boot-hash-match 00232f20
level07.elf,002baa60,fun_00232f20,boot-hash-match 00232f20
level08.elf,0029c140,fun_00232f20,boot-hash-match 00232f20
level09.elf,002b0708,fun_00232f20,boot-hash-match 00232f20
level10.elf,002848b8,fun_00232f20,boot-hash-match 00232f20
level11.elf,002b6cb0,fun_00232f20,boot-hash-match 00232f20
level12.elf,002aa640,fun_00232f20,boot-hash-match 00232f20
level13.elf,0029e1c8,fun_00232f20,boot-hash-match 00232f20
level14.elf,0029a160,fun_00232f20,boot-hash-match 00232f20
level15.elf,00281d00,fun_00232f20,boot-hash-match 00232f20
level16.elf,0028cc90,fun_00232f20,boot-hash-match 00232f20
level17.elf,0028c018,fun_00232f20,boot-hash-match 00232f20
level18.elf,00293960,fun_00232f20,boot-hash-match 00232f20
level00.elf,00293ed0,lookup_resource_entry,boot-hash-match 00233038
level01.elf,002a79c0,lookup_resource_entry,boot-hash-match 00233038
level02.elf,00293640,lookup_resource_entry,boot-hash-match 00233038
level03.elf,00280818,lookup_resource_entry,boot-hash-match 00233038
level04.elf,00284dc8,lookup_resource_entry,boot-hash-match 00233038
level05.elf,002bc620,lookup_resource_entry,boot-hash-match 00233038
level06.elf,002a0fc8,lookup_resource_entry,boot-hash-match 00233038
level07.elf,002bab78,lookup_resource_entry,boot-hash-match 00233038
level08.elf,0029c258,lookup_resource_entry,boot-hash-match 00233038
level09.elf,002b0820,lookup_resource_entry,boot-hash-match 00233038
level10.elf,002849d0,lookup_resource_entry,boot-hash-match 00233038
level11.elf,002b6dc8,lookup_resource_entry,boot-hash-match 00233038
level12.elf,002aa758,lookup_resource_entry,boot-hash-match 00233038
level13.elf,0029e2e0,lookup_resource_entry,boot-hash-match 00233038
level14.elf,0029a278,lookup_resource_entry,boot-hash-match 00233038
level15.elf,00281e18,lookup_resource_entry,boot-hash-match 00233038
level16.elf,0028cda8,lookup_resource_entry,boot-hash-match 00233038
level17.elf,0028c130,lookup_resource_entry,boot-hash-match 00233038
level18.elf,00293a78,lookup_resource_entry,boot-hash-match 00233038
level00.elf,002a07c8,calculate_dma_transfer_address,boot-hash-match 002335a0
level01.elf,002b4538,calculate_dma_transfer_address,boot-hash-match 002335a0
level02.elf,0029ffd0,calculate_dma_transfer_address,boot-hash-match 002335a0
level03.elf,0028d110,calculate_dma_transfer_address,boot-hash-match 002335a0
level04.elf,002916c0,calculate_dma_transfer_address,boot-hash-match 002335a0
level05.elf,002c8f18,calculate_dma_transfer_address,boot-hash-match 002335a0
level06.elf,002ad8c0,calculate_dma_transfer_address,boot-hash-match 002335a0
level07.elf,002c7470,calculate_dma_transfer_address,boot-hash-match 002335a0
level08.elf,002a8be8,calculate_dma_transfer_address,boot-hash-match 002335a0
level09.elf,002bd118,calculate_dma_transfer_address,boot-hash-match 002335a0
level10.elf,002912c8,calculate_dma_transfer_address,boot-hash-match 002335a0
level11.elf,002c36c0,calculate_dma_transfer_address,boot-hash-match 002335a0
level12.elf,002b7050,calculate_dma_transfer_address,boot-hash-match 002335a0
level13.elf,002aae58,calculate_dma_transfer_address,boot-hash-match 002335a0
level14.elf,002a6b70,calculate_dma_transfer_address,boot-hash-match 002335a0
level15.elf,0028e710,calculate_dma_transfer_address,boot-hash-match 002335a0
level16.elf,00299738,calculate_dma_transfer_address,boot-hash-match 002335a0
level17.elf,00298a28,calculate_dma_transfer_address,boot-hash-match 002335a0
level18.elf,002a0370,calculate_dma_transfer_address,boot-hash-match 002335a0
level00.elf,002a0ab0,write_vif_unpack_packet,boot-hash-match 00233888
level01.elf,002b4820,write_vif_unpack_packet,boot-hash-match 00233888
level02.elf,002a02b8,write_vif_unpack_packet,boot-hash-match 00233888
level03.elf,0028d3f8,write_vif_unpack_packet,boot-hash-match 00233888
level04.elf,002919a8,write_vif_unpack_packet,boot-hash-match 00233888
level05.elf,002c9200,write_vif_unpack_packet,boot-hash-match 00233888
level06.elf,002adba8,write_vif_unpack_packet,boot-hash-match 00233888
level07.elf,002c7758,write_vif_unpack_packet,boot-hash-match 00233888
level08.elf,002a8ed0,write_vif_unpack_packet,boot-hash-match 00233888
level09.elf,002bd400,write_vif_unpack_packet,boot-hash-match 00233888
level10.elf,002915b0,write_vif_unpack_packet,boot-hash-match 00233888
level11.elf,002c39a8,write_vif_unpack_packet,boot-hash-match 00233888
level12.elf,002b7338,write_vif_unpack_packet,boot-hash-match 00233888
level13.elf,002ab140,write_vif_unpack_packet,boot-hash-match 00233888
level14.elf,002a6e58,write_vif_unpack_packet,boot-hash-match 00233888
level15.elf,0028e9f8,write_vif_unpack_packet,boot-hash-match 00233888
level16.elf,00299a20,write_vif_unpack_packet,boot-hash-match 00233888
level17.elf,00298d10,write_vif_unpack_packet,boot-hash-match 00233888
level18.elf,002a0658,write_vif_unpack_packet,boot-hash-match 00233888
level00.elf,002a0b60,fun_00233938,boot-hash-match 00233938
level01.elf,002b48d0,fun_00233938,boot-hash-match 00233938
level02.elf,002a0368,fun_00233938,boot-hash-match 00233938
level03.elf,0028d4a8,fun_00233938,boot-hash-match 00233938
level04.elf,00291a58,fun_00233938,boot-hash-match 00233938
level05.elf,002c92b0,fun_00233938,boot-hash-match 00233938
level06.elf,002adc58,fun_00233938,boot-hash-match 00233938
level07.elf,002c7808,fun_00233938,boot-hash-match 00233938
level08.elf,002a8f80,fun_00233938,boot-hash-match 00233938
level09.elf,002bd4b0,fun_00233938,boot-hash-match 00233938
level10.elf,00291660,fun_00233938,boot-hash-match 00233938
level11.elf,002c3a58,fun_00233938,boot-hash-match 00233938
level12.elf,002b73e8,fun_00233938,boot-hash-match 00233938
level13.elf,002ab1f0,fun_00233938,boot-hash-match 00233938
level14.elf,002a6f08,fun_00233938,boot-hash-match 00233938
level15.elf,0028eaa8,fun_00233938,boot-hash-match 00233938
level16.elf,00299ad0,fun_00233938,boot-hash-match 00233938
level17.elf,00298dc0,fun_00233938,boot-hash-match 00233938
level18.elf,002a0708,fun_00233938,boot-hash-match 00233938
level00.elf,002a0e50,fun_00233c28,boot-hash-match 00233c28
level01.elf,002b4bc0,fun_00233c28,boot-hash-match 00233c28
level02.elf,002a0658,fun_00233c28,boot-hash-match 00233c28
level03.elf,0028d798,fun_00233c28,boot-hash-match 00233c28
level04.elf,00291d48,fun_00233c28,boot-hash-match 00233c28
level05.elf,002c95a0,fun_00233c28,boot-hash-match 00233c28
level06.elf,002adf48,fun_00233c28,boot-hash-match 00233c28
level07.elf,002c7af8,fun_00233c28,boot-hash-match 00233c28
level08.elf,002a9270,fun_00233c28,boot-hash-match 00233c28
level09.elf,002bd7a0,fun_00233c28,boot-hash-match 00233c28
level10.elf,00291950,fun_00233c28,boot-hash-match 00233c28
level11.elf,002c3d48,fun_00233c28,boot-hash-match 00233c28
level12.elf,002b76d8,fun_00233c28,boot-hash-match 00233c28
level13.elf,002ab4e0,fun_00233c28,boot-hash-match 00233c28
level14.elf,002a71f8,fun_00233c28,boot-hash-match 00233c28
level15.elf,0028ed98,fun_00233c28,boot-hash-match 00233c28
level16.elf,00299dc0,fun_00233c28,boot-hash-match 00233c28
level17.elf,002990b0,fun_00233c28,boot-hash-match 00233c28
level18.elf,002a09f8,fun_00233c28,boot-hash-match 00233c28
level00.elf,002a1328,print_register_values_and_halt,boot-hash-match 00233f00
level01.elf,002b5098,print_register_values_and_halt,boot-hash-match 00233f00
level02.elf,002a0b30,print_register_values_and_halt,boot-hash-match 00233f00
level03.elf,0028dc70,print_register_values_and_halt,boot-hash-match 00233f00
level04.elf,00292220,print_register_values_and_halt,boot-hash-match 00233f00
level05.elf,002c9a78,print_register_values_and_halt,boot-hash-match 00233f00
level06.elf,002ae420,print_register_values_and_halt,boot-hash-match 00233f00
level07.elf,002c7fd0,print_register_values_and_halt,boot-hash-match 00233f00
level08.elf,002a9748,print_register_values_and_halt,boot-hash-match 00233f00
level09.elf,002bdc78,print_register_values_and_halt,boot-hash-match 00233f00
level10.elf,00291e28,print_register_values_and_halt,boot-hash-match 00233f00
level11.elf,002c4220,print_register_values_and_halt,boot-hash-match 00233f00
level12.elf,002b7bb0,print_register_values_and_halt,boot-hash-match 00233f00
level13.elf,002ab9b8,print_register_values_and_halt,boot-hash-match 00233f00
level14.elf,002a76d0,print_register_values_and_halt,boot-hash-match 00233f00
level15.elf,0028f270,print_register_values_and_halt,boot-hash-match 00233f00
level16.elf,0029a298,print_register_values_and_halt,boot-hash-match 00233f00
level17.elf,00299588,print_register_values_and_halt,boot-hash-match 00233f00
level18.elf,002a0ed0,print_register_values_and_halt,boot-hash-match 00233f00
level00.elf,002959f8,dma_tie_textures,boot-hash-match 00235640
level01.elf,002a94e8,dma_tie_textures,boot-hash-match 00235640
level02.elf,00295168,dma_tie_textures,boot-hash-match 00235640
level03.elf,00282340,dma_tie_textures,boot-hash-match 00235640
level04.elf,002868f0,dma_tie_textures,boot-hash-match 00235640
level05.elf,002be148,dma_tie_textures,boot-hash-match 00235640
level06.elf,002a2af0,dma_tie_textures,boot-hash-match 00235640
level07.elf,002bc6a0,dma_tie_textures,boot-hash-match 00235640
level08.elf,0029dd80,dma_tie_textures,boot-hash-match 00235640
level09.elf,002b2348,dma_tie_textures,boot-hash-match 00235640
level10.elf,002864f8,dma_tie_textures,boot-hash-match 00235640
level11.elf,002b88f0,dma_tie_textures,boot-hash-match 00235640
level12.elf,002ac280,dma_tie_textures,boot-hash-match 00235640
level13.elf,0029fe08,dma_tie_textures,boot-hash-match 00235640
level14.elf,0029bda0,dma_tie_textures,boot-hash-match 00235640
level15.elf,00283940,dma_tie_textures,boot-hash-match 00235640
level16.elf,0028e8d0,dma_tie_textures,boot-hash-match 00235640
level17.elf,0028dc58,dma_tie_textures,boot-hash-match 00235640
level18.elf,002955a0,dma_tie_textures,boot-hash-match 00235640
level00.elf,00295bf8,copy_render_buffer_pair,boot-hash-match 00235840
level01.elf,002a96e8,copy_render_buffer_pair,boot-hash-match 00235840
level02.elf,00295368,copy_render_buffer_pair,boot-hash-match 00235840
level03.elf,00282540,copy_render_buffer_pair,boot-hash-match 00235840
level04.elf,00286af0,copy_render_buffer_pair,boot-hash-match 00235840
level05.elf,002be348,copy_render_buffer_pair,boot-hash-match 00235840
level06.elf,002a2cf0,copy_render_buffer_pair,boot-hash-match 00235840
level07.elf,002bc8a0,copy_render_buffer_pair,boot-hash-match 00235840
level08.elf,0029df80,copy_render_buffer_pair,boot-hash-match 00235840
level09.elf,002b2548,copy_render_buffer_pair,boot-hash-match 00235840
level10.elf,002866f8,copy_render_buffer_pair,boot-hash-match 00235840
level11.elf,002b8af0,copy_render_buffer_pair,boot-hash-match 00235840
level12.elf,002ac480,copy_render_buffer_pair,boot-hash-match 00235840
level13.elf,002a0008,copy_render_buffer_pair,boot-hash-match 00235840
level14.elf,0029bfa0,copy_render_buffer_pair,boot-hash-match 00235840
level15.elf,00283b40,copy_render_buffer_pair,boot-hash-match 00235840
level16.elf,0028ead0,copy_render_buffer_pair,boot-hash-match 00235840
level17.elf,0028de58,copy_render_buffer_pair,boot-hash-match 00235840
level18.elf,002957a0,copy_render_buffer_pair,boot-hash-match 00235840
level00.elf,00295c50,register_entity_render_resources,boot-hash-match 00235898
level01.elf,002a9740,register_entity_render_resources,boot-hash-match 00235898
level02.elf,002953c0,register_entity_render_resources,boot-hash-match 00235898
level03.elf,00282598,register_entity_render_resources,boot-hash-match 00235898
level04.elf,00286b48,register_entity_render_resources,boot-hash-match 00235898
level05.elf,002be3a0,register_entity_render_resources,boot-hash-match 00235898
level06.elf,002a2d48,register_entity_render_resources,boot-hash-match 00235898
level07.elf,002bc8f8,register_entity_render_resources,boot-hash-match 00235898
level08.elf,0029dfd8,register_entity_render_resources,boot-hash-match 00235898
level09.elf,002b25a0,register_entity_render_resources,boot-hash-match 00235898
level10.elf,00286750,register_entity_render_resources,boot-hash-match 00235898
level11.elf,002b8b48,register_entity_render_resources,boot-hash-match 00235898
level12.elf,002ac4d8,register_entity_render_resources,boot-hash-match 00235898
level13.elf,002a0060,register_entity_render_resources,boot-hash-match 00235898
level14.elf,0029bff8,register_entity_render_resources,boot-hash-match 00235898
level15.elf,00283b98,register_entity_render_resources,boot-hash-match 00235898
level16.elf,0028eb28,register_entity_render_resources,boot-hash-match 00235898
level17.elf,0028deb0,register_entity_render_resources,boot-hash-match 00235898
level18.elf,002957f8,register_entity_render_resources,boot-hash-match 00235898
level00.elf,00299f40,fun_00237a78,boot-hash-match 00237a78
level01.elf,002ada30,fun_00237a78,boot-hash-match 00237a78
level02.elf,00299748,fun_00237a78,boot-hash-match 00237a78
level03.elf,00286888,fun_00237a78,boot-hash-match 00237a78
level04.elf,0028ae38,fun_00237a78,boot-hash-match 00237a78
level05.elf,002c2690,fun_00237a78,boot-hash-match 00237a78
level06.elf,002a7038,fun_00237a78,boot-hash-match 00237a78
level07.elf,002c0be8,fun_00237a78,boot-hash-match 00237a78
level08.elf,002a2360,fun_00237a78,boot-hash-match 00237a78
level09.elf,002b6890,fun_00237a78,boot-hash-match 00237a78
level10.elf,0028aa40,fun_00237a78,boot-hash-match 00237a78
level11.elf,002bce38,fun_00237a78,boot-hash-match 00237a78
level12.elf,002b07c8,fun_00237a78,boot-hash-match 00237a78
level13.elf,002a4350,fun_00237a78,boot-hash-match 00237a78
level14.elf,002a02e8,fun_00237a78,boot-hash-match 00237a78
level15.elf,00287e88,fun_00237a78,boot-hash-match 00237a78
level16.elf,00292eb0,fun_00237a78,boot-hash-match 00237a78
level17.elf,002921a0,fun_00237a78,boot-hash-match 00237a78
level18.elf,00299ae8,fun_00237a78,boot-hash-match 00237a78
level00.elf,0029b070,set_scrolling_status_message,boot-hash-match 00237e90
level01.elf,002aede0,set_scrolling_status_message,boot-hash-match 00237e90
level02.elf,0029a878,set_scrolling_status_message,boot-hash-match 00237e90
level03.elf,002879b8,set_scrolling_status_message,boot-hash-match 00237e90
level04.elf,0028bf68,set_scrolling_status_message,boot-hash-match 00237e90
level05.elf,002c37c0,set_scrolling_status_message,boot-hash-match 00237e90
level06.elf,002a8168,set_scrolling_status_message,boot-hash-match 00237e90
level07.elf,002c1d18,set_scrolling_status_message,boot-hash-match 00237e90
level08.elf,002a3490,set_scrolling_status_message,boot-hash-match 00237e90
level09.elf,002b79c0,set_scrolling_status_message,boot-hash-match 00237e90
level10.elf,0028bb70,set_scrolling_status_message,boot-hash-match 00237e90
level11.elf,002bdf68,set_scrolling_status_message,boot-hash-match 00237e90
level12.elf,002b18f8,set_scrolling_status_message,boot-hash-match 00237e90
level13.elf,002a5700,set_scrolling_status_message,boot-hash-match 00237e90
level14.elf,002a1418,set_scrolling_status_message,boot-hash-match 00237e90
level15.elf,00288fb8,set_scrolling_status_message,boot-hash-match 00237e90
level16.elf,00293fe0,set_scrolling_status_message,boot-hash-match 00237e90
level17.elf,002932d0,set_scrolling_status_message,boot-hash-match 00237e90
level18.elf,0029ac18,set_scrolling_status_message,boot-hash-match 00237e90
level00.elf,0029dac8,fun_00238310,boot-hash-match 00238310
level01.elf,002b1838,fun_00238310,boot-hash-match 00238310
level02.elf,0029d2d0,fun_00238310,boot-hash-match 00238310
level03.elf,0028a410,fun_00238310,boot-hash-match 00238310
level04.elf,0028e9c0,fun_00238310,boot-hash-match 00238310
level05.elf,002c6218,fun_00238310,boot-hash-match 00238310
level06.elf,002aabc0,fun_00238310,boot-hash-match 00238310
level07.elf,002c4770,fun_00238310,boot-hash-match 00238310
level08.elf,002a5ee8,fun_00238310,boot-hash-match 00238310
level09.elf,002ba418,fun_00238310,boot-hash-match 00238310
level10.elf,0028e5c8,fun_00238310,boot-hash-match 00238310
level11.elf,002c09c0,fun_00238310,boot-hash-match 00238310
level12.elf,002b4350,fun_00238310,boot-hash-match 00238310
level13.elf,002a8158,fun_00238310,boot-hash-match 00238310
level14.elf,002a3e70,fun_00238310,boot-hash-match 00238310
level15.elf,0028ba10,fun_00238310,boot-hash-match 00238310
level16.elf,00296a38,fun_00238310,boot-hash-match 00238310
level17.elf,00295d28,fun_00238310,boot-hash-match 00238310
level18.elf,0029d670,fun_00238310,boot-hash-match 00238310
level00.elf,0029dde8,fun_00238630,boot-hash-match 00238630
level01.elf,002b1b58,fun_00238630,boot-hash-match 00238630
level02.elf,0029d5f0,fun_00238630,boot-hash-match 00238630
level03.elf,0028a730,fun_00238630,boot-hash-match 00238630
level04.elf,0028ece0,fun_00238630,boot-hash-match 00238630
level05.elf,002c6538,fun_00238630,boot-hash-match 00238630
level06.elf,002aaee0,fun_00238630,boot-hash-match 00238630
level07.elf,002c4a90,fun_00238630,boot-hash-match 00238630
level08.elf,002a6208,fun_00238630,boot-hash-match 00238630
level09.elf,002ba738,fun_00238630,boot-hash-match 00238630
level10.elf,0028e8e8,fun_00238630,boot-hash-match 00238630
level11.elf,002c0ce0,fun_00238630,boot-hash-match 00238630
level12.elf,002b4670,fun_00238630,boot-hash-match 00238630
level13.elf,002a8478,fun_00238630,boot-hash-match 00238630
level14.elf,002a4190,fun_00238630,boot-hash-match 00238630
level15.elf,0028bd30,fun_00238630,boot-hash-match 00238630
level16.elf,00296d58,fun_00238630,boot-hash-match 00238630
level17.elf,00296048,fun_00238630,boot-hash-match 00238630
level18.elf,0029d990,fun_00238630,boot-hash-match 00238630
level00.elf,0029de40,format_scaled_display_value,boot-hash-match 00238688
level01.elf,002b1bb0,format_scaled_display_value,boot-hash-match 00238688
level02.elf,0029d648,format_scaled_display_value,boot-hash-match 00238688
level03.elf,0028a788,format_scaled_display_value,boot-hash-match 00238688
level04.elf,0028ed38,format_scaled_display_value,boot-hash-match 00238688
level05.elf,002c6590,format_scaled_display_value,boot-hash-match 00238688
level06.elf,002aaf38,format_scaled_display_value,boot-hash-match 00238688
level07.elf,002c4ae8,format_scaled_display_value,boot-hash-match 00238688
level08.elf,002a6260,format_scaled_display_value,boot-hash-match 00238688
level09.elf,002ba790,format_scaled_display_value,boot-hash-match 00238688
level10.elf,0028e940,format_scaled_display_value,boot-hash-match 00238688
level11.elf,002c0d38,format_scaled_display_value,boot-hash-match 00238688
level12.elf,002b46c8,format_scaled_display_value,boot-hash-match 00238688
level13.elf,002a84d0,format_scaled_display_value,boot-hash-match 00238688
level14.elf,002a41e8,format_scaled_display_value,boot-hash-match 00238688
level15.elf,0028bd88,format_scaled_display_value,boot-hash-match 00238688
level16.elf,00296db0,format_scaled_display_value,boot-hash-match 00238688
level17.elf,002960a0,format_scaled_display_value,boot-hash-match 00238688
level18.elf,0029d9e8,format_scaled_display_value,boot-hash-match 00238688
level00.elf,0029e198,fun_002389e0,boot-hash-match 002389e0
level01.elf,002b1f08,fun_002389e0,boot-hash-match 002389e0
level02.elf,0029d9a0,fun_002389e0,boot-hash-match 002389e0
level03.elf,0028aae0,fun_002389e0,boot-hash-match 002389e0
level04.elf,0028f090,fun_002389e0,boot-hash-match 002389e0
level05.elf,002c68e8,fun_002389e0,boot-hash-match 002389e0
level06.elf,002ab290,fun_002389e0,boot-hash-match 002389e0
level07.elf,002c4e40,fun_002389e0,boot-hash-match 002389e0
level08.elf,002a65b8,fun_002389e0,boot-hash-match 002389e0
level09.elf,002baae8,fun_002389e0,boot-hash-match 002389e0
level10.elf,0028ec98,fun_002389e0,boot-hash-match 002389e0
level11.elf,002c1090,fun_002389e0,boot-hash-match 002389e0
level12.elf,002b4a20,fun_002389e0,boot-hash-match 002389e0
level13.elf,002a8828,fun_002389e0,boot-hash-match 002389e0
level14.elf,002a4540,fun_002389e0,boot-hash-match 002389e0
level15.elf,0028c0e0,fun_002389e0,boot-hash-match 002389e0
level16.elf,00297108,fun_002389e0,boot-hash-match 002389e0
level17.elf,002963f8,fun_002389e0,boot-hash-match 002389e0
level18.elf,0029dd40,fun_002389e0,boot-hash-match 002389e0
level00.elf,0029f2d0,fun_00239690,boot-hash-match 00239690
level01.elf,002b3040,fun_00239690,boot-hash-match 00239690
level02.elf,0029ead8,fun_00239690,boot-hash-match 00239690
level03.elf,0028bc18,fun_00239690,boot-hash-match 00239690
level04.elf,002901c8,fun_00239690,boot-hash-match 00239690
level05.elf,002c7a20,fun_00239690,boot-hash-match 00239690
level06.elf,002ac3c8,fun_00239690,boot-hash-match 00239690
level07.elf,002c5f78,fun_00239690,boot-hash-match 00239690
level08.elf,002a76f0,fun_00239690,boot-hash-match 00239690
level09.elf,002bbc20,fun_00239690,boot-hash-match 00239690
level10.elf,0028fdd0,fun_00239690,boot-hash-match 00239690
level11.elf,002c21c8,fun_00239690,boot-hash-match 00239690
level12.elf,002b5b58,fun_00239690,boot-hash-match 00239690
level13.elf,002a9960,fun_00239690,boot-hash-match 00239690
level14.elf,002a5678,fun_00239690,boot-hash-match 00239690
level15.elf,0028d218,fun_00239690,boot-hash-match 00239690
level16.elf,00298240,fun_00239690,boot-hash-match 00239690
level17.elf,00297530,fun_00239690,boot-hash-match 00239690
level18.elf,0029ee78,fun_00239690,boot-hash-match 00239690
level00.elf,002df690,fun_0023a318,boot-hash-match 0023a318
level01.elf,003098f0,fun_0023a318,boot-hash-match 0023a318
level02.elf,002ebc18,fun_0023a318,boot-hash-match 0023a318
level03.elf,002de068,fun_0023a318,boot-hash-match 0023a318
level04.elf,002e2e18,fun_0023a318,boot-hash-match 0023a318
level05.elf,0031ab40,fun_0023a318,boot-hash-match 0023a318
level06.elf,00306288,fun_0023a318,boot-hash-match 0023a318
level07.elf,0031d240,fun_0023a318,boot-hash-match 0023a318
level08.elf,00304fc0,fun_0023a318,boot-hash-match 0023a318
level09.elf,003031d0,fun_0023a318,boot-hash-match 0023a318
level10.elf,002de7c0,fun_0023a318,boot-hash-match 0023a318
level11.elf,0030c610,fun_0023a318,boot-hash-match 0023a318
level12.elf,00301a00,fun_0023a318,boot-hash-match 0023a318
level13.elf,003055a0,fun_0023a318,boot-hash-match 0023a318
level14.elf,00300af8,fun_0023a318,boot-hash-match 0023a318
level15.elf,002e5650,fun_0023a318,boot-hash-match 0023a318
level16.elf,002e0ed8,fun_0023a318,boot-hash-match 0023a318
level17.elf,002e5c48,fun_0023a318,boot-hash-match 0023a318
level18.elf,002ee890,fun_0023a318,boot-hash-match 0023a318
level00.elf,002edd28,fun_0023a3b8,boot-hash-match 0023a3b8
level01.elf,0031a260,fun_0023a3b8,boot-hash-match 0023a3b8
level02.elf,002fc988,fun_0023a3b8,boot-hash-match 0023a3b8
level03.elf,002eda98,fun_0023a3b8,boot-hash-match 0023a3b8
level04.elf,002f1ac0,fun_0023a3b8,boot-hash-match 0023a3b8
level05.elf,0032bdb0,fun_0023a3b8,boot-hash-match 0023a3b8
level06.elf,003169f0,fun_0023a3b8,boot-hash-match 0023a3b8
level07.elf,003299d8,fun_0023a3b8,boot-hash-match 0023a3b8
level08.elf,00317368,fun_0023a3b8,boot-hash-match 0023a3b8
level09.elf,00315de8,fun_0023a3b8,boot-hash-match 0023a3b8
level10.elf,002f6fb8,fun_0023a3b8,boot-hash-match 0023a3b8
level11.elf,00328fa0,fun_0023a3b8,boot-hash-match 0023a3b8
level12.elf,00316d68,fun_0023a3b8,boot-hash-match 0023a3b8
level13.elf,00318700,fun_0023a3b8,boot-hash-match 0023a3b8
level14.elf,00317250,fun_0023a3b8,boot-hash-match 0023a3b8
level15.elf,002f9440,fun_0023a3b8,boot-hash-match 0023a3b8
level16.elf,002f5ed8,fun_0023a3b8,boot-hash-match 0023a3b8
level17.elf,00300f20,fun_0023a3b8,boot-hash-match 0023a3b8
level18.elf,00307118,fun_0023a3b8,boot-hash-match 0023a3b8
level00.elf,002ee600,audio_dec_delete,boot-hash-match 0023ac90
level01.elf,0031ab38,audio_dec_delete,boot-hash-match 0023ac90
level02.elf,002fd260,audio_dec_delete,boot-hash-match 0023ac90
level03.elf,002ee370,audio_dec_delete,boot-hash-match 0023ac90
level04.elf,002f2398,audio_dec_delete,boot-hash-match 0023ac90
level05.elf,0032c688,audio_dec_delete,boot-hash-match 0023ac90
level06.elf,003172c8,audio_dec_delete,boot-hash-match 0023ac90
level07.elf,0032a2b0,audio_dec_delete,boot-hash-match 0023ac90
level08.elf,00317c40,audio_dec_delete,boot-hash-match 0023ac90
level09.elf,003166c0,audio_dec_delete,boot-hash-match 0023ac90
level10.elf,002f7890,audio_dec_delete,boot-hash-match 0023ac90
level11.elf,00329878,audio_dec_delete,boot-hash-match 0023ac90
level12.elf,00317640,audio_dec_delete,boot-hash-match 0023ac90
level13.elf,00318fd8,audio_dec_delete,boot-hash-match 0023ac90
level14.elf,00317b28,audio_dec_delete,boot-hash-match 0023ac90
level15.elf,002f9d18,audio_dec_delete,boot-hash-match 0023ac90
level16.elf,002f67b0,audio_dec_delete,boot-hash-match 0023ac90
level17.elf,003017f8,audio_dec_delete,boot-hash-match 0023ac90
level18.elf,003079f0,audio_dec_delete,boot-hash-match 0023ac90
level00.elf,002ee850,is_state_field_large,boot-hash-match 0023aee0
level01.elf,0031ad88,is_state_field_large,boot-hash-match 0023aee0
level02.elf,002fd4b0,is_state_field_large,boot-hash-match 0023aee0
level03.elf,002ee5c0,is_state_field_large,boot-hash-match 0023aee0
level04.elf,002f25e8,is_state_field_large,boot-hash-match 0023aee0
level05.elf,0032c8d8,is_state_field_large,boot-hash-match 0023aee0
level06.elf,00317518,is_state_field_large,boot-hash-match 0023aee0
level07.elf,0032a500,is_state_field_large,boot-hash-match 0023aee0
level08.elf,00317e90,is_state_field_large,boot-hash-match 0023aee0
level09.elf,00316910,is_state_field_large,boot-hash-match 0023aee0
level10.elf,002f7ae0,is_state_field_large,boot-hash-match 0023aee0
level11.elf,00329ac8,is_state_field_large,boot-hash-match 0023aee0
level12.elf,00317890,is_state_field_large,boot-hash-match 0023aee0
level13.elf,00319228,is_state_field_large,boot-hash-match 0023aee0
level14.elf,00317d78,is_state_field_large,boot-hash-match 0023aee0
level15.elf,002f9f68,is_state_field_large,boot-hash-match 0023aee0
level16.elf,002f6a00,is_state_field_large,boot-hash-match 0023aee0
level17.elf,00301a48,is_state_field_large,boot-hash-match 0023aee0
level18.elf,00307c40,is_state_field_large,boot-hash-match 0023aee0
level00.elf,002ef3b8,set_state_fields,boot-hash-match 0023ba48
level01.elf,0031b8f0,set_state_fields,boot-hash-match 0023ba48
level02.elf,002fe018,set_state_fields,boot-hash-match 0023ba48
level03.elf,002ef128,set_state_fields,boot-hash-match 0023ba48
level04.elf,002f3150,set_state_fields,boot-hash-match 0023ba48
level05.elf,0032d440,set_state_fields,boot-hash-match 0023ba48
level06.elf,00318080,set_state_fields,boot-hash-match 0023ba48
level07.elf,0032b068,set_state_fields,boot-hash-match 0023ba48
level08.elf,003189f8,set_state_fields,boot-hash-match 0023ba48
level09.elf,00317478,set_state_fields,boot-hash-match 0023ba48
level10.elf,002f8648,set_state_fields,boot-hash-match 0023ba48
level11.elf,0032a630,set_state_fields,boot-hash-match 0023ba48
level12.elf,003183f8,set_state_fields,boot-hash-match 0023ba48
level13.elf,00319d90,set_state_fields,boot-hash-match 0023ba48
level14.elf,003188e0,set_state_fields,boot-hash-match 0023ba48
level15.elf,002faad0,set_state_fields,boot-hash-match 0023ba48
level16.elf,002f7568,set_state_fields,boot-hash-match 0023ba48
level17.elf,003025b0,set_state_fields,boot-hash-match 0023ba48
level18.elf,003087a8,set_state_fields,boot-hash-match 0023ba48
level00.elf,002ef3d0,fun_0023ba60,boot-hash-match 0023ba60
level01.elf,0031b908,fun_0023ba60,boot-hash-match 0023ba60
level02.elf,002fe030,fun_0023ba60,boot-hash-match 0023ba60
level03.elf,002ef140,fun_0023ba60,boot-hash-match 0023ba60
level04.elf,002f3168,fun_0023ba60,boot-hash-match 0023ba60
level05.elf,0032d458,fun_0023ba60,boot-hash-match 0023ba60
level06.elf,00318098,fun_0023ba60,boot-hash-match 0023ba60
level07.elf,0032b080,fun_0023ba60,boot-hash-match 0023ba60
level08.elf,00318a10,fun_0023ba60,boot-hash-match 0023ba60
level09.elf,00317490,fun_0023ba60,boot-hash-match 0023ba60
level10.elf,002f8660,fun_0023ba60,boot-hash-match 0023ba60
level11.elf,0032a648,fun_0023ba60,boot-hash-match 0023ba60
level12.elf,00318410,fun_0023ba60,boot-hash-match 0023ba60
level13.elf,00319da8,fun_0023ba60,boot-hash-match 0023ba60
level14.elf,003188f8,fun_0023ba60,boot-hash-match 0023ba60
level15.elf,002faae8,fun_0023ba60,boot-hash-match 0023ba60
level16.elf,002f7580,fun_0023ba60,boot-hash-match 0023ba60
level17.elf,003025c8,fun_0023ba60,boot-hash-match 0023ba60
level18.elf,003087c0,fun_0023ba60,boot-hash-match 0023ba60
level00.elf,002f0540,video_dec_set_stream,boot-hash-match 0023cbd0
level01.elf,0031ca78,video_dec_set_stream,boot-hash-match 0023cbd0
level02.elf,002ff1a0,video_dec_set_stream,boot-hash-match 0023cbd0
level03.elf,002f02b0,video_dec_set_stream,boot-hash-match 0023cbd0
level04.elf,002f42d8,video_dec_set_stream,boot-hash-match 0023cbd0
level05.elf,0032e5c8,video_dec_set_stream,boot-hash-match 0023cbd0
level06.elf,00319208,video_dec_set_stream,boot-hash-match 0023cbd0
level07.elf,0032c1f0,video_dec_set_stream,boot-hash-match 0023cbd0
level08.elf,00319b80,video_dec_set_stream,boot-hash-match 0023cbd0
level09.elf,00318600,video_dec_set_stream,boot-hash-match 0023cbd0
level10.elf,002f97d0,video_dec_set_stream,boot-hash-match 0023cbd0
level11.elf,0032b7b8,video_dec_set_stream,boot-hash-match 0023cbd0
level12.elf,00319580,video_dec_set_stream,boot-hash-match 0023cbd0
level13.elf,0031af18,video_dec_set_stream,boot-hash-match 0023cbd0
level14.elf,00319a68,video_dec_set_stream,boot-hash-match 0023cbd0
level15.elf,002fbc58,video_dec_set_stream,boot-hash-match 0023cbd0
level16.elf,002f86f0,video_dec_set_stream,boot-hash-match 0023cbd0
level17.elf,00303738,video_dec_set_stream,boot-hash-match 0023cbd0
level18.elf,00309930,video_dec_set_stream,boot-hash-match 0023cbd0
level00.elf,002f05e0,set_state_field,boot-hash-match 0023cc70
level01.elf,0031cb18,set_state_field,boot-hash-match 0023cc70
level02.elf,002ff240,set_state_field,boot-hash-match 0023cc70
level03.elf,002f0350,set_state_field,boot-hash-match 0023cc70
level04.elf,002f4378,set_state_field,boot-hash-match 0023cc70
level05.elf,0032e668,set_state_field,boot-hash-match 0023cc70
level06.elf,003192a8,set_state_field,boot-hash-match 0023cc70
level07.elf,0032c290,set_state_field,boot-hash-match 0023cc70
level08.elf,00319c20,set_state_field,boot-hash-match 0023cc70
level09.elf,003186a0,set_state_field,boot-hash-match 0023cc70
level10.elf,002f9870,set_state_field,boot-hash-match 0023cc70
level11.elf,0032b858,set_state_field,boot-hash-match 0023cc70
level12.elf,00319620,set_state_field,boot-hash-match 0023cc70
level13.elf,0031afb8,set_state_field,boot-hash-match 0023cc70
level14.elf,00319b08,set_state_field,boot-hash-match 0023cc70
level15.elf,002fbcf8,set_state_field,boot-hash-match 0023cc70
level16.elf,002f8790,set_state_field,boot-hash-match 0023cc70
level17.elf,003037d8,set_state_field,boot-hash-match 0023cc70
level18.elf,003099d0,set_state_field,boot-hash-match 0023cc70
level00.elf,002f05f8,replace_state_field,boot-hash-match 0023cc88
level01.elf,0031cb30,replace_state_field,boot-hash-match 0023cc88
level02.elf,002ff258,replace_state_field,boot-hash-match 0023cc88
level03.elf,002f0368,replace_state_field,boot-hash-match 0023cc88
level04.elf,002f4390,replace_state_field,boot-hash-match 0023cc88
level05.elf,0032e680,replace_state_field,boot-hash-match 0023cc88
level06.elf,003192c0,replace_state_field,boot-hash-match 0023cc88
level07.elf,0032c2a8,replace_state_field,boot-hash-match 0023cc88
level08.elf,00319c38,replace_state_field,boot-hash-match 0023cc88
level09.elf,003186b8,replace_state_field,boot-hash-match 0023cc88
level10.elf,002f9888,replace_state_field,boot-hash-match 0023cc88
level11.elf,0032b870,replace_state_field,boot-hash-match 0023cc88
level12.elf,00319638,replace_state_field,boot-hash-match 0023cc88
level13.elf,0031afd0,replace_state_field,boot-hash-match 0023cc88
level14.elf,00319b20,replace_state_field,boot-hash-match 0023cc88
level15.elf,002fbd10,replace_state_field,boot-hash-match 0023cc88
level16.elf,002f87a8,replace_state_field,boot-hash-match 0023cc88
level17.elf,003037f0,replace_state_field,boot-hash-match 0023cc88
level18.elf,003099e8,replace_state_field,boot-hash-match 0023cc88
level00.elf,002f0650,video_dec_input_count,boot-hash-match 0023cce0
level01.elf,0031cb88,video_dec_input_count,boot-hash-match 0023cce0
level02.elf,002ff2b0,video_dec_input_count,boot-hash-match 0023cce0
level03.elf,002f03c0,video_dec_input_count,boot-hash-match 0023cce0
level04.elf,002f43e8,video_dec_input_count,boot-hash-match 0023cce0
level05.elf,0032e6d8,video_dec_input_count,boot-hash-match 0023cce0
level06.elf,00319318,video_dec_input_count,boot-hash-match 0023cce0
level07.elf,0032c300,video_dec_input_count,boot-hash-match 0023cce0
level08.elf,00319c90,video_dec_input_count,boot-hash-match 0023cce0
level09.elf,00318710,video_dec_input_count,boot-hash-match 0023cce0
level10.elf,002f98e0,video_dec_input_count,boot-hash-match 0023cce0
level11.elf,0032b8c8,video_dec_input_count,boot-hash-match 0023cce0
level12.elf,00319690,video_dec_input_count,boot-hash-match 0023cce0
level13.elf,0031b028,video_dec_input_count,boot-hash-match 0023cce0
level14.elf,00319b78,video_dec_input_count,boot-hash-match 0023cce0
level15.elf,002fbd68,video_dec_input_count,boot-hash-match 0023cce0
level16.elf,002f8800,video_dec_input_count,boot-hash-match 0023cce0
level17.elf,00303848,video_dec_input_count,boot-hash-match 0023cce0
level18.elf,00309a40,video_dec_input_count,boot-hash-match 0023cce0
level00.elf,002f0ab0,get_mpeg_timestamp,boot-hash-match 0023d140
level01.elf,0031cfe8,get_mpeg_timestamp,boot-hash-match 0023d140
level02.elf,002ff710,get_mpeg_timestamp,boot-hash-match 0023d140
level03.elf,002f0820,get_mpeg_timestamp,boot-hash-match 0023d140
level04.elf,002f4848,get_mpeg_timestamp,boot-hash-match 0023d140
level05.elf,0032eb38,get_mpeg_timestamp,boot-hash-match 0023d140
level06.elf,00319778,get_mpeg_timestamp,boot-hash-match 0023d140
level07.elf,0032c760,get_mpeg_timestamp,boot-hash-match 0023d140
level08.elf,0031a0f0,get_mpeg_timestamp,boot-hash-match 0023d140
level09.elf,00318b70,get_mpeg_timestamp,boot-hash-match 0023d140
level10.elf,002f9d40,get_mpeg_timestamp,boot-hash-match 0023d140
level11.elf,0032bd28,get_mpeg_timestamp,boot-hash-match 0023d140
level12.elf,00319af0,get_mpeg_timestamp,boot-hash-match 0023d140
level13.elf,0031b488,get_mpeg_timestamp,boot-hash-match 0023d140
level14.elf,00319fd8,get_mpeg_timestamp,boot-hash-match 0023d140
level15.elf,002fc1c8,get_mpeg_timestamp,boot-hash-match 0023d140
level16.elf,002f8c60,get_mpeg_timestamp,boot-hash-match 0023d140
level17.elf,00303ca8,get_mpeg_timestamp,boot-hash-match 0023d140
level18.elf,00309ea0,get_mpeg_timestamp,boot-hash-match 0023d140
level00.elf,002f0c38,is_state_field_zero,boot-hash-match 0023d2c8
level01.elf,0031d170,is_state_field_zero,boot-hash-match 0023d2c8
level02.elf,002ff898,is_state_field_zero,boot-hash-match 0023d2c8
level03.elf,002f09a8,is_state_field_zero,boot-hash-match 0023d2c8
level04.elf,002f49d0,is_state_field_zero,boot-hash-match 0023d2c8
level05.elf,0032ecc0,is_state_field_zero,boot-hash-match 0023d2c8
level06.elf,00319900,is_state_field_zero,boot-hash-match 0023d2c8
level07.elf,0032c8e8,is_state_field_zero,boot-hash-match 0023d2c8
level08.elf,0031a278,is_state_field_zero,boot-hash-match 0023d2c8
level09.elf,00318cf8,is_state_field_zero,boot-hash-match 0023d2c8
level10.elf,002f9ec8,is_state_field_zero,boot-hash-match 0023d2c8
level11.elf,0032beb0,is_state_field_zero,boot-hash-match 0023d2c8
level12.elf,00319c78,is_state_field_zero,boot-hash-match 0023d2c8
level13.elf,0031b610,is_state_field_zero,boot-hash-match 0023d2c8
level14.elf,0031a160,is_state_field_zero,boot-hash-match 0023d2c8
level15.elf,002fc350,is_state_field_zero,boot-hash-match 0023d2c8
level16.elf,002f8de8,is_state_field_zero,boot-hash-match 0023d2c8
level17.elf,00303e30,is_state_field_zero,boot-hash-match 0023d2c8
level18.elf,0030a028,is_state_field_zero,boot-hash-match 0023d2c8
level00.elf,001ee858,fun_001ee650,boot-hash-match 001ee650
level01.elf,00210458,fun_001ee650,boot-hash-match 001ee650
level02.elf,001ff740,fun_001ee650,boot-hash-match 001ee650
level03.elf,001e81c0,fun_001ee650,boot-hash-match 001ee650
level04.elf,001e11c0,fun_001ee650,boot-hash-match 001ee650
level05.elf,0021d4c0,fun_001ee650,boot-hash-match 001ee650
level06.elf,00206440,fun_001ee650,boot-hash-match 001ee650
level07.elf,00216640,fun_001ee650,boot-hash-match 001ee650
level09.elf,0020dbc0,fun_001ee650,boot-hash-match 001ee650
level10.elf,001e1ec0,fun_001ee650,boot-hash-match 001ee650
level11.elf,002200c0,fun_001ee650,boot-hash-match 001ee650
level12.elf,002112c0,fun_001ee650,boot-hash-match 001ee650
level13.elf,001fa240,fun_001ee650,boot-hash-match 001ee650
level14.elf,00201a40,fun_001ee650,boot-hash-match 001ee650
level15.elf,001e7f40,fun_001ee650,boot-hash-match 001ee650
level16.elf,001ed0c0,fun_001ee650,boot-hash-match 001ee650
level17.elf,001eb8c0,fun_001ee650,boot-hash-match 001ee650
level18.elf,001f7540,fun_001ee650,boot-hash-match 001ee650
level00.elf,00261358,fun_00214970,boot-hash-match 00214970
level01.elf,00276258,fun_00214970,boot-hash-match 00214970
level02.elf,00263320,fun_00214970,boot-hash-match 00214970
level04.elf,00254070,fun_00214970,boot-hash-match 00214970
level05.elf,0028b420,fun_00214970,boot-hash-match 00214970
level06.elf,0026fee8,fun_00214970,boot-hash-match 00214970
level07.elf,002899e8,fun_00214970,boot-hash-match 00214970
level08.elf,0026ba70,fun_00214970,boot-hash-match 00214970
level09.elf,00280ec8,fun_00214970,boot-hash-match 00214970
level10.elf,00253e68,fun_00214970,boot-hash-match 00214970
level11.elf,00286958,fun_00214970,boot-hash-match 00214970
level12.elf,00279e00,fun_00214970,boot-hash-match 00214970
level13.elf,0026d3e0,fun_00214970,boot-hash-match 00214970
level14.elf,00269718,fun_00214970,boot-hash-match 00214970
level15.elf,00250c00,fun_00214970,boot-hash-match 00214970
level16.elf,0025cc50,fun_00214970,boot-hash-match 00214970
level17.elf,0025bc08,fun_00214970,boot-hash-match 00214970
level18.elf,00263698,fun_00214970,boot-hash-match 00214970
level00.elf,0027fed8,process_global_state_flags,boot-hash-match 00222290
level01.elf,00295c98,process_global_state_flags,boot-hash-match 00222290
level02.elf,002813f0,process_global_state_flags,boot-hash-match 00222290
level03.elf,0026eb48,process_global_state_flags,boot-hash-match 00222290
level04.elf,00273208,process_global_state_flags,boot-hash-match 00222290
level05.elf,002aa1e0,process_global_state_flags,boot-hash-match 00222290
level06.elf,0028ecb8,process_global_state_flags,boot-hash-match 00222290
level07.elf,002a88f8,process_global_state_flags,boot-hash-match 00222290
level08.elf,0028a628,process_global_state_flags,boot-hash-match 00222290
level09.elf,0029ecf8,process_global_state_flags,boot-hash-match 00222290
level10.elf,00272df8,process_global_state_flags,boot-hash-match 00222290
level11.elf,002a5260,process_global_state_flags,boot-hash-match 00222290
level12.elf,00298b80,process_global_state_flags,boot-hash-match 00222290
level13.elf,0028c058,process_global_state_flags,boot-hash-match 00222290
level14.elf,00288668,process_global_state_flags,boot-hash-match 00222290
level15.elf,0026fb80,process_global_state_flags,boot-hash-match 00222290
level16.elf,0027b1d0,process_global_state_flags,boot-hash-match 00222290
level17.elf,00279f88,process_global_state_flags,boot-hash-match 00222290
level00.elf,001fead8,fun_001f92b0,boot-hash-match 001f92b0
level01.elf,002209e8,fun_001f92b0,boot-hash-match 001f92b0
level02.elf,0020fb10,fun_001f92b0,boot-hash-match 001f92b0
level03.elf,001f8440,fun_001f92b0,boot-hash-match 001f92b0
level04.elf,001f1540,fun_001f92b0,boot-hash-match 001f92b0
level05.elf,0022d790,fun_001f92b0,boot-hash-match 001f92b0
level07.elf,00226910,fun_001f92b0,boot-hash-match 001f92b0
level08.elf,002115e8,fun_001f92b0,boot-hash-match 001f92b0
level10.elf,001f2140,fun_001f92b0,boot-hash-match 001f92b0
level11.elf,00230440,fun_001f92b0,boot-hash-match 001f92b0
level12.elf,002219a8,fun_001f92b0,boot-hash-match 001f92b0
level13.elf,0020a5c0,fun_001f92b0,boot-hash-match 001f92b0
level14.elf,00212078,fun_001f92b0,boot-hash-match 001f92b0
level15.elf,001f8210,fun_001f92b0,boot-hash-match 001f92b0
level16.elf,001fd340,fun_001f92b0,boot-hash-match 001f92b0
level17.elf,001fbb40,fun_001f92b0,boot-hash-match 001f92b0
level18.elf,002078c0,fun_001f92b0,boot-hash-match 001f92b0
level00.elf,001fa8f0,fun_001f5ab0,boot-hash-match 001f5ab0
level01.elf,0021c4f0,fun_001f5ab0,boot-hash-match 001f5ab0
level03.elf,001f4258,fun_001f5ab0,boot-hash-match 001f5ab0
level05.elf,002295a8,fun_001f5ab0,boot-hash-match 001f5ab0
level07.elf,00222728,fun_001f5ab0,boot-hash-match 001f5ab0
level09.elf,00219ca8,fun_001f5ab0,boot-hash-match 001f5ab0
level10.elf,001edf58,fun_001f5ab0,boot-hash-match 001f5ab0
level14.elf,0020db80,fun_001f5ab0,boot-hash-match 001f5ab0
level15.elf,001f4028,fun_001f5ab0,boot-hash-match 001f5ab0
level16.elf,001f9158,fun_001f5ab0,boot-hash-match 001f5ab0
level17.elf,001f7958,fun_001f5ab0,boot-hash-match 001f5ab0
level00.elf,0028dfc8,enqueue_voice_request,boot-hash-match 0022dc50
level04.elf,0027eec0,enqueue_voice_request,boot-hash-match 0022dc50
level06.elf,0029b0c0,enqueue_voice_request,boot-hash-match 0022dc50
level11.elf,002b0ec0,enqueue_voice_request,boot-hash-match 0022dc50
level13.elf,002983d8,enqueue_voice_request,boot-hash-match 0022dc50
level17.elf,00286228,enqueue_voice_request,boot-hash-match 0022dc50
level03.elf,0027a588,allocate_voice_for_bank_entry,boot-hash-match 0022db10
level06.elf,0029ae30,allocate_voice_for_bank_entry,boot-hash-match 0022db10
level14.elf,00293f98,allocate_voice_for_bank_entry,boot-hash-match 0022db10
level18.elf,0028d7e8,allocate_voice_for_bank_entry,boot-hash-match 0022db10
level02.elf,00264568,build_spherical_offset,boot-hash-match 00214db0
level06.elf,00271eb0,build_spherical_offset,boot-hash-match 00214db0
level04.elf,00292298,append_dma_tag,boot-hash-match 00233f78
