# randcrw Tier 0 table: SCUS_971.99 v1.00. 2937 files, 4209359410 bytes.
# Sizes and SHA-1 hashes only (no disc bytes). Columns: path<TAB>size<TAB>sha1.
# Regenerate: randcrw-extract table --iso <image> --output crates/rc-extract/data/<serial>.tsv
boot/IOPRP243.IMG	264449	cb4a7d978405fe26a4752155c8cb8929ba96117d
boot/SCUS_971.99	1383028	72fd1de379dafd8f243dceeb3be50980f3fd3cd5
boot/SYSTEM.CNF	59	189cce8d9e926ab4b1c8273c2cc9b13ac4f0494e
toc.bin	10592	f060da7bdba12931eacb61417523ff5882c7774f
global/debug_font.bin	18432	5211514a5f9810c355cb19af434e44cd9f780346
global/save_game.bin	94208	2a046f1fb3d0a4bb1c79b473a299b1b263f2f5c0
global/ratchet_seqs/000.bin	102400	f449f767d0bcf0caa1d482aef9a066371f4cce7e
global/ratchet_seqs/001.bin	59392	9e82f99f6f4a0ab250429599aedc76864135e03f
global/ratchet_seqs/002.bin	67584	409c95a59bee15276bf0bf3c59039f5cbca51886
global/ratchet_seqs/003.bin	145408	115a88799e41446dda763a3cd784094621aea164
global/ratchet_seqs/004.bin	126976	e40d5613f0d129e33754f49871be0ab24191d3fb
global/ratchet_seqs/005.bin	124928	6dad50688a99d69866c1b04e726621c9a8f44cff
global/ratchet_seqs/006.bin	131072	60d49d02946c4ae270238fa0a1c171c9ff4e4272
global/ratchet_seqs/007.bin	94208	b19dd3d4f9b906591416240e2914b4031cdb1684
global/ratchet_seqs/008.bin	47104	bfb17f2c0939eaeedfddc1b38d0754904436d174
global/ratchet_seqs/009.bin	137216	caca713726a5c671fb652b41ed5cc03d018edd46
global/ratchet_seqs/010.bin	59392	9e82f99f6f4a0ab250429599aedc76864135e03f
global/ratchet_seqs/011.bin	100352	aaaa4d6fb327921558bfa32edf36573c5e2d3094
global/ratchet_seqs/012.bin	133120	9360980c202d94af1e1c8c0a754c5bd48e6065cc
global/ratchet_seqs/013.bin	59392	aece756c55b91e0dc4d9277a593c3da9e31ccaa5
global/ratchet_seqs/014.bin	83968	14a1ccd23ed005bfcda81148e03d5a5cd9cddb86
global/ratchet_seqs/015.bin	96256	92c68b7d9c4bfb72291bd51775a934257651492f
global/ratchet_seqs/016.bin	73728	e0841ea97a15f0bcf4c5c6eec101297c62457219
global/ratchet_seqs/017.bin	116736	e00404e2c6e89ee3105aa3f18f46c52baf1b5968
global/ratchet_seqs/018.bin	98304	a4c43b1476edb354afdbfee52f0d372d7c6706e5
global/ratchet_seqs/019.bin	135168	f00389b89c93458da8b465edfa30388897c89c0b
global/ratchet_seqs/020.bin	81920	89b0b3287a5c72486004d3bf705ed3390785fe14
global/ratchet_seqs/021.bin	36864	ebbd1cfe854340fd987b49a45bb37d4d7f469b5d
global/ratchet_seqs/022.bin	104448	966b4afa68b93f331d5f96156b8aa98311b820f1
global/ratchet_seqs/023.bin	126976	07cf7dadbd102c72d29abf18c9ebf0056b26ee9f
global/ratchet_seqs/024.bin	77824	eed4773e22fe760a499dfbd7fa4a087b68e0548b
global/ratchet_seqs/025.bin	43008	f3944059609eb85c4e4fd53d379c4abb5c8f0dc7
global/ratchet_seqs/026.bin	110592	db69ebb7d1f036c3b59a1a817f1848eeb5d9a8d3
global/ratchet_seqs/027.bin	40960	9ff1758dffe2b320362b3dc55bbb74b645c32e21
global/hud_seqs/000.bin	6144	093980a7aa78eadc5847a4a226d1a5bb759f9bb4
global/hud_seqs/001.bin	4096	5a6a53277b4d0c371508802ea0f0f15b34029afc
global/hud_seqs/002.bin	6144	ae8e59d2b596bb704f1987826aae6119356d7303
global/hud_seqs/003.bin	6144	2f1cb6dea992c584b6ac7e6979a54bcd8508a5f0
global/hud_seqs/004.bin	6144	74ff10c0080972c63c118c87163550b5f946a423
global/hud_seqs/005.bin	6144	f020eb2b3e40e9f11091ef546b272c0d73547cf5
global/hud_seqs/006.bin	12288	67cf0523e89dd4e3d0d68c9fea4542b22ad7d9e9
global/hud_seqs/007.bin	12288	c0669541b4477c2b2cb7f6dcd04fe7ce0b43cb83
global/hud_seqs/008.bin	12288	20a9f161a3f0dee2f5ec2dddc98f6e2beb5e58bf
global/hud_seqs/009.bin	12288	b3f2a9fda9211d44230241bda03d366a4e31f01c
global/hud_seqs/010.bin	2048	53850941af4892480536a2a925cad69be372df00
global/hud_seqs/011.bin	18432	ccaa3651b5440134073b19cb7991fc63130ee66d
global/hud_seqs/012.bin	2048	d20ba63049cdf92b36decfc5a21cb022403c0bd4
global/hud_seqs/013.bin	4096	ee33cbf46dfab55dbab7b98e70a422742ae6b1d9
global/hud_seqs/014.bin	4096	35fcf40fe7ab123f63c366fb9c45ff88939668b6
global/hud_seqs/015.bin	2048	3137fc9eee88c452859df536889f6a011e1e7509
global/hud_seqs/016.bin	18432	6ddb0bd62895161735fa4c2b7dcc25ddf4a3db4b
global/vendor.bin	358400	11b2310753163a4ddd0c8c9b5e62c5981eb6282d
global/vendor_audio/000.bin	20480	8d0095019d7153d7714aa306405bfbfdb73ffdbc
global/vendor_audio/001.bin	20480	cc402ab96568cf5bb9fa13c19db0ce9fc8193181
global/vendor_audio/002.bin	22528	012b47bcff3e037a66972025e2c1ece18b8e82cf
global/vendor_audio/003.bin	20480	234e6b436973b39d130b8d2eafb452602e0af617
global/vendor_audio/004.bin	20480	1bddc52fa4ab7994836c80bf10fabcaa31cfa350
global/vendor_audio/005.bin	20480	8d0095019d7153d7714aa306405bfbfdb73ffdbc
global/vendor_audio/006.bin	36864	40182ddb083ccfebd9623cd103c4da5a12e4fbbe
global/vendor_audio/007.bin	40960	4da72cdcfb05d22a83fb30f2241bcc3624892d5d
global/vendor_audio/008.bin	38912	4162f3a65ce92ea531325559a576e1beeda88bf0
global/vendor_audio/009.bin	36864	4f7f65492ed7fd9d5de61d2f1df3d808a35c2dc0
global/vendor_audio/010.bin	36864	67f3652ab0ab08e4d3b5f66dd472276550b8dd37
global/vendor_audio/011.bin	36864	40182ddb083ccfebd9623cd103c4da5a12e4fbbe
global/vendor_audio/012.bin	30720	e4215e889ca776793002a91a3d020127d79b331e
global/vendor_audio/013.bin	30720	4e546e5aa24571472f5487d5ba5db7b4a52521cb
global/vendor_audio/014.bin	28672	aa5dcb5fa67fca8afe4eff9c9d7d9b1c25982929
global/vendor_audio/015.bin	30720	98817da1a53b945e903d2f0ae2cb759e9fccefe0
global/vendor_audio/016.bin	30720	7688a16c5b4dc1ad437bf8ee07752d77df8f3862
global/vendor_audio/017.bin	30720	e4215e889ca776793002a91a3d020127d79b331e
global/vendor_audio/018.bin	49152	49a355a6ab9b322eb0e8e49ce35d608496f2d02b
global/vendor_audio/019.bin	49152	85268399ad2b483f7989b2071f27d9117ca4c02f
global/vendor_audio/020.bin	49152	fc626ce7e7779eeeb315b77a0f6713793c93b7f8
global/vendor_audio/021.bin	49152	bfc055b8485639a4faa670ce64d26fbac90a0943
global/vendor_audio/022.bin	49152	32920aab2afab4c2785be529827f1250398eb578
global/vendor_audio/023.bin	49152	49a355a6ab9b322eb0e8e49ce35d608496f2d02b
global/vendor_audio/024.bin	43008	1ff24ccc14d2c7213ad3fd3f2036b6df53acf232
global/vendor_audio/025.bin	43008	47a51f5e6adcd6aae3cf17c6db852c2a4844e7d1
global/vendor_audio/026.bin	45056	e43bfbe2ebf16097b371a5147b912891e8f0188e
global/vendor_audio/027.bin	43008	3551fcf502a566b44946689147d385faa2534727
global/vendor_audio/028.bin	43008	b1ae8c6fbcfd994c10d7a0f6a2bd3ac3ff1da0f2
global/vendor_audio/029.bin	43008	1ff24ccc14d2c7213ad3fd3f2036b6df53acf232
global/vendor_audio/030.bin	30720	d7e490e0e9ac6660d13f8e14d0ac585d475c88aa
global/vendor_audio/031.bin	30720	73a732417e7388e1eb7f2ad4f9bebb11236e30c9
global/vendor_audio/032.bin	30720	9d04fc36dcfcb9897cfd8a768182f0a207641279
global/vendor_audio/033.bin	30720	5694730de8d3352d8f70765d0c666eb0eb1d9e41
global/vendor_audio/034.bin	30720	82269efa0a646322f167b500f2e59efef016cab2
global/vendor_audio/035.bin	30720	d7e490e0e9ac6660d13f8e14d0ac585d475c88aa
global/vendor_audio/036.bin	71680	af11451621d7d99e1f9bf9e58a62d0dee3003c4a
global/help_controls/000.bin	67584	81416d04212c0c515ccd96cc3d96b13a2a66e9df
global/help_controls/001.bin	67584	286f3c79003d04ce77c0df69ee8a6727f5550ca9
global/help_controls/002.bin	67584	35bfd49a50053a2315debd32d01acc5d82739df0
global/help_controls/003.bin	67584	64451efde3ea9aced7b3f9021f045eaad7577a45
global/help_controls/004.bin	67584	454ca86e6a2341bca79c4daa219f43637120a445
global/help_controls/005.bin	67584	0a944993b1ac5ec8a7d3443b747cb2a68d6508df
global/help_controls/006.bin	67584	33bb08f48381e509c9f46958722607f54b4efd99
global/help_controls/007.bin	67584	8d63b3110fd414b25928af94af432d67f8f1a5cd
global/help_controls/008.bin	67584	b215e01d7fc465ddebabd631c89cc743e75a7f66
global/help_controls/009.bin	67584	1020bf3cb3e7cc9e984fc649f17b067b3af75319
global/help_controls/010.bin	67584	f5d997f58a4e89de0b42b7e7cfd7f0f5d2240212
global/help_controls/011.bin	67584	43d6972e94dbc64ff398a1819209697736cb3bf4
global/help_moves/000.bin	40960	0195f2c73ece6ee1b61b3a6d210b1d40f44ca36a
global/help_moves/001.bin	38912	28e9e8148941664342af080418b9f6edf302d38a
global/help_moves/002.bin	43008	c937ff9b5fd3a7f717e065cd402965a4052f9943
global/help_moves/003.bin	38912	4fcaf5f9d6c63889da3c6cec87960d4bbe75faec
global/help_moves/004.bin	40960	6b0355fdacbda6f41fa1b6357c42f6811a9bd4b7
global/help_moves/005.bin	40960	7fb7ca4465da6bc6394a27a7514b1590bcb16e3f
global/help_moves/006.bin	43008	b18e9065fd856ef5ea0b0d55ed928fb2c9cb93f5
global/help_moves/007.bin	45056	9f29a4b4f3e7541cefe5e268acbf0d03888f375a
global/help_moves/008.bin	28672	4147bdc9da72fdd33911321c23fc8247fee2ad3e
global/help_moves/009.bin	30720	c32c46483de86324229bc6ac1336be3eec268896
global/help_moves/010.bin	49152	e4e17fafa413a623186af06c8613ea2d8be06c19
global/help_moves/011.bin	43008	233d08386c04d3e1027a36e07bbea255d3209568
global/help_moves/012.bin	43008	5feffaa4bff231c1179e2a2926b27305c27c7943
global/help_moves/013.bin	45056	de9dbe44fa1bc1bfc32b085de9df2978d85a43f7
global/help_moves/014.bin	45056	17e7e87b6113c7ffd4160ceb3d91feed33126b22
global/help_weapons/000.bin	30720	2784cd9bb624878305e82cf2d4b06c9f1adb2e04
global/help_weapons/001.bin	32768	fc11c94a873be4ff58e6fc2f20df30b9bcc52f70
global/help_weapons/002.bin	32768	829343b96e9250026cd8a7372f8b5f0fe4379e21
global/help_weapons/003.bin	34816	9cbc5badc919d46c777c431d31d1030f03f75a3c
global/help_weapons/004.bin	32768	98dfcecda17456ef7b819f9993508895306ce1c3
global/help_weapons/005.bin	36864	756140fb00bad8ffc286057046021b27a6acb257
global/help_weapons/006.bin	36864	7eee3b427be7e862bba4c704bfa4e72079646a58
global/help_weapons/007.bin	34816	ea7ff0adb46472fc878f1907bba99462575fbd1b
global/help_weapons/008.bin	34816	25b4cc0d1807c96d650668fcae96806f3c2ba3d3
global/help_weapons/009.bin	38912	4ce77c271307dd582ae0b83102ca9d3c1a2e266a
global/help_weapons/010.bin	34816	b536be533dfb80333b96e84b2e5b082492217e71
global/help_weapons/011.bin	38912	71fc2801f57571ecfc905d53302a922702a34c9e
global/help_weapons/012.bin	32768	ee72635f21e13de14d7670c8810a2c467a2a40f3
global/help_weapons/013.bin	30720	e8e6423ded71fe41b5368626e351d3d952e76542
global/help_weapons/014.bin	36864	3bcd2b0cd82acd0e53054e6ec3313a2698f241d7
global/help_gadgets/000.bin	20480	c029b665c717cee088a055f0881ced6ced55a2b6
global/help_gadgets/001.bin	22528	a099069fe73541221aa768fab634e1dd7bc5f2d6
global/help_gadgets/002.bin	32768	ba014e8722dc46321e50dcfb35235cc80a7100b4
global/help_gadgets/003.bin	30720	6f74fac98e44be6243bf41a5dbc6fe00d4ae2824
global/help_gadgets/004.bin	24576	1d9ef47516a3054973883df76c28d9c0ac3ebf1a
global/help_gadgets/005.bin	26624	85dd47d5684fed9558f12492f79eed929e470bde
global/help_gadgets/006.bin	34816	0e9cc1a1a4ef3db9cac8f1252de9ca22ecca94ee
global/help_gadgets/007.bin	32768	51186d6f9f36034c9ebfb136c8690b219d949954
global/help_gadgets/008.bin	26624	4df638fef4081110262517c99bc2462313abcc1a
global/help_gadgets/009.bin	34816	12b2f143c87ac548ae07bdb266903eaa43c9a5a7
global/help_gadgets/010.bin	24576	c122087b4342838973459ae27d06e91b92903351
global/help_gadgets/011.bin	28672	ae92e56200dc466dbe8e8a76372beb8d5bd351e3
global/help_gadgets/012.bin	26624	ba11aff6b8e2730c5fcdce689ca500bf9bd076c7
global/help_gadgets/013.bin	28672	5d52fcb67e7b0cb9e753c2f2f96b4e3cdddbab8f
global/help_ss/000.bin	14336	91f5ed690dc207b7ea3e1cc3ca7fd8213a4586a8
global/help_ss/001.bin	16384	92623f923d9ee0abaab312f4bcaeae1ed2c223bd
global/help_ss/002.bin	16384	a65bcdc6441b0df29907129d9b2700bf02b1eaa0
global/help_ss/003.bin	16384	43a48504c9a9232eca138d380af9e09a830e97c4
global/help_ss/004.bin	18432	e676b185c7f36ecc4447d4028105f63ffb282a4b
global/help_ss/005.bin	16384	f263a2b280c3ec2eb2a7eedbcec38a873b051f51
global/help_ss/006.bin	16384	2f854b67ea3c6c4b8a511e181d6fae40c8294dea
global/options_ss/000.bin	14336	ba80a1737dcc4556ccf2456d87c00e76e3f3f835
global/options_ss/001.bin	14336	25921506337f8d08da9d6e76a09938b0f2963b21
global/options_ss/002.bin	14336	e1ae1b3d2a36dd9ebc055ec8f05387cee39d40a2
global/options_ss/003.bin	12288	794be219e5e5e640ff718a6d404584b41373bf1b
global/options_ss/004.bin	14336	fd2f85f64af725091dbc7549a0ec1bd3fd386f09
global/options_ss/005.bin	16384	cc81004c073b653a90611c14d7840977f31be5be
global/options_ss/006.bin	12288	45bfa9282604bb4062e89fad0414295733cbb215
global/frontbin.bin	909312	b9c069329f9d1f0dfa64166a1b8220cf504c8667
global/mission_ss/000.bin	28672	86376f3b9aff36671adbfd46082725c886eee2b8
global/mission_ss/001.bin	26624	716483a5a578d0f3ad30878a82911b6bddca97df
global/mission_ss/002.bin	26624	ba11eb2851fa617e46a3c27c6ef378598b0baf1a
global/mission_ss/003.bin	24576	4bb07c6c674c3b049e67f92503adc7e5e0219286
global/mission_ss/004.bin	30720	3f4e07ffa8c66b9ecfebc7f231a57755b80cc402
global/mission_ss/005.bin	24576	a41286c919a0298ae506e86bb22c9434c95247f7
global/mission_ss/006.bin	30720	f9dbe0376ea5a4f7fe12ab20a11ec8a4e7360266
global/mission_ss/007.bin	26624	4c886baaf7faf431d3fc8788d9384a1f01fd7580
global/mission_ss/008.bin	26624	4c886baaf7faf431d3fc8788d9384a1f01fd7580
global/mission_ss/009.bin	24576	9b85a919f634c63958fd2d47008c0bebc4a149ad
global/mission_ss/010.bin	32768	9b18596ca8fb2ce570a9aa69dc4250fd4b837e75
global/mission_ss/011.bin	34816	48355a47edff34f5dcc4a9210ae14f3b69a73ae2
global/mission_ss/012.bin	32768	2c867597787ff5834eb1a837125808fba9a55a2d
global/mission_ss/013.bin	32768	b3387eb8dd564067c44a661a16938907f39e4988
global/mission_ss/014.bin	30720	b0a002e80750075aa2fdf79284811b77ce89cef6
global/mission_ss/015.bin	30720	347123db4195592e059a099f7b0acc7b631bac29
global/mission_ss/016.bin	28672	1e991a5c688a57026e47e4cd8024683ecf121987
global/mission_ss/017.bin	30720	baca1d8ebfca56d776a2ea007d882cecf8940fce
global/mission_ss/018.bin	32768	ab46b9156e5cffaf1882c430160a6e203d2e633a
global/mission_ss/019.bin	32768	cd0c0a8cd3a2610404d1302a9c798eb91df6d2b1
global/mission_ss/020.bin	14336	51cd29d73c2896b0dd62c4ef85a32599623e61f2
global/mission_ss/021.bin	24576	b7735e240d20f7577896350d18acdecd84ca116e
global/mission_ss/022.bin	28672	cc2afeb4fd35c9e0f06a4638df361a6beba5b989
global/mission_ss/023.bin	32768	a6a7476878e842d7d75290b6ae68bf2c9fb93f35
global/mission_ss/024.bin	26624	0bb07edb792144c72ab4d98a724e60e060b9e35b
global/mission_ss/025.bin	28672	69851028652e3ed48ea0150b7ad9a943f519b11e
global/mission_ss/026.bin	24576	fdcc15078eedef6b2b6659db29aa83c85dec1885
global/mission_ss/027.bin	32768	aceb8778fef3e5bcfa425a1b988a0969e9a2fe11
global/mission_ss/028.bin	30720	208e5eddb239887b9958e8a74651ffa65805cb9d
global/mission_ss/029.bin	24576	ce8e0ce779f25f5124ed2ebd40bdd3a3261a5e4e
global/mission_ss/030.bin	32768	738c5961c1e069b0110078150e18d342c97d07a2
global/mission_ss/031.bin	28672	b5825c2ac4a7bcceba07a18882c4d3d36c516c12
global/mission_ss/032.bin	34816	968fe6cc0507e863316e7aec4648eb8a672979a4
global/mission_ss/033.bin	30720	d01686eb3a496fab28f4bd3656e06a86414931d3
global/mission_ss/034.bin	28672	a27a52fde7050c6fd34116af8d126fde1aaad596
global/mission_ss/035.bin	30720	decd48640063747738ca8acfcaedc4adc91a8ce7
global/mission_ss/036.bin	30720	e11400e7240b9d184d07eb25a7bb5efa04e51f16
global/mission_ss/037.bin	28672	0a6aa122f4b6fa64b5ae930c227a42b884fb15f1
global/mission_ss/038.bin	30720	a3cf75b5a46cc3387cdbaf058d43450df63e37be
global/mission_ss/039.bin	26624	1138776f073e7bd5efc95262fb8eb0ce66ab79ef
global/mission_ss/040.bin	32768	f5f49db561d561e310c35343904fb1928aa00c8e
global/mission_ss/041.bin	34816	c9ef1aee6c401945d2d4a1d80bfe61b023b52703
global/mission_ss/042.bin	34816	4723978da79f48b95c4fe7e3e3ac96281e2c72d0
global/mission_ss/043.bin	32768	1bafa4e65fd3b8cc6238c68d2544d5ef5c34918c
global/mission_ss/044.bin	32768	3107cb5ad880b1a2719e23f6ed4f8260e1f4a93f
global/mission_ss/045.bin	30720	a0ae439371e2921da7c60d9e07bb62df2d23a2a8
global/mission_ss/046.bin	26624	9677864c6f9c088954a7c361ce7bc0fe7fd89443
global/mission_ss/047.bin	24576	689b0e8dcee25e31dea51a5d5d75c7342e5150fc
global/mission_ss/048.bin	32768	43f51ffb0ff9e3c269b0d633d8257573e319ad03
global/mission_ss/049.bin	28672	d2b12744f00d1bca5e3ae518e4508406fbcd9fe1
global/mission_ss/050.bin	28672	e3cfc6fff18300a8a38bf97ed2fc8fde4d047565
global/mission_ss/051.bin	28672	7fba50b4098e6d4b7eff8abf9a49c6861804b08f
global/mission_ss/052.bin	26624	f9bd4d30e27210a3afaa9a05f7193e45aa74cb39
global/mission_ss/053.bin	22528	e0b51e83a77e16cc6594e2efe0a0c1e0397e1cf3
global/mission_ss/054.bin	32768	ec3b85034d0549943449827aa51591f8e64bb224
global/mission_ss/055.bin	30720	06ec9be8a6682fb194fda975e7b34b417660cf29
global/mission_ss/056.bin	30720	569f1a0c6acf624d576fa20a2a93747ba5611824
global/mission_ss/057.bin	28672	0d305d443645c943abe7eb96636dd5ce393bb80a
global/mission_ss/058.bin	28672	600a8c0edf6ca69cc4aaf25d6f3d12e0d5cf8d51
global/mission_ss/059.bin	26624	9436160b0d704d973db62ca982074adab40bae07
global/mission_ss/060.bin	26624	49af3cb5c40913363daa9185f37c8d7753a61af3
global/mission_ss/061.bin	22528	d312f8488de0860fcc77ee4902e6ade44357fb2d
global/mission_ss/062.bin	32768	f6a0b332153ca76cebab9b672646a1ea2e584e52
global/mission_ss/063.bin	32768	f6a0b332153ca76cebab9b672646a1ea2e584e52
global/mission_ss/064.bin	36864	064c93338fdd4d8dd607d21a7e213e5b9b2fd960
global/mission_ss/065.bin	32768	a6ff263d9fbf618acfdb95787ab068aa9bd4eee4
global/mission_ss/066.bin	30720	8c2daabe93908131a7c086031e670baf729716d7
global/mission_ss/067.bin	26624	3cd90a7f62ed3dcac857149128c80665de5493da
global/mission_ss/068.bin	28672	7e30f01b308836d8a8e20691c8923fccf98e5c4b
global/mission_ss/069.bin	28672	7044c16dd89bca8fb124ffdebb8b0e9e303b8aaa
global/mission_ss/070.bin	28672	7044c16dd89bca8fb124ffdebb8b0e9e303b8aaa
global/mission_ss/071.bin	30720	be969277ada73bdca6a650e1b37055803ee81f97
global/mission_ss/072.bin	30720	be969277ada73bdca6a650e1b37055803ee81f97
global/mission_ss/073.bin	30720	b8c9f59b106dee68636cfef27dd4a1fe40a8c023
global/mission_ss/074.bin	30720	56e2eae57b30a7573ec3dc129f74c1f75d5ff71e
global/mission_ss/075.bin	26624	5a3cad4fe72a8dab0a911aeaf49bea4b83c4cae9
global/mission_ss/076.bin	30720	ca8ae00286a10f2e562205c3b1f8bd1f6a49d7ea
global/mission_ss/077.bin	28672	6891bc4438c7fbc39a98908f778b204bfc4cf673
global/mission_ss/078.bin	22528	62593d7b3ef77c90ecea71f2bba464207f22a186
global/mission_ss/079.bin	26624	2533a1bbdcfbb06f1901c4022e4c0b48f4b33729
global/mission_ss/080.bin	30720	96a158c58328abb32cd1942d71b258bd4fd6a31b
global/planets/000.bin	28672	32fa7a47dd4741a35dc86c2076d862c05aba1814
global/planets/001.bin	30720	18c00cdb9a534c81e4d42f3adbfc82efa85cd72f
global/planets/002.bin	28672	35ca1c7d8db9cfca97ecdf225ada98ff766cbdcb
global/planets/003.bin	30720	772141010060d0267d09143b213660632b6be345
global/planets/004.bin	26624	3822786b28beb0edaf090346386e6c94d81ff442
global/planets/005.bin	26624	c847e908b000f8380a124a4476b3c03589ad575b
global/planets/006.bin	24576	bee07b4ed4cdeb5c7fa91347cd074d7f021c2fea
global/planets/007.bin	26624	c1984304e7e880a8554385d159d8f2c22733e655
global/planets/008.bin	32768	135077bd46c041d5fdc84f29a3473a137c2a1ccc
global/planets/009.bin	28672	2fc6b8082c86cf4bb055acb32aec70d94a0f3400
global/planets/010.bin	32768	d5390981d1da94daabf02efc329aa140bb05e4bb
global/planets/011.bin	30720	016779af391f63a7da5621ea98648c1b607b6bf0
global/planets/012.bin	30720	580ada778e8bc349eaaaf5b4b8c0292cb3d5f636
global/planets/013.bin	28672	7b8da8335f802ef310475b79adf580758d028d34
global/planets/014.bin	32768	d28572b38ee63b45b1af1ed5e2f045a1099f4ffe
global/planets/015.bin	28672	c3c6605cf9c21f985f8254f44b0ce0d49b3f1967
global/planets/016.bin	30720	12a0c20292cb7e3604c3d71eac45a1a9be3ccde9
global/planets/017.bin	22528	ac587e8ae3ae9b2a2be4f1bd684d1556b1c0ded4
global/planets/018.bin	28672	32fa7a47dd4741a35dc86c2076d862c05aba1814
global/unknown_0820/000.bin	143360	23be234c81838de502e9a64b7f6d4cae1d43ecc6
global/unknown_0820/001.bin	129024	5d01d5dbe5be16d10ea83768316f05bbd3a191f9
global/unknown_0820/002.bin	176128	d3d75a807d571bc0d26fb1a79b5a7ec45dd8155a
global/unknown_0820/003.bin	153600	65d9c358f0d283237802261d17b535ce481ed2dc
global/unknown_0820/004.bin	172032	5f49f9db97cbb1bb615a67f23f77f405bd5863dc
global/unknown_0820/005.bin	268288	c6a42006d5137525adc9890e337ebaa48bf580ee
global/unknown_0820/006.bin	174080	c88a961fa6d3b75173726261a714a45101ac2596
global/unknown_0820/007.bin	280576	27dac067c675a623d7a46574c52fea883a5ca3af
global/unknown_0820/008.bin	182272	7361031d41a0d022cde68902dbc22e247e9efc07
global/unknown_0820/009.bin	256000	a5fc69d68591a123669d2932104c13222949af5d
global/unknown_0820/010.bin	247808	2b8ffffefc2db2d0eb5fc366621eecd31c661072
global/unknown_0820/011.bin	282624	94e6e456aaefb3ca1324eb00cc83be904e81f095
global/unknown_0820/012.bin	268288	ffe49639b7948f686a6e4e985911027ab1b23e0f
global/unknown_0820/013.bin	114688	d9984c92bd343704f4cb3d81b4abb249491d191d
global/unknown_0820/014.bin	108544	7b59a9fa5a6b8c3cb501f0fefced27008acc51e4
global/unknown_0820/015.bin	157696	19e2f0a8debe1346b12bfdd55b85eaa91ba53226
global/unknown_0820/016.bin	215040	ecee82cfe187f12096b25b432ae21a9b91f08967
global/unknown_0820/017.bin	161792	fca0a569a888b3212a5e623d60bd8672c4e5286c
global/unknown_0820/018.bin	176128	51140dfba6799009283e42a2483cdfc44e31666b
global/unknown_0820/019.bin	143360	23be234c81838de502e9a64b7f6d4cae1d43ecc6
global/unknown_0820/020.bin	135168	c997e82cc4e7e6cab2a4e363ae7e53cee04bb577
global/unknown_0820/021.bin	176128	ae4a0e799a03a046c290e9992355f72191794715
global/unknown_0820/022.bin	153600	a0d436a402816933c921c724fc402b3c5820e241
global/unknown_0820/023.bin	172032	5f49f9db97cbb1bb615a67f23f77f405bd5863dc
global/unknown_0820/024.bin	268288	8f74a9992eba2a926151f5d99313283b06880096
global/unknown_0820/025.bin	174080	68b4a8ba983bec7460e4cc80cdf296d052dd35f7
global/unknown_0820/026.bin	282624	e976610211515b73ae2c1366ba4d810e6810477f
global/unknown_0820/027.bin	182272	641b13de311e3085d9357f8215fab9f3500ca987
global/unknown_0820/028.bin	258048	e7017e64e0f195aac2e3b5861e4af9cd2f8d0902
global/unknown_0820/029.bin	251904	85674b6dbd4c265fb7ea7f18f0c70ea46b9d1ba6
global/unknown_0820/030.bin	288768	7694520d89298d91516da707c7b0a4877f2afb3b
global/unknown_0820/031.bin	270336	4129743d144405887ebef73b4c8ba48f253f0d33
global/unknown_0820/032.bin	114688	1c2642df6750e5add8f0f4e8c400609cc48e0c84
global/unknown_0820/033.bin	108544	a41204de5310e2b630f5bc20f82d0c8288363fcd
global/unknown_0820/034.bin	157696	8449f86fd736c986338d1b7579124e969f165ad8
global/unknown_0820/035.bin	215040	5119e2c628e1b740479b189c12ebe42273cdf9a8
global/unknown_0820/036.bin	161792	20033709426ebf59749c3f842a7b9b786c3de0bf
global/unknown_0820/037.bin	178176	ec4ffbde06822e80e89847b7f360bd852f66225e
global/goodies_images/000.bin	32768	6e27440f35e98ff275f7448cca13c5966d7ccf74
global/goodies_images/001.bin	38912	5a4d289e4e78593dd5fb5caf9837a67fb1af51cf
global/goodies_images/002.bin	38912	abce89e201f7499a1d1df3c393319fcc466620f2
global/goodies_images/003.bin	40960	a1eea03c00ae8e9ae33356c76bbb6eb3b51229db
global/goodies_images/004.bin	38912	0940ff06a800515d047c682ae0b28505d846fc1e
global/goodies_images/005.bin	61440	71cc418e3ef86feba08a53e3da382d601ecbb87b
global/goodies_images/006.bin	40960	405e13e8b008d4c2130c1468841a1efedeb1546b
global/goodies_images/007.bin	34816	42a5f4c7cba3242192e26563d133090b01fa621c
global/goodies_images/008.bin	36864	fed174fa05ffd542489ce52b308fb4d9cb9bebb4
global/goodies_images/009.bin	34816	9d03721483ed8154f00caab642aff16082b997fe
global/character_sketches/000.bin	26624	3a77607fba0abb325eaaec45de4c594650271884
global/character_sketches/001.bin	24576	cc10b58dd78cbe7512fb5acc0c7b55bd6d0c0e76
global/character_sketches/002.bin	26624	2156385c79a181722aa6733b0e9be004b4b841dd
global/character_sketches/003.bin	24576	7c9866fa4ea2a2a2d1db3ef7e1fb9889f7077d94
global/character_sketches/004.bin	24576	5487857ee54ce1a6ba42b7ecaf58f08775307c29
global/character_sketches/005.bin	22528	1252cfe9a9e08aa9de647d502d55284ac0f7de5a
global/character_sketches/006.bin	24576	314000cbfea136db798ecfcae1323d7d42e95a66
global/character_sketches/007.bin	24576	4d40d93f804c5721e990756a8fe07faa5586f40c
global/character_sketches/008.bin	28672	36fc249409aec625e10e9e391cc28c5c12909518
global/character_sketches/009.bin	22528	27b793baa44e36a34fd335312d8037498d5108cd
global/character_sketches/010.bin	26624	6e4dfcb8c941234472a710ad95000f56744ce030
global/character_sketches/011.bin	26624	9d84b33d79778661e3b202843f2c8e2984129317
global/character_sketches/012.bin	24576	227c923960a4e937449a73e13658af6fb3a1bd27
global/character_sketches/013.bin	22528	358e486ed1c72b6c62c8fdd2f987478e93ea9611
global/character_sketches/014.bin	26624	8c3ad78182ce34c725428481938cc55bd09a2684
global/character_sketches/015.bin	24576	b10b7d698c52a4226144707fe399f6f76d150521
global/character_sketches/016.bin	24576	6613619ed0fdb99813c351762b8650e48f63f25b
global/character_sketches/017.bin	22528	f680045bd441e461799f0d0b4e71dff465dfe5d0
global/character_sketches/018.bin	24576	f917a043eb9b685702f1c6f9f90a1c07db019d98
global/character_renders/000.bin	16384	634c0f9659a2d7ddbb6ea54c638516c5fcd87be4
global/character_renders/001.bin	14336	977bd4b3ce67dbfad29f3ffada71d113ce449c2d
global/character_renders/002.bin	16384	6393cf04bab37ad10f25ddfc365f5660794b3c8e
global/character_renders/003.bin	18432	f4f797123406a43332500dd2cd51fd197fde66dd
global/character_renders/004.bin	16384	3d2aac62b90d98bf1e17fad5e4b98c34e56521c3
global/character_renders/005.bin	18432	1d9af91b4f3351273bba7b6468a08da9f8482769
global/character_renders/006.bin	16384	652b9193f88998e64d6f82804060580d05790329
global/character_renders/007.bin	16384	f9034861e13a713089b6528b5ff5ff52a4d75f50
global/character_renders/008.bin	18432	2be344b30a838fe056bd9fa36a50ca06149c63a5
global/character_renders/009.bin	16384	cbf3ae3fdabbf6f0ced766632318fc9433d20151
global/character_renders/010.bin	16384	cd7718ff5d03fa195110d1bdddfbabf8f841bf10
global/character_renders/011.bin	16384	2587bd4839a3688dce9acbdb8984ed3e51229bc6
global/character_renders/012.bin	20480	c7bd8c99726068d3bd21c0f0d5a1f0c2b3bcb420
global/character_renders/013.bin	12288	42817c38db7207471d5081f6c35e0b74a76610f2
global/character_renders/014.bin	20480	76aea3a943fd674ec242cede90f745b208ea5adb
global/character_renders/015.bin	14336	922aab64caf6ab2cdb15624b390e3929216aadaf
global/character_renders/016.bin	18432	2d4c7f9225d0f2d2b095a88a2ce3aaa79c28beeb
global/character_renders/017.bin	16384	a44269b918365a8d342db0db0d78e0bd31e1a0d2
global/character_renders/018.bin	16384	49b8df902f185234460df553ddbe26bfa3a1412c
global/skill_images/000.bin	32768	44a84aa8d9175c3226036d15575fac3fd024ea75
global/skill_images/001.bin	24576	989ecec6e477eb8ab5ce4478db8876a6eca97bfe
global/skill_images/002.bin	22528	3b1eb0f00b0ffd9a05f84eb75fb2525b1e2a64c4
global/skill_images/003.bin	34816	076806ed1a5e884965d22ac52d2a6844a6b9822a
global/skill_images/004.bin	32768	095230574ba9f5bec0fe3573a52cd1a63d2cd805
global/skill_images/005.bin	34816	c50e60a01a4fdfffacdd2032ad9b5765b10ec22b
global/skill_images/006.bin	32768	d57afdfd66d97946efc60563e162203b98dc23dd
global/skill_images/007.bin	26624	9b2281301fb625c2b3a3316a00e2e97dc2104232
global/skill_images/008.bin	28672	71627a079121704612b22e69c2557c42738a9b5a
global/skill_images/009.bin	24576	370683d08ab8ab080e2b5653ba5b4c2dc71ebb93
global/skill_images/010.bin	30720	ee11c6f4d10d5d7f710a5499e3e61516e4534096
global/skill_images/011.bin	32768	19503b4c0029497efe440ffc3daf190a3dfd7b86
global/skill_images/012.bin	34816	f7c73fd2c3c0da296e6dffe3c545afd684269e1a
global/skill_images/013.bin	36864	a2190377b8200ec1d6b6bcefdc3cc1c0178ae608
global/skill_images/014.bin	36864	5d33325b11114f9f780a855d974db128231ec73d
global/skill_images/015.bin	24576	d014dd752209904277350ed1b53e7db1b432d719
global/skill_images/016.bin	30720	8c31999b3392c815a3796fd6b61f89d693a07782
global/skill_images/017.bin	32768	babd4c99bfd2e999c290504571e791e5b143a08a
global/skill_images/018.bin	30720	8c91e2615a9675d70d0789b4d0f1ecc1c2e24a11
global/skill_images/019.bin	26624	c26fe313e591ecddd04ea45f6113d93026980722
global/skill_images/020.bin	32768	94231207f75c2208e18c0822284da873de90a892
global/skill_images/021.bin	30720	8be16c71b7ac677b5d62b025ad6d3e2b768fcc07
global/skill_images/022.bin	30720	308bde121317a39a74ba3cdfae992ca4be55319a
global/skill_images/023.bin	34816	315c6be19806a3e4370bc0ce5b99f7547cb2bdbe
global/skill_images/024.bin	30720	b3a6a9f0d2a1f7bc5a756204dad0b89decbd4675
global/skill_images/025.bin	32768	22317d7dfdda7fd4efacdce17b98b2b2427e79fe
global/skill_images/026.bin	30720	3ed9ea0b111997d0a6d177a1ff4755861bab8f47
global/skill_images/027.bin	24576	dbc56bc563e074a7a3560961dbf43ceb2667d601
global/skill_images/028.bin	24576	057479a4f4648bd9ab5ba05e65cdf13f548388ba
global/skill_images/029.bin	32768	602e53e3b2503bfedbf862514ed9ce9a0a584032
global/skill_images/030.bin	20480	b7f0b428595b341f32d90ccf19b5a31fc4755bac
global/epilogue_english/000.bin	57344	c28d2c8120bc520665e5482ce227be992685e1ce
global/epilogue_english/001.bin	55296	88a2889dc557500cb075d3a5a5a0614dfbf73f15
global/epilogue_english/002.bin	71680	5335fac6a10778c1be05e835def4d467aed8f9b5
global/epilogue_english/003.bin	67584	351d48d208c57bc6847f3d808b2c758a2bacd44b
global/epilogue_english/004.bin	59392	8053db57a99138ae87315855d71c753d71f3e95e
global/epilogue_english/005.bin	61440	f4de4a7cedc673d00f23879e847df63e56d194ac
global/epilogue_english/006.bin	67584	102cb4b951d34e551657756a4550550d127220ce
global/epilogue_english/007.bin	57344	1cecaf359b350779f7913b2ccd12d93b2b2da800
global/epilogue_english/008.bin	55296	e915c4b265b702c78a265319a35eef2c5c0bb7e3
global/epilogue_english/009.bin	71680	ca3a61635b03911418901ca2bfd4fa16c58fe5c7
global/epilogue_english/010.bin	63488	6e55a0770bf3469ba81471a56f2dda317a949212
global/epilogue_english/011.bin	51200	92561cfd9398e79bae03570934b77487cd66e64a
global/epilogue_french/000.bin	57344	82c16946a02a0f0c82fb7b2311bcbfc50383332f
global/epilogue_french/001.bin	49152	9f934701e5cad41c2510f26c9ba683681b766933
global/epilogue_french/002.bin	69632	08c3e0211f87e576b8a7d7fb88ad787b263b376a
global/epilogue_french/003.bin	67584	b399ad1cec8f328daab3b0ea0bb4082d87a9e0b1
global/epilogue_french/004.bin	61440	52b6f84790c8be29650c593ee90fa67d99eb9a2d
global/epilogue_french/005.bin	57344	3d77fc8f6d46f2eece86a77ef5bcd2a321a08fcf
global/epilogue_french/006.bin	67584	f1d8eb5c8b58776574cc6c820a4b597c587f0473
global/epilogue_french/007.bin	61440	a367f5e64e29608d0cd9c76daff1a5dbfa090933
global/epilogue_french/008.bin	57344	87d4bfb43518b163683c572e87cec62fb4448c5c
global/epilogue_french/009.bin	71680	f01873b81c6dd80c4326baaf82d28af7b6f16820
global/epilogue_french/010.bin	61440	ef4e5a4984c61ca7db6f2c2d42c76a837671f6a1
global/epilogue_french/011.bin	53248	6cb6b1a05a8224ef9aad3268f693848c7e30c17e
global/epilogue_italian/000.bin	57344	0e4cc273cdc811b1ecc0e1aaa9c8dd1da75d964f
global/epilogue_italian/001.bin	47104	74fc51489940d5fa9da319e5f0d30db20f270dc7
global/epilogue_italian/002.bin	71680	bbc44bb51d5d22f9f218ab9d7af473d9b8119522
global/epilogue_italian/003.bin	65536	192a7a9675bc163bd683e63d39c4534dc1757623
global/epilogue_italian/004.bin	59392	9baf5cab62630b993b7d01e3b9faa7f577f579fa
global/epilogue_italian/005.bin	57344	fbaf170d5a40c70e4c1b239ce38510de17c63c99
global/epilogue_italian/006.bin	67584	edaa6ca255605cc645d3142c9bc1a3107308c471
global/epilogue_italian/007.bin	59392	5cc7793d3d96deee595e2c687f75b76ce8b25794
global/epilogue_italian/008.bin	55296	50e91cf3468404d4e16399003943b354424a52b7
global/epilogue_italian/009.bin	69632	cd8ffbfc0a194bcfc5107e3c1fda3e390f99c5c4
global/epilogue_italian/010.bin	63488	59a3e92a853c6eb1fbe9deb562ad9cf7dba92757
global/epilogue_italian/011.bin	51200	2b285b39c786c8e5d06b0e8c78bd4b39a9e9f5a6
global/epilogue_german/000.bin	57344	42e0fcb863eee6f29913e80189952e91fc8dd313
global/epilogue_german/001.bin	53248	65f4cad9b4a4ade561d72268ba742bdfac261d3a
global/epilogue_german/002.bin	73728	799bd887da48cb881daa9da1024da8c22d0fec41
global/epilogue_german/003.bin	65536	e74ba39a9c8a518e919bc15c124bee578a375334
global/epilogue_german/004.bin	59392	9c51fc82f30d7b2392d34c02c1cfa4dae07dcaca
global/epilogue_german/005.bin	57344	f068be35d584445e1429a03998bf0de446896f0f
global/epilogue_german/006.bin	67584	3fe58065d1f2b89d9088b34dfe75250964ccb471
global/epilogue_german/007.bin	59392	f25bd8a9433d240b8c5e2cf66ba45acf27f7d20f
global/epilogue_german/008.bin	55296	dcaad5461fa515ee99220ebd3964871bd5cdc8e3
global/epilogue_german/009.bin	71680	aca21b7c687910d657f2b2caec0279288d7289a3
global/epilogue_german/010.bin	63488	e38eb6652719fddf4d6845b4b3370e28d9f71711
global/epilogue_german/011.bin	51200	2a0a1bf1f2d9b66de9b9f9c17fb7069dfb04f8e4
global/epilogue_spanish/000.bin	59392	d7733f51599c8a1eb17f3937f7997dba5c6dd205
global/epilogue_spanish/001.bin	55296	e7cfff0601d5fa80874c9f8d84fd930bd7c23703
global/epilogue_spanish/002.bin	75776	34bb75bfb6f2a5e9f2bf2a435635b79dd07040c1
global/epilogue_spanish/003.bin	67584	600f6b90b5e1ecdddc1afc6b542de2a2f1820195
global/epilogue_spanish/004.bin	59392	f9b1ba53e31bd034525e4695c068f6830e537424
global/epilogue_spanish/005.bin	59392	74248958041616b632c3f9eed019b5ae29fada31
global/epilogue_spanish/006.bin	67584	40b6ce9a495dbc8d93e0a51f9b8eee1fd96a7f12
global/epilogue_spanish/007.bin	61440	b32f2483c21a0f5dca4a0bfce6e6b9af1f0f5226
global/epilogue_spanish/008.bin	57344	f4cd36f2c57f9732ee09c281b97b2754d95287fe
global/epilogue_spanish/009.bin	71680	9b71a0f9c990d6def16d7efe7a3456aafa6d2b34
global/epilogue_spanish/010.bin	63488	c06743b97b4396e2538e50d31cb08d85ad3b1c88
global/epilogue_spanish/011.bin	53248	d63200fbe0dee8e48f441fd25d6492870abe93dd
global/sketchbook/000.bin	38912	7f6bbd6949cabc3101d738708a214794a5029917
global/sketchbook/001.bin	43008	720a717b401689fb760c82d0efa3f030210542da
global/sketchbook/002.bin	38912	a1bdf69572488ea2ba84fee67a785f7dc55f7476
global/sketchbook/003.bin	77824	8b27c62af9c85cd188fecf8ae6f187f458f5e4e4
global/sketchbook/004.bin	73728	06cc87cac81804c5e2f5977d54fd7936157dcb99
global/sketchbook/005.bin	55296	24f5d152701764bdb33fd9db58efc82f125576af
global/sketchbook/006.bin	71680	5145ea0b81475fb4b4a95559f88de936650b4dc0
global/sketchbook/007.bin	92160	c0a8c6306e141ca9e47e93e4efbeac94ac170599
global/sketchbook/008.bin	49152	d04b87b4b37e3bc9193418235b7d9f9fc48c5dcf
global/sketchbook/009.bin	86016	1c272090016a66efde076b0ac40ec259828260e1
global/sketchbook/010.bin	59392	3173d86be5c787a60f4f08726c2ac35fe527ac23
global/sketchbook/011.bin	59392	4fa07758e5f205aebe66fb15eeffd52cf8051d18
global/sketchbook/012.bin	49152	6ec65e2fc823814c7035b1c5272cfa73cc6f253d
global/sketchbook/013.bin	51200	fba2be639d15be4d14b6cad7802e972bb4fafabf
global/sketchbook/014.bin	83968	0254cb9bf31fd9ef6b2f796c440ed21a0dddc7e7
global/sketchbook/015.bin	57344	143debc9bd232fa8160ae341ead37a36b1252fd6
global/sketchbook/016.bin	69632	deca9b18f49af903df932d689fa2a504ee8d0d0c
global/sketchbook/017.bin	51200	f40789ab443d0b0ea994a88654af20d1e04e3aa9
global/sketchbook/018.bin	47104	ab3d392c87e3e1382f387a3e295690c94594744b
global/sketchbook/019.bin	79872	6c6386fefb3050e9d69687a42ab7f0372b44cb3e
global/sketchbook/020.bin	81920	2222894f0d857241a90f61a44e15e7699cd6ab73
global/sketchbook/021.bin	49152	84de2e8e98a8409645e3eb0697ef04fa466d9d16
global/sketchbook/022.bin	73728	8367f68126b9c6d790ba6a4935b73a9e8e9e9d62
global/sketchbook/023.bin	73728	86b63b2e22bb5d61bb9f95bb359a0f152c097278
global/sketchbook/024.bin	75776	368f88d2dca1fc2eaef804f032f6bf389bf5c641
global/sketchbook/025.bin	51200	295882cfd11f2319c12f3f6e7dc8a49126260a2a
global/sketchbook/026.bin	88064	3d57b86aa02f3a401b75bfa6ad423e9a0a3804e7
global/sketchbook/027.bin	59392	2cb779af33d66256713de4a860dd13f4df26c758
global/sketchbook/028.bin	63488	c97e64ac3dba71a4529ae7d6a7b383f5c03ad620
global/sketchbook/029.bin	55296	f3f76a591d1bbd660facc264707a982e1f9b2f51
global/commercials/000.bin	43008	d074303331afbc38dcf2f5015a01b1d56c42f503
global/commercials/001.bin	38912	5ad160bf2e9b4a8a51dd688faf3cc7fbd92abb1b
global/commercials/002.bin	38912	1d023229181e7320766663e94e30d67ea75685e0
global/commercials/003.bin	6144	ef29616a9361b82d14c9b71402312be04442f94b
global/item_images/000.bin	14336	252dbec3bb799db1be5ce2ee46d4da1119e8e614
global/item_images/001.bin	12288	f4d4909aefe050ccafb32b7e13b5420e72bc54de
global/item_images/002.bin	12288	21b4beaf39adcc1cc9d46e9709eecc390ee08035
global/item_images/003.bin	14336	503ebab863cc1793522bce4f718d4919fd5acbdb
global/item_images/004.bin	14336	9fa40e73309f034c8ca19731fc2d7e05cfd13b73
global/item_images/005.bin	14336	e5b8cea8df0b86c414e12a2232403df3a949c1cc
global/item_images/006.bin	14336	ae45aa019d1dc1cab75a2429defa3759bce286a3
global/item_images/007.bin	16384	c4bf8d71ae982d9ff559af3212ecddf0e39e036c
global/item_images/008.bin	14336	00eb2568873a9ac88e2eae1006b07cab1a3ad380
global/qwark_boss_audio/000.bin	94864	53635ab0bac7dca036270aa704da66e2d6947319
global/qwark_boss_audio/002.bin	94864	cd32880c70016f64d1e1c85ad080e213ff873d09
global/qwark_boss_audio/003.bin	94864	841efc824eee8b5f607e2396a735f04547fd142e
global/qwark_boss_audio/004.bin	94864	310bf43bedf27445d69e6a9b34481ea3518fb654
global/qwark_boss_audio/005.bin	94864	e52f3d32b8480b327b056cb68a5f8b77842623a2
global/qwark_boss_audio/006.bin	77888	2bd500dc4ab9024af16fa0ac14d23b7c13b7744c
global/qwark_boss_audio/008.bin	77888	be178e9285abdd58f78a146b4f7293f92845d68b
global/qwark_boss_audio/009.bin	77888	5532bad74c2bccea95ac4c5c96ba73c3ecfbe707
global/qwark_boss_audio/010.bin	77888	7c43afb981b049fe49cbf3a0f61a45600ae77c20
global/qwark_boss_audio/011.bin	77888	d84398a9fea805a20fac02121931417e6c8bb5d1
global/qwark_boss_audio/012.bin	40272	670bac95f52e842011e14d422858f0b26854ef7b
global/qwark_boss_audio/014.bin	40272	e5af6ecc8a7ad50b38437c73d4deacf55542f853
global/qwark_boss_audio/015.bin	40272	e3eb3aad0f1ffd0f6fbeb51961c8cb5198f1d582
global/qwark_boss_audio/016.bin	40272	24ace519e496e66227bef69baaae1b1e6e115ead
global/qwark_boss_audio/017.bin	40272	6f1238f9cc8b51ffdb2848867df3ed93cb3a76dc
global/qwark_boss_audio/018.bin	33408	ccfab9d58413674a58ce6056afc302c3822f3972
global/qwark_boss_audio/020.bin	33408	3e1249c46c31feb4d93d0f05c463746ada4dd4e3
global/qwark_boss_audio/021.bin	33408	04f7d6ec5643d7459011b910fc8e571899f25f88
global/qwark_boss_audio/022.bin	33408	bc8a3ae37ec7be75b3e27bdad81074ee28aafe16
global/qwark_boss_audio/023.bin	33408	64a7c00510194cf6c474730cef6c0560dfbca8e2
global/qwark_boss_audio/024.bin	32048	f7cf637e7f366e3668ebdee41fb196726419b55f
global/qwark_boss_audio/026.bin	32048	b48e052e4c05f9f8013150c876d3b98925b25296
global/qwark_boss_audio/027.bin	32048	bfbc833cce6078ad791df3d13384afbb4e539d68
global/qwark_boss_audio/028.bin	32048	cfa9fb9787a9ee09ece10e1d603e1cb449466b02
global/qwark_boss_audio/029.bin	32048	b6990e1d74531b855be3274fd4694956e32ec3a2
global/qwark_boss_audio/030.bin	60128	de7249d5b3f46b9e902f0148612d541e92a1dbf6
global/qwark_boss_audio/032.bin	60128	ea248f0afe953b703ccce9ad9463d6139f5ffdc2
global/qwark_boss_audio/033.bin	60128	9c4703bdbac52788226a5846daf4c1dd6d9bf0ca
global/qwark_boss_audio/034.bin	60128	ce5838f96c281894ff6865ec2db138651d3bd438
global/qwark_boss_audio/035.bin	60128	da23687872cc3667a1bbf56a266ca37428579b95
global/qwark_boss_audio/036.bin	54048	44790b3a5fbb6e69f131e9a614cabfe4a27ba28d
global/qwark_boss_audio/038.bin	54048	dc1e96220a25f12e28ef2b20c713154bf77fa3eb
global/qwark_boss_audio/039.bin	54048	a1b49da19c7df3e4c49cfbc77d09ba41712a2c70
global/qwark_boss_audio/040.bin	54048	f60c50086c42ff4c8aee58c0e0f0d9acfb392448
global/qwark_boss_audio/041.bin	54048	6009b9716e1b106c0cb18f487bd5954511a8819d
global/qwark_boss_audio/042.bin	33056	318d776162a7e284300b4b7ca997710f7367d932
global/qwark_boss_audio/044.bin	33056	bc1f9ab1cea1be96bced4d902e3f99940c635d28
global/qwark_boss_audio/045.bin	33056	e3aac79d4bef9e58d52d73a0d27b64161e4be4c5
global/qwark_boss_audio/046.bin	33056	d6bdea083107784460c36c272dab84e33e4cf9ed
global/qwark_boss_audio/047.bin	33056	dffe9087af6e5b54b63f607e9a19500c44fd3e55
global/qwark_boss_audio/048.bin	34048	556fa8963688cf5e12bcdc2b98effd1ed754dc83
global/qwark_boss_audio/050.bin	34048	36e6de606011c8362abc67a16769f7695277d692
global/qwark_boss_audio/051.bin	34048	9dc25a4c72ed24aa5858ad25cdbd0fe70333dad1
global/qwark_boss_audio/052.bin	34048	dec2957e5e93634dfd7dac73a45276b53b5fbdfe
global/qwark_boss_audio/053.bin	34048	d2e7751a944f38af13ea9eea8ce9fdaa6b2db42b
global/qwark_boss_audio/054.bin	54784	73da8fe717a9b07594c57440ab2fbe0e2c767824
global/qwark_boss_audio/056.bin	54784	974cb51a5ba29b4587b3d15c524d78da1bf71aa7
global/qwark_boss_audio/057.bin	54784	73f6907d698fb775d1132b0ba3c94b86a3c66b9f
global/qwark_boss_audio/058.bin	54784	cc9f3cd705d5e6c62f2bc45049491ed9ba02140b
global/qwark_boss_audio/059.bin	54784	04a8288aa518de267edf5404b5e1b14240cf6ce0
global/qwark_boss_audio/060.bin	60528	50332d4faa6b65a20fc138cb0abd35b561d1c83b
global/qwark_boss_audio/062.bin	60528	55819619a694823d1ffb3ddb7ed5d0b802deaa0d
global/qwark_boss_audio/063.bin	60528	ae62992643f08dd4d82327a8cbb68b3afce3842c
global/qwark_boss_audio/064.bin	60528	9778e08b45c21446622514a42905df3e72a07f56
global/qwark_boss_audio/065.bin	60528	6ebe1cdc72281410a02d38ff2def837083710c28
global/qwark_boss_audio/066.bin	71584	4084ea4b15251f44b6b9aa5a71e2fb9860265fb6
global/qwark_boss_audio/068.bin	71584	de4f70ffba0e4ddd4967cf6086faf22cfa2c8c4d
global/qwark_boss_audio/069.bin	71584	1c41421df78b04b2fc7f1e0a50946dc96e229327
global/qwark_boss_audio/070.bin	71584	5879c4ef85824f42dc99a7d714112f08c57ae7a6
global/qwark_boss_audio/071.bin	71584	5bde2f0150ae95974c7a7a0a33f70be684535dcf
global/qwark_boss_audio/072.bin	66928	28c30cd584e4010cff4199342cd88ab89df6f0da
global/qwark_boss_audio/074.bin	66928	52ce9dcc645afea9d614ac31624ba5a071591492
global/qwark_boss_audio/075.bin	66928	31286b143d199d36b41ad3c40531822fd9ebc3bc
global/qwark_boss_audio/076.bin	66928	3978b34b6255468d49d1fb0a9ea3001108a678f7
global/qwark_boss_audio/077.bin	66928	5bb1b032ce526c54166da2e15e6ba08d69cb0f7c
global/qwark_boss_audio/078.bin	148096	06174aca674453f8bd803b83249fcb08e4094e5b
global/qwark_boss_audio/080.bin	148096	3a75fe61d0e836bc8eae94ec1a2ad288a693566d
global/qwark_boss_audio/081.bin	148096	6e1372a18f379b2d2d7527e161347b3426ecab0c
global/qwark_boss_audio/082.bin	148096	f225471860c91c46d15ba32f9b117429a8f4fe23
global/qwark_boss_audio/083.bin	148096	b2a380822463550536d012e7a6d65578b07db7ce
global/qwark_boss_audio/084.bin	92592	5c2908d9d2417634c04a321dee3f7e95c71f0b86
global/qwark_boss_audio/086.bin	92032	5bf9a87987b8f82b33ef4fb85d163b85f134ea07
global/qwark_boss_audio/087.bin	92032	8bd1be5d326077812c9c600f6cf65f565a3b0f2f
global/qwark_boss_audio/088.bin	92032	7fe5d0ad4699748ac917c290139308b3ca009a7e
global/qwark_boss_audio/089.bin	92032	bb0f87a73b05e0355aa03fa757eebb6d7747a266
global/qwark_boss_audio/090.bin	91856	71fa3b8dc11b5358e08dbddd29521343195257a2
global/qwark_boss_audio/092.bin	91856	e7b0397f0570ce3bdb5b4f8de357e4c18b85086d
global/qwark_boss_audio/093.bin	91856	4d32f7c474181c1c0e3e2a83c7a447c577914706
global/qwark_boss_audio/094.bin	91856	036143bd2bdc2aaad3f9e277298e87ee813ac0a9
global/qwark_boss_audio/095.bin	91856	cb8128a8971043a51be16c998f6b860bd81c2617
global/qwark_boss_audio/096.bin	101440	2eed991f331b17db2d7183dc08904f5f60617638
global/qwark_boss_audio/098.bin	101440	1e4fcbbd2f6944d45a5fa4e19320340e56422d49
global/qwark_boss_audio/099.bin	101440	45c800f8db4582898f77dddca703552d9f9f94fc
global/qwark_boss_audio/100.bin	101440	e646c4d40b797b6216f76e44b4fdf322682ff453
global/qwark_boss_audio/101.bin	101440	345d10cecfd6f5f6e3e6f42b42100c16c534e4b2
global/qwark_boss_audio/102.bin	132576	2001668d15532597cf99c99d4cb2f818b176e1e8
global/qwark_boss_audio/104.bin	132576	d144be6f1820fa685deefc639f45e065474bd6a8
global/qwark_boss_audio/105.bin	132576	6bb5463184acb659f159280f216d84e29865cdb1
global/qwark_boss_audio/106.bin	132576	3cf3fcd9fa1c00b0ce79b24438271dbc38525522
global/qwark_boss_audio/107.bin	132576	04fbd2f724f3e075a6332e532db83a0cc803073b
global/qwark_boss_audio/108.bin	208736	e7e85bca5068670b0aca7ec04f692227ea6f1a72
global/qwark_boss_audio/110.bin	208736	5862c3a4218f9fbbe093cd6f0f907676d3fdfbfa
global/qwark_boss_audio/111.bin	208736	cf18a3fc1db819594e6026433343215e0f0256b5
global/qwark_boss_audio/112.bin	208736	a6bb00ecfc11d7cdccfad495fc8340ab5209ff82
global/qwark_boss_audio/113.bin	208736	3dae69d510d5d2a8374722b511a374807b3b8fcd
global/qwark_boss_audio/114.bin	121072	df0f356daa1c4228c25a63c7bd6df56b95c325b7
global/qwark_boss_audio/116.bin	121072	32794a7a167cffb8ff4cbb37eb3105979ea788c5
global/qwark_boss_audio/117.bin	121072	e725ec531cb982f6beadd6a5792e2b065b57ab00
global/qwark_boss_audio/118.bin	121072	a6f211124a1e53ca88d3e252f6767c612b6f16c4
global/qwark_boss_audio/119.bin	121072	b93e8abd08b66d27a2d2d955ee65bc38e0e97bab
global/qwark_boss_audio/120.bin	107376	9de0c41ac8a9263bd40532ad9bc4bba2cd506ce4
global/qwark_boss_audio/122.bin	107376	a943dc869b3cf1e10cad42fa11ed8fb3f7e8980f
global/qwark_boss_audio/123.bin	107376	76f23645681802024a47167006abfc5152a561a4
global/qwark_boss_audio/124.bin	107376	12ec00df4f53149298c72a66b83c1d9bbd4b26a4
global/qwark_boss_audio/125.bin	107376	275324788e047449b672ea2c51fe24c58173f16b
global/qwark_boss_audio/126.bin	95136	d9589d83121d21aec327ad7512a494706b69108e
global/qwark_boss_audio/128.bin	95136	f1f975c5807de58c23b684442f5a13d17b43e71f
global/qwark_boss_audio/129.bin	95136	1fc09f35dd66c22490102b10ef7f31af8a55c3cf
global/qwark_boss_audio/130.bin	95136	22253bad4884f525476c0cd5ec2d5a8ddfb930d8
global/qwark_boss_audio/131.bin	95136	7eb480a4e2d97e51c6d6d50014a166c908bfb859
global/qwark_boss_audio/132.bin	61088	ccdc7c327181db87fee7ab2fbb9ed3bdab70d16e
global/qwark_boss_audio/134.bin	61088	f49e58434de2f79af83913fe735840f3b8a06214
global/qwark_boss_audio/135.bin	61088	616a32672fc746f3de98e0acfb0c475727d32992
global/qwark_boss_audio/136.bin	61088	8d940c216011368ce8893de3d835a23ad39dfd3f
global/qwark_boss_audio/137.bin	61088	85226500312f908b0f1e84ea66358d89d2a79c99
global/qwark_boss_audio/138.bin	68656	b79919bc41308db6ec6b1518efef4be787777a91
global/qwark_boss_audio/140.bin	68656	7c0bbf5e2b38aff66a1a7f10cfbe9936cd38aff5
global/qwark_boss_audio/141.bin	68656	dc81d50b58a2c7c1f7013e15d956fee12a2c39c2
global/qwark_boss_audio/142.bin	68656	31a7696ea658a4b2cc042e50228281414a040f88
global/qwark_boss_audio/143.bin	68656	b0d061bf9f54413c805adab6cc74231c02e465c9
global/qwark_boss_audio/144.bin	85648	1c51c1b97e144854b5b8a1bf98ffdcf18915d674
global/qwark_boss_audio/146.bin	85648	396a3285a4db78618f5992389e5674db8e65fb58
global/qwark_boss_audio/147.bin	85648	96ef774542be22356c785a119673543f9c1a81ac
global/qwark_boss_audio/148.bin	85648	52f4fc2adad15b471d8012878e96378c32c7ec50
global/qwark_boss_audio/149.bin	85648	51c7a655e00962b1084fa86a568c4d6fdcba88e3
global/qwark_boss_audio/150.bin	125088	7b0fcd72ea1333d7a1b2c74462f529caea070cb6
global/qwark_boss_audio/152.bin	125088	3d36567e8fe814f42da10675186ce59bd2cd707e
global/qwark_boss_audio/153.bin	125088	f7f75022bf99f65e0949cf65c368cb80f0c0f203
global/qwark_boss_audio/154.bin	125088	7e18aaf7e329bb9f0e994af42fbd048042d388dc
global/qwark_boss_audio/155.bin	125088	36e0b35b8d735d064be4ee03c4881f0c17d2c860
global/qwark_boss_audio/156.bin	106544	b75a90c6eea7538fab8e599cd826c035d760c636
global/qwark_boss_audio/158.bin	106544	38afecd457bf0a45e308c6c59cd9a05edfa8d4aa
global/qwark_boss_audio/159.bin	106544	ad24746fc52c8aec552049ab7317f2320a8d51eb
global/qwark_boss_audio/160.bin	106544	5400a0727a58536cdfbde9a3323e048fc153e26d
global/qwark_boss_audio/161.bin	106544	5d6ecb2987a59235dafe6aed10d66c7b3593a906
global/qwark_boss_audio/162.bin	81072	d8aa6493c0d5564417b76f1a6c6dbb4b77d08ba5
global/qwark_boss_audio/164.bin	81072	e5c5cbc31c524e4db07528dd05bb1638a86d69ce
global/qwark_boss_audio/165.bin	81072	2a83bac3496e8cc8a3d1276c1a450a6646845bc9
global/qwark_boss_audio/166.bin	81072	58b62dfe68eff60cf9c8a3066693cdf127a78d41
global/qwark_boss_audio/167.bin	81072	536d8020711338a9cd1b3fc4bd6a4cebf71a747a
global/qwark_boss_audio/168.bin	78704	4ce3f321b5bc4acb933568ec907a5e78accc44a8
global/qwark_boss_audio/170.bin	78704	68f1e5ddfec4bffac4ab6c8e70baa1a6f7867f5f
global/qwark_boss_audio/171.bin	78704	7b340cd4d694be4ef9b118f34c56f4da11e513e7
global/qwark_boss_audio/172.bin	78704	e04ba8ba70000372cec7b05c0b33577b1d87d7f9
global/qwark_boss_audio/173.bin	78704	232c1fd2700f6136655af36e2a41df8f0d1245d2
global/qwark_boss_audio/174.bin	73680	d8e46a507d8dde61a2c5a788119da29b3897fafd
global/qwark_boss_audio/176.bin	73680	a6339ecf4cfbcdd22b5af58e4810cb59278a30c4
global/qwark_boss_audio/177.bin	73680	7c0dec10874cd9793e140d794738b7ea8506445f
global/qwark_boss_audio/178.bin	73680	9a75aa568d4c6bf06261f2043c4f43462526d31b
global/qwark_boss_audio/179.bin	73680	60eeff5bc13a495c79f36b2d147af0c94a64326a
global/qwark_boss_audio/180.bin	48576	3a62babae7a0efc0eee93d2f6ac8cb408027e77a
global/qwark_boss_audio/182.bin	48576	22c95e8aa36d94e7e5596446e8aeac5062f3ab88
global/qwark_boss_audio/183.bin	48576	d1c72959635c36de031064570c7a7291436cc1ed
global/qwark_boss_audio/184.bin	48576	2a9f6f4e806af9e186fbd4eaa96e5057387fea7b
global/qwark_boss_audio/185.bin	48576	5070b61801150d0110b649698fed3474c47fb542
global/qwark_boss_audio/186.bin	151568	0d801f00ffe76971ae407f2f3cbdc1e83b50c51c
global/qwark_boss_audio/188.bin	151568	e07ba06dee45348d717030b7effde859e780256c
global/qwark_boss_audio/189.bin	151568	bbabf211d56cbd5c633be6f8486039afafd59b78
global/qwark_boss_audio/190.bin	151568	42fdac23d4b5cd4d8aadee8237ed2c853cfc6743
global/qwark_boss_audio/191.bin	151568	b24158d0501a6649193392d27cfde3a295241bbe
global/qwark_boss_audio/192.bin	84816	672ce21b677b810472637ae54957571678214367
global/qwark_boss_audio/194.bin	84816	50fcffb972e7b696a569ea5bf86c6b83a376cc4d
global/qwark_boss_audio/195.bin	84816	ee92626d8ad5a347272472a44647c5aa305a4660
global/qwark_boss_audio/196.bin	84816	ac5e486af7db3b41d600ee0be774b1d20d19adaa
global/qwark_boss_audio/197.bin	84816	91866afb7d8fdb2c5cc8d8e22cc47b371e33a40d
global/qwark_boss_audio/198.bin	116784	b10aa45403b5a99f3ce0bb446fa09996881fcba1
global/qwark_boss_audio/200.bin	116784	0d11dd2e7695c6729832b77880eb7f07e5e88b1a
global/qwark_boss_audio/201.bin	116784	922169919eede7e9ea5d90d6d4ae819f07a66795
global/qwark_boss_audio/202.bin	116784	b2ffa00d3c4759c8ad10bdcc5cb48e1794a7116a
global/qwark_boss_audio/203.bin	116784	7048e7bc68f77c34acbf0e25bdfbcf044a2569e2
global/qwark_boss_audio/204.bin	59168	bbd3ce2285354c94fb373783763c848097418dce
global/qwark_boss_audio/206.bin	59168	367b7b0696b7edc4ed4033a8bbb02f62ce19924f
global/qwark_boss_audio/207.bin	59168	0022e042c002d04bcce73edb01c9c682c08fe5e4
global/qwark_boss_audio/208.bin	59168	fde179c902362134e341e648a91113e8442296ec
global/qwark_boss_audio/209.bin	59168	4bb009bacbb00a191a7f67f5ac243c17059e6969
global/qwark_boss_audio/210.bin	68160	1497a7272166a89c55e9ab8f86cc03457bf155a0
global/qwark_boss_audio/212.bin	68160	f1e9af4ac158b3e529a167ccb361a92da10808fc
global/qwark_boss_audio/213.bin	68160	444a58a4d1666b1ed2ec32f39d46151e7062d1d0
global/qwark_boss_audio/214.bin	68160	6d1ef2662de8824c5fbda613b0290a14e0cf6aa1
global/qwark_boss_audio/215.bin	68160	6daa9915d63593b46924e3074b3005b2c011c33b
global/qwark_boss_audio/216.bin	68160	1497a7272166a89c55e9ab8f86cc03457bf155a0
global/qwark_boss_audio/218.bin	68160	c985f4445a677b11aca6fe511a2726f48395fa66
global/qwark_boss_audio/219.bin	68160	444a58a4d1666b1ed2ec32f39d46151e7062d1d0
global/qwark_boss_audio/220.bin	68160	2cd33d8c5756b160db43492d15613f1b77ee9c59
global/qwark_boss_audio/221.bin	68160	de0859f3e9f58c353613c3511cfd3471f7820d93
global/irx.bin	331776	92e8e5f22388af55f61c43235a454a83c2dffe0a
global/spaceships/000.bin	337920	772db5049f1075456dc3aac8532d1993c4232ac0
global/spaceships/001.bin	360448	e66671c8be830b59eb16ca341b207677b3802f35
global/spaceships/002.bin	331776	ead2fc09a661e8b168de9d7458e18c7bcb9176d9
global/spaceships/003.bin	323584	af5ad2f43c3d89efa748a4f9902dcc9dcb6c2520
global/unknown_12e8/000.bin	176128	bd4e6206cdca0201d5fc24ed408518ba55256315
global/unknown_12e8/001.bin	229376	ebbf3ceaceaf64de9f4bfa59d531c10dfc241188
global/unknown_12e8/002.bin	237568	5d770160152e5d142859721ec03c323d9ab219fa
global/unknown_12e8/003.bin	225280	19fcc1f6e78024112c20eb8469a00aba7f8320cd
global/unknown_12e8/004.bin	331776	ad392bc97315a2228cf349963a14578a80b61a0b
global/unknown_12e8/005.bin	348160	3616de26dc7bc4398f0f58e39ebcc44422f5d410
global/unknown_12e8/006.bin	344064	733c122f784214fc2d2d33d280f4a45027ddd46b
global/unknown_12e8/007.bin	358400	d7ac41af76f00ba5197575ad25335664ef652729
global/unknown_12e8/008.bin	219136	c26aa5e6648637b337febb141925eb8d0397b442
global/unknown_12e8/009.bin	374784	965ba9ca445e9da0ba2edb5b8aa69ad62c4f6c75
global/unknown_12e8/010.bin	155648	154dd39cd4e018faa1d116c4248bffb790d346c3
global/unknown_12e8/011.bin	200704	fb62996ca82474837442d9c10a0eb96ab7e3eb4f
global/unknown_12e8/012.bin	204800	28ca414139f52a57068f562e8d5d93ad0a3f7837
global/unknown_12e8/013.bin	194560	fb588235577e921a768770ab41fccabe8ebd841c
global/unknown_12e8/014.bin	288768	f4778b04c073f81d0a0174310e2a0575718ddca7
global/unknown_12e8/015.bin	301056	13a33dd68910240da9bfbd5cb72027c9c7644577
global/unknown_12e8/016.bin	296960	1a96bcb96031776d23eee51591d94d7e27cc833a
global/unknown_12e8/017.bin	313344	febb7802debe25d9c7e6ea6c99711f5a3ff2d4a3
global/unknown_12e8/018.bin	190464	09be54f85309b3780b7696867906caede58ff3a9
global/unknown_12e8/019.bin	325632	c41f37b5d71b1256058b96c8b66c107fddad1405
global/space_plates/000.bin	40960	17bc85d56efdbc13ddba9906b0092dc23ebc5fdd
global/space_plates/001.bin	43008	6a58f606afc04d448872832835c222e5159786c8
global/space_plates/002.bin	43008	0ff098b2bcfc1605886a34e40c14514c1370d522
global/space_plates/003.bin	45056	f343e7b099e3bcf32ab5f3c7e52b1bc425bd23df
global/space_plates/004.bin	45056	54e2406d994b9c78a2cc8d16e5cc1d44ba153e4d
global/space_plates/005.bin	40960	f69021c23c5c34443bc14f41be2d150340dded91
global/transition.bin	1044480	4317af36dffe4dd7c3bfe4d7cfc1ef2a433a8bc6
global/space_audio/000.bin	315392	9928e7ddcfd4433dec6c5c6bf5011b9f7461b5ce
global/space_audio/001.bin	315392	54cb98823eed619514860dc8af371f22b946b79f
global/space_audio/002.bin	315392	e0cdd59fba3f6aa21416687b5103de1f1c65b363
global/space_audio/003.bin	212992	0bd0085f22a535013c18d6fc63320319576c5ec3
global/space_audio/004.bin	212992	c9ffcaef8025aca8a086987c7fda57674b0bf505
global/space_audio/005.bin	212992	327e724d98b8959d7f144e0f29686830049f9d37
global/space_audio/006.bin	264192	534b2ec6c70c8fca3a0904e779837d75868d6f7f
global/space_audio/007.bin	272384	0a8d48ca15e07497509b873e96ccfa0e50af7edc
global/space_audio/008.bin	210944	139c3ee34b6a8b84bd929a9a97941fbe5d8521fd
global/space_audio/009.bin	315392	06dadecfed1c63d0d62079a5055e1a48970d86ba
global/space_audio/010.bin	215040	197d93ac4773db04d98aa5bfb529d4a09df0c7c4
global/space_audio/011.bin	122880	bd59315c301c3d2e5608de92a692d5ab426adac1
global/space_audio/012.bin	317440	db3229d4732f87a7e53a362b97292961cba68887
global/space_audio/013.bin	215040	598c93c8af3a3bf76d65681fef00a90bfb5f7392
global/space_audio/014.bin	258048	93640bdaea18718600a24558a881dd5ade3e8406
global/space_audio/015.bin	141312	a1752443a01fd6ee16633954d0521a9e4f6fd5c2
global/space_audio/016.bin	141312	d73a6b6fe355937c9c5f3e9c944e0ce07864bd15
global/space_audio/017.bin	145408	e2bfa5a8355db93ea51f9c31c65d29831975e871
global/space_audio/018.bin	315392	cfc87dda69217ba03c3011282aaab8c91aefbdc8
global/space_audio/019.bin	315392	3b7e6be0640ad521146b20a5c149110ca1262688
global/space_audio/020.bin	315392	715193d7280608049013ccbce685860d56af13cf
global/space_audio/021.bin	212992	e5fc705a1a8c1e1b05b0cdd940e92ab5bf0d038f
global/space_audio/022.bin	212992	f159d204b70f96072704a793adbe77a378d70915
global/space_audio/023.bin	212992	f25bb6b84e03f60cc71da3883000f8ba35e4049b
global/space_audio/024.bin	264192	06d888193584b29ce2bde0998dbad1e48953ba07
global/space_audio/025.bin	272384	6f0e69465dcaeb108780dc4b9283385682eef0f2
global/space_audio/026.bin	210944	6a87d2f11782feb4bd0edc2d4046fb2b44991599
global/space_audio/027.bin	315392	c5c52e4e56a416f255cd4e4683ca4595595d40d7
global/space_audio/028.bin	215040	b9f5f6c7343bd3c91ef71bf41d964b22b19730bc
global/space_audio/029.bin	122880	bd59315c301c3d2e5608de92a692d5ab426adac1
global/space_audio/030.bin	317440	699ed2c01b15fc8728edb93cf16b69f45d6622ef
global/space_audio/031.bin	215040	d7dd5cc43e2ef7aaec55d9604cfa392a14eea5eb
global/space_audio/032.bin	258048	344b6edc23b850ce892468521eb5d0e10fa734d2
global/space_audio/033.bin	141312	a1db7e30ba66ace42f27df64591ea330be803197
global/space_audio/034.bin	141312	a3f145675f5a7aeb4bd172b506228354aa778f6c
global/space_audio/035.bin	145408	da896f18ee37a7a759bc3594050a096578a75251
global/sound_bank.bin	153600	62d88b056fd0f3e282ee82c545afd1449a65ec97
global/unknown_14e8.bin	4300800	0c77892d81d09ea0e40ab2b3d5ff927200a32ad1
global/music.bin	2807808	353c57f6b687038eeecd8ada3abefa5733460e73
global/hud_header.bin	6144	defb61aacba0fc0563f02f0213e0838d911483d9
global/hud_banks/000.bin	63488	2c940dca4de035afe83fa3180f22a774c0c28b84
global/hud_banks/001.bin	161792	be4ce416d739bf4e328a33d0743c5b2125c25655
global/hud_banks/002.bin	2048	f921c26f5884d9fcf8a44ae58e14c2414a6fd690
global/hud_banks/003.bin	2048	f921c26f5884d9fcf8a44ae58e14c2414a6fd690
global/hud_banks/004.bin	22528	a8c037f40cb60c23a5919a2825a191b2580f648f
global/all_text.bin	630784	a02dd77a3af0a28b43d7aab18538b48e01f7b674
global/unknown_1530/000.bin	96256	907e81a50a76433f57d9d3a43606d31c41aef8c3
global/unknown_1530/001.bin	81920	4ecd0c46276bf168c6ed0db29a97c19d0bcf83b8
global/unknown_1530/002.bin	83968	67b9efde9416cf8ea4d1f2644c4cf72edc47ff06
global/unknown_1530/003.bin	77824	76442998ef000379d235fc504a9b99319e3b5086
global/unknown_1530/004.bin	92160	6a7d4b4465e908340d7cc60cb425e36176b4c5e6
global/unknown_1530/005.bin	79872	4f1625f4d4b6febfa058e5857cb441f5a7fcda4a
global/unknown_1530/006.bin	90112	e98f01e28d1b932827d39efe0a2f5b81cf35fbdb
global/unknown_1530/007.bin	90112	0f1809cda9149f935288a3f468bb6e6c2951a1f3
global/unknown_1530/008.bin	90112	413f2a6ba4c60c7f78db5ae914175eb1754218f5
global/unknown_1530/009.bin	86016	b18895bf7ad46cfb8e2ebfb1453f00b16c3863b4
global/unknown_1530/010.bin	75776	759bbfdf8fe22e81582bf0793232f8b0a1758d09
global/unknown_1530/011.bin	86016	cdea82821612e151f8dc0a4195eb52e3c711182f
global/unknown_1530/012.bin	86016	490807d561e902d98047682805b3f23d2c8bc7ba
global/unknown_1530/013.bin	83968	b63cd700697264e93a7157c2e0339acb4acb9449
global/unknown_1530/014.bin	83968	7340446ed29196a4ff79bce0b95a191a26678991
global/unknown_1530/015.bin	71680	2ed96685b9affa7deb60c4451911889f3d28e4a1
global/unknown_1530/016.bin	71680	f912b2f2ecbca434ea74ab9e3764c1f4fd409586
global/unknown_1530/017.bin	69632	cd8fa275ed58adf3d96ca8f3c7fa8f6b5be578af
global/unknown_1530/018.bin	77824	aa952db65236e27f989bd6b2f70f469665aebb07
global/unknown_1530/019.bin	69632	c6e25dda5d49898a4a1e9e3883643ecbbe1e3a84
global/unknown_1530/020.bin	75776	8cbe67d5f41a9801ef87dcae1bc7fe9a0cf6df5f
global/unknown_1530/021.bin	79872	0f1e555180760c25862fb6e16b0f4f8b06469dfc
global/unknown_1530/022.bin	79872	38f78e6aa4e25c6f8aaaf4c8ce668a1d7bed8ef5
global/unknown_1530/023.bin	77824	34a01c316e1848a0250e32db9382b7070baecb3b
global/unknown_1530/024.bin	69632	98c131abd274a4a971dd7ef4426064c1855b3f9d
global/unknown_1530/025.bin	75776	c7cf7cf42107bb550583ab498cf2297ed7b402ba
global/unknown_1530/026.bin	73728	d5d72f168a686eb62e0f575936104b5d55941ded
global/unknown_1530/027.bin	73728	eec973fef6bd1c53ff62d982f2bf3d1e045d34f7
global/post_credits_helpdesk_girl_seq.bin	92160	a8f1e83acf2a1a7765252c7e5af04a8c7d3d1dc7
global/post_credits_audio/000.bin	299008	3aea86ec3985422e96af8c3821b20a8c16909ab8
global/post_credits_audio/001.bin	337920	6d2e82bbe06a00860279af05408c95136857f772
global/post_credits_audio/002.bin	339968	3b25500d08accff236e7f7805493816a87f38e28
global/post_credits_audio/003.bin	272384	912e925daa54dcf480e5d54fc69e2223dc274c49
global/post_credits_audio/004.bin	264192	46c7a37ee5afaa89a21a7d181dd37e298bc7568b
global/post_credits_audio/005.bin	299008	3aea86ec3985422e96af8c3821b20a8c16909ab8
global/post_credits_audio/006.bin	215040	7e1fb909e63f4011f6d427ad20deeac2fe2494e7
global/post_credits_audio/007.bin	237568	b7ba773632159016125001ff5d8b1ef3757c78d2
global/post_credits_audio/008.bin	237568	7bfa6bb673f178eb05e8414edb0b451000151f07
global/post_credits_audio/009.bin	204800	4a9b0456ab3efc5365d753dbe222912f6a6f86b1
global/post_credits_audio/010.bin	200704	ca68bb70dcd9b71f2d2e9f1642a77fba1d72572e
global/post_credits_audio/011.bin	215040	7e1fb909e63f4011f6d427ad20deeac2fe2494e7
global/post_credits_audio/012.bin	223232	141e40a403636d53e8644f4f996295c02113ea29
global/post_credits_audio/013.bin	227328	720547d2352c28f1c9aa3fe9a9e3c754c82f08a0
global/post_credits_audio/014.bin	256000	caab3bb1bc884c007f3ae97382c3f4012c5b5616
global/post_credits_audio/015.bin	194560	de6b9f5d44afabeca94dd7ade5026737bab67150
global/post_credits_audio/016.bin	217088	004586f205d8ff0d15921ecb010b35ba529de20b
global/post_credits_audio/017.bin	223232	141e40a403636d53e8644f4f996295c02113ea29
global/credits_images_ntsc/000.bin	851968	598ca32b55c88640bf53f4f757bddee9390440c8
global/credits_images_ntsc/001.bin	851968	89dc58ee948a170567e3ef17ae9086f0a71b442d
global/credits_images_ntsc/002.bin	851968	65bedbc0aee7c0b902c38f01aaa1b40d710de120
global/credits_images_ntsc/003.bin	851968	fd943408cf2a2549dbf7367428935db91b2421e4
global/credits_images_ntsc/004.bin	851968	6c6f6c4c2b6192a4cb78db2fb7c1e11c7f078e90
global/credits_images_ntsc/005.bin	851968	a87bd9fd79c7407c7a24a21e5fe96f29369bd7c1
global/credits_images_ntsc/006.bin	851968	52f055996b057e8f129d00507f3f31ff9e38240b
global/credits_images_ntsc/007.bin	851968	141435fec5263dfaa7c49dd3b76f8583d1991c4e
global/credits_images_ntsc/008.bin	851968	c7e67fca757b2dd7f87df966bbde5bb49239ea3e
global/credits_images_ntsc/009.bin	851968	833c3eab7c43f20e63c821248e94cd4843600eae
global/credits_images_ntsc/010.bin	851968	97e0326c30f75db5d5a25d1b1ae1bc50e965616a
global/credits_images_ntsc/011.bin	851968	4aa129314a02b98a8a9900da2ad5478c1b56924f
global/credits_images_ntsc/012.bin	851968	36f816092d5904d28a559c89d9f2f0e4b7f67223
global/credits_images_ntsc/013.bin	851968	5184659dbf7879d1fa880a0b2eace5c7abac3627
global/credits_images_ntsc/014.bin	851968	b5343b4de159dcb3d3460d449ba83a172a6ade11
global/credits_images_ntsc/015.bin	851968	913aec85f6dc138bf3398707e1661a767ac74278
global/credits_images_ntsc/016.bin	851968	9845cc16dccd7c9a88ed945eafd94ad435f05d8c
global/credits_images_ntsc/017.bin	851968	1018b8b58c21e55caa3af0b5b407c76661f7f6b7
global/credits_images_ntsc/018.bin	851968	efbbf324d20b90bd2b274580cdb4435417128c65
global/credits_images_ntsc/019.bin	851968	7eeed9f8eb4d94bc316d1799f968d98b23b587f7
global/credits_images_pal/000.bin	917504	5b331dbb40f811e82944f8d8b8bd3813793af064
global/credits_images_pal/001.bin	917504	1f61a0c38d87e07728a7a22ac74b044b41542fb4
global/credits_images_pal/002.bin	917504	ecb049973cb991d74627e3b2daafe7b508512c53
global/credits_images_pal/003.bin	917504	a9066712d77b9926db8175abada83bd2739f3def
global/credits_images_pal/004.bin	917504	ba120e75a87b031c3757a56a052b4439da71a103
global/credits_images_pal/005.bin	917504	daf3ffa12eb574bf6d021e01a6206c2eb9c71660
global/credits_images_pal/006.bin	917504	d61514e80b637f0243bc649a416e37fa22362fef
global/credits_images_pal/007.bin	917504	133527c54e9aca36c94fc41cd4d26dc01b2ce89b
global/credits_images_pal/008.bin	917504	343220562d32decb4f37bb3b619952fe650c3000
global/credits_images_pal/009.bin	917504	7213db1f41db8532864dc1b25f9851ff551774c4
global/credits_images_pal/010.bin	917504	800eb9ff57b666bf1e8572da6d181de49d8d1bff
global/credits_images_pal/011.bin	917504	7c827e357bca01655bac05c08451d547fe710dec
global/credits_images_pal/012.bin	917504	135420b33492356e46f16e02242f7678dcbad0bd
global/credits_images_pal/013.bin	917504	cb47fb8f44b4aae900eccb8a39d468972ad194d4
global/credits_images_pal/014.bin	917504	273281c678f33207d566758ed311b295f68be715
global/credits_images_pal/015.bin	917504	39b3b7b1b51fb88942340fd5e88c84360cadc79e
global/credits_images_pal/016.bin	917504	459c1eac64e495dcb0af42a3d230c5f97e338461
global/credits_images_pal/017.bin	917504	a59b1a4bf9376660c08fc23cada980c2fa883512
global/credits_images_pal/018.bin	917504	8e92ad459f04fa3008420a97e80f94078429a8cf
global/credits_images_pal/019.bin	917504	1c22715eb349ca1902d49a33ea9fcf9aa449202f
global/unknown_17e8/000.bin	1150976	a2d5b60697580cfd6eeef4fd2ce16a8eee91e8c4
global/unknown_17e8/001.bin	3299328	647158641d4cb22d0bedb7a855114d55a25fe82f
global/mpegs/000.bin	8110084	8a26ca671d02d194f49429c4cfb8a7237ef8ba5b
global/mpegs/001.bin	9879556	eacc0affb2c43d1ed66c222de66d3b180ff7333a
global/mpegs/003.bin	50462724	7e61424944bce1e563cc9fa32c179af5fc4a14b8
global/mpegs/004.bin	29720580	f342e4daa784474bde2e2c27a479e2043faf3e3b
global/mpegs/005.bin	37552132	fc8414ca7cf5e2ed5fef8d4a8179cc4109d789c9
global/mpegs/006.bin	20119556	b0f6461efef4f8f1584e9b69db76fd25dec73a43
global/mpegs/007.bin	25804804	eb53192d26a2cb706f65ff09c76435ce4db54f51
global/mpegs/008.bin	33161220	1e4aa618b470319c270e4f952b57742771223700
global/mpegs/009.bin	42909700	e5907074c95aedea10438432160d04aed946e19b
global/mpegs/010.bin	21151748	c4d981ad70c64fa57f525c50e5ed306a7919522e
global/mpegs/011.bin	20398084	d675451b6cc0cc6b957cf5b6302697a2dee31623
global/mpegs/012.bin	27213828	e1fdd672cd87fc760da488a7c676f84690cb592a
global/mpegs/013.bin	23330820	71c6fbba4e437b494686ceb6119d40371a512f48
global/mpegs/014.bin	39059460	3021e67b0270d7691cb66b8b601fe407a709b9fd
global/mpegs/015.bin	28278788	35d5f2f6df826a7e3f1ddde986aa20830619577a
global/mpegs/016.bin	18137092	ba96efe7fcce0e86dabd2dea893a62af815233a7
global/mpegs/017.bin	13565956	822b3025ee96b340adaec733b7b1fab3394bfc4c
global/mpegs/018.bin	23576580	4edb4be6a34812f34604285a70d14b215d6b08de
global/mpegs/019.bin	33685508	cf5c9d5aefed27cf6085ee9336e56486b554a032
global/mpegs/020.bin	21561348	b00c1ff90a4b26d3898f768a1b8d70171f342e7c
global/mpegs/022.bin	58605572	393abe4263cfff99152e3466489a5143ee1415a7
global/mpegs/023.bin	26476548	f7eedf075cac0a65b8708b657b1c066be7b8b1e3
global/mpegs/024.bin	43712516	2036fe8e2edda39186e33dd1acc1ea34be4ad81e
global/mpegs/025.bin	23281668	9b3dc6046999590883b7763af6aaa13b40a37eb1
global/mpegs/026.bin	29835268	bab5fad6588a613c7e63e18f2a7caa392314121a
global/mpegs/027.bin	38518788	150f1f9b26bd51f44255593f2af3bb2f7d1f1499
global/mpegs/028.bin	49905668	5d547ab659cb220a00ffea4b3cd877e77b6c9736
global/mpegs/029.bin	24494084	a6c43d2353a1159b7ac831ade85deed205ef43a0
global/mpegs/030.bin	23756804	5539797cb202075320a916034d5ce6ac158becd7
global/mpegs/031.bin	31637508	a49c1e44907007861f9a167242a6a9eefa6c9e40
global/mpegs/032.bin	27181060	9304f01a5f10b1f685d0b348563d85a7a4052815
global/mpegs/033.bin	45285380	77f6dfcc081bf740d86826b7d69b3a2b9654a502
global/mpegs/034.bin	28213252	4c003af97a6e8641c479fde4f18460fc5b7732d6
global/mpegs/035.bin	21086212	58f95f365df2603336d95cf05ff2160dfd4e475c
global/mpegs/036.bin	15761412	ad38c0aaed1045eb00bf25e2f78a81eaa02563fc
global/mpegs/037.bin	27295748	601972e67e32ed58b669d996ab252233e15c2a10
global/mpegs/038.bin	39141380	a0d30d9906829aeddff9f9d762ccde08c3951ca0
global/mpegs/039.bin	25067524	641dc3afbc5eb954d4d8f88f29daf84f2a494072
global/mpegs/040.bin	22413316	5a93f847290dba46ac683150683e4e36313a5c89
global/mpegs/041.bin	42123268	8de60379aa1e36389c431dd880661f9d55a49104
global/mpegs/042.bin	12943364	02d591474d606e1253a0c3fbcd6bfb6529ece271
global/mpegs/043.bin	7749636	d1d9231031d9469896f6434c207b10d924da0e45
global/mpegs/044.bin	19972100	3f7fba5db4cf1f61232d0972fc82eecee5f16744
global/mpegs/045.bin	38780932	618bcf9d72a70bf4198d3cca8de7db70a634e1a3
global/mpegs/046.bin	23396356	d8d0a953806966fa33dea79f392be722129fad6a
global/mpegs/047.bin	29048836	558f1428d73c3ac8ab82f8a147b2f13a42634b66
global/mpegs/048.bin	47742980	3e7a084260b3d633c6057a8cf5181d6d7763252c
global/mpegs/049.bin	21577732	29ab9f9040a560421fd6d2789535791e7a7bda99
global/mpegs/050.bin	20758532	cc6be97bb16bdecb31bf04aa61a9171b1a053d4b
global/mpegs/051.bin	30556164	2484d64618a20e7c6a11037a8148cb55d54cf20a
global/mpegs/052.bin	22315012	ca07531a12408fd7d63bd5ffc3e04341f916d7fb
global/mpegs/053.bin	48807940	52cfdb06ea2bb1d6a6f917c10ede0851e05910ea
global/mpegs/054.bin	15056900	291922f055d0d9fda28c9cb29991c78e4c69bac5
global/mpegs/055.bin	9060356	2fb5d5b887cf8e8bf12c52b05e8c89e3a51e7383
global/mpegs/056.bin	23248900	e389423460463a3fac85ea9f99a182c63b549162
global/mpegs/057.bin	45301764	7cf5d07bfefbee04f74d87ecb204422bc1913dbd
global/mpegs/058.bin	27131908	82bce8aa69739925b68e8239fbf9d1fcb478bd93
global/mpegs/059.bin	33751044	f704a8055fde3a07ea0b5f3e474e1db73c2c1edb
global/mpegs/060.bin	55492612	d9b5ea7fb082d2662ed7c70d974e5a38c5448cbe
global/mpegs/061.bin	25034756	80951e60fbd776f1d2d40efa14319b94da9e2ae8
global/mpegs/062.bin	24117252	a66c9e186b073840878aea8d45729700e35969b2
global/mpegs/063.bin	35340292	dd1b898a8e3a91ac8a1ad28e8bc0766017840b60
global/mpegs/064.bin	19759108	0bdd2fc409c50de16218f81fcd3cef2f46b3f158
global/mpegs/065.bin	25133060	f25b4dc77106d9371fcac58e0f3b78c829c4f7cb
global/mpegs/066.bin	16809988	466978968906f749a39e40c8d90a11b305b767a9
global/mpegs/067.bin	22724612	d0dba74af23a708d5b1943848524d0be1e925c55
global/mpegs/068.bin	29163524	a43109c750526e63661135c2c3d5a609a996de14
global/mpegs/069.bin	19513348	23b5ae37f1577d4749941d0aa0da9b854e4b594e
global/mpegs/070.bin	32882692	9aadd660f0eb47543538dd4d35fc141a2ec38b32
global/mpegs/071.bin	32882692	de10eb037912afa0d338b0362784ac96c7d74b50
global/mpegs/072.bin	32882692	077d718e044e9cda396bb1a8275a9f99d8e55956
global/mpegs/073.bin	353665028	e1c639345a08abbf7a3272b2ef9d94d65659f30f
global/mpegs/075.bin	32899076	6952e03fa0fb1544febe12b14ef12fb7b9177fcc
global/mpegs/076.bin	32899076	a060d33ca8cc4f6bdb660eacab48c70bbb39ad38
global/mpegs/077.bin	32899076	f40629c756dfe1f4679e755dec3d2619bc7de0b0
global/mpegs/078.bin	298745860	a754c12b9838e2aee472b844a9080a3d385717de
global/mpegs/080.bin	17416196	0b898f3a2d761a3aab8b2051030090872fd3c2cd
global/mpegs/081.bin	18972676	6350cde645df415fbae58eb3ba3667f71b159dbe
global/mpegs/082.bin	19873796	a5152bc2a484b3bf26c9c236d6f37297b0c5c3bc
global/mpegs/083.bin	18219012	70bc186503829fc2d76381fa393e3febd5c22b77
global/mpegs/084.bin	21430276	b164652bd67f42c4793eb14f0b22e2122dc5c06c
global/mpegs/085.bin	23199748	f2e9e52c6bb969c61faae220c955266ef023caf5
global/mpegs/086.bin	24428548	65111c9aee911cc17e4d1a64b87fafe651ccd6ff
global/mpegs/087.bin	22315012	48468ff941e0cc011adab7de2ab01fc3ae30f243
global/help_audio/000.bin	249536	ac9d49da93fba5d2ab9ad1e6e69191acf3656ab2
global/help_audio/001.bin	214224	a7c300b74407c4d6a5d778d3704dcc4822c2be7a
global/help_audio/002.bin	200784	2b7cb9c56d8e6afaebcd7c1daf19ede1186ba8a7
global/help_audio/003.bin	245408	e074d9685f5ace92b3c4147549070f9fe44316fa
global/help_audio/004.bin	209312	93e17ffb8178e245c80abe0b2df680541ecee1b3
global/help_audio/005.bin	194384	c62c6adf9e56376f0ca574dc02a2863d7d8e3f98
global/help_audio/006.bin	211360	5d7d3b20771366668613eeb1352b085b8f3b2951
global/help_audio/007.bin	79568	06594c33be7ad177a9ffad9c34a99dae8d72a1dd
global/help_audio/008.bin	156800	7f24af8f7f5b5a4e0c7631ec047dba379475f3c2
global/help_audio/009.bin	245008	f329ce9f39d9c5616989d3081ccf310de8647caa
global/help_audio/010.bin	197968	49491e5a1c928dc6e33d86a82868049b12bd1db4
global/help_audio/011.bin	119472	3d1075feeb572b8ee5280527ed1f1f8ba4f09d8e
global/help_audio/012.bin	213472	2d58e5b7872457accf8268a4965e06d398e962a4
global/help_audio/013.bin	202720	7c4447341ef1401994eb021926eb76a6b58f5e18
global/help_audio/014.bin	218176	67d4cb212792e310390219dba272c2dfbcd73af6
global/help_audio/015.bin	194176	bfc93654426205d8e339880a8b6be29496592b0b
global/help_audio/016.bin	125744	ac4ee6c5a8e03ad01e81692e40935f2aef0f337c
global/help_audio/017.bin	192864	5ba4d7f87009542f551c3f2b49ca632d268c70b5
global/help_audio/018.bin	174272	25704d9be689f3af973d8ec0a9325f79b932819a
global/help_audio/019.bin	242928	9b7d8afa08ccbbeb1ab154b80a5580bc289fe993
global/help_audio/020.bin	192496	e008db49edbe9d0a17f070b9ab081fa495dde812
global/help_audio/021.bin	159328	4b9a0a8c5c549bf96c7c68eae1b0df4e7b002fec
global/help_audio/022.bin	175632	3642001f0ffefcd304d91f4d9e1ccc959ce06d63
global/help_audio/023.bin	197376	1634a4b1263f0cbf2380c38be652fa8586d7647e
global/help_audio/024.bin	164400	e01e9009f40ed314b6fe5a623c946502ce8ab2d0
global/help_audio/025.bin	265392	9846d881ae301c0c0a5aaff4005b323c814034de
global/help_audio/026.bin	198528	e3335d14f50268cf5b668eb148fb41b312982b2a
global/help_audio/027.bin	91472	9a4aac07fe6bb7c04b648c33cc1d4ba7a7891db2
global/help_audio/028.bin	231808	30d3ab38359e2f93b0993982aee8fda687c84a3e
global/help_audio/029.bin	289056	e5d3afea8ddd7c16c77b5019de9710c0eceb0f79
global/help_audio/030.bin	235728	63ed739a5318fcd9d9e4b543227a0abb43a46a35
global/help_audio/031.bin	215424	668d029d74006597f9048d29666be172ab8ab672
global/help_audio/032.bin	82080	8094690e82e31380858d498d2ebe3c90e0ceae43
global/help_audio/033.bin	107264	4a8d6392455bf5c558d9f10235aa9ff9523caff8
global/help_audio/034.bin	156304	05a164287d72133d2dc5787ec8d1a21b3793a0a0
global/help_audio/035.bin	207248	8d3e2ae6596f04bfd805731b57011ea089d83d20
global/help_audio/036.bin	122368	93707522d4c69f42bed16304f2ae3dc487d305d0
global/help_audio/037.bin	134784	17d5bf4e9b79eb86482d9f623f49e2a30210be8a
global/help_audio/038.bin	220880	34c8f34e0ba1e299ea9da9bddd7e075d948130c8
global/help_audio/039.bin	125536	0f7a997e3f810e53dbf255092b9e2a5bee60ca50
global/help_audio/040.bin	217184	6820453c0b457d1363457d1bdbb9d1f281331ce0
global/help_audio/041.bin	227328	a84880cdd493e2ba40d22be09d0605a058d376e8
global/help_audio/042.bin	121456	eff46067e68e75cbe8c634e9963ec7799b737d83
global/help_audio/043.bin	88816	3ece5efc2a55ea6e503a307da450277f9c52cecb
global/help_audio/044.bin	195040	b9a74a34fc4cf478556225815bd6500e0453e93c
global/help_audio/045.bin	274496	510d00fb3a585c32672c8c804bb136bad45d556a
global/help_audio/046.bin	78592	67fc7afaec351fec87a5dfcf2e2f603faaa71f86
global/help_audio/047.bin	160656	9b896efa9df2b7f52ff588935c71614a8d0941ce
global/help_audio/048.bin	176160	decc7a2d8303d699129c00015011d45af9f29f95
global/help_audio/049.bin	120080	d4d4f6b8e825adf1af49bd0059d6633038e2821b
global/help_audio/050.bin	220992	0735fe2caa20cff23546555dce3ee9a0324643ae
global/help_audio/051.bin	295264	c3678a2a8eb74689dfa6fb366fe1593a5d076452
global/help_audio/052.bin	206448	772fc92d78a2597ef4adc5319ff468c1bd01fd89
global/help_audio/054.bin	214576	5507253c28858042a998d695309cc6a36258ef66
global/help_audio/055.bin	151840	e933cf874ca6892fb901230a8f1e0acad7c30a00
global/help_audio/056.bin	289312	87f640124b155a5bd1b2286ca0584510422e9a5a
global/help_audio/057.bin	292480	3084c2631f9d9e3c61f6cb3868a7c1ea330ce0ee
global/help_audio/058.bin	213408	2111b9820dc6457dbda1c0c5804d6591d78e913d
global/help_audio/059.bin	305808	c35593fa896770384784d17027f31d0aace0b7ad
global/help_audio/060.bin	185200	c570977270b4628cd6fde88376197f4bcc625ade
global/help_audio/061.bin	237616	751bedb9e97146bd1220cb34d1079819a6b655ad
global/help_audio/062.bin	152272	995f2489a4794c9324ff3159d31db0d0829e7dca
global/help_audio/064.bin	98544	4e14d0878cc91e768e047c07d79adeebca819e87
global/help_audio/065.bin	77248	f36e383623847fccacd132088124a8786421f838
global/help_audio/066.bin	147392	ef230a296870e875e2b47b3c85e22c08e9d6b5fd
global/help_audio/067.bin	156752	d1b30a38ad76c13a8eda71c321d613624e22964c
global/help_audio/068.bin	187504	eca46b95ba1fb8b7450536e547e121de1591a235
global/help_audio/070.bin	275744	ba3401e0b3af127c1bf5a98e4513a5d25ef0ec61
global/help_audio/071.bin	221792	51cc8fd57db1bad669a39a6a6dc1a87686ecd2fb
global/help_audio/072.bin	186832	58cfc07892efbc02b196723faad56d54701ae0ab
global/help_audio/073.bin	80928	b805aeea8b3aa31aa6bb903a2bdbed15e1690558
global/help_audio/074.bin	110944	837d86dbd14b5cc8c299fe24e7709217409237ff
global/help_audio/075.bin	118544	41fe00f6e6fed1fac250f045d269eabb230b91af
global/help_audio/076.bin	80672	89bd1730439061511fda1d069df09a7e19670174
global/help_audio/078.bin	77456	4352217b693e1929bda66c6cf92924dcc0c7dd35
global/help_audio/079.bin	221936	3154f2504bd8e17a75aa63e2977963bd6087fb69
global/help_audio/080.bin	168928	4fa73dbad30af58ad4c1d799c761a90063e8fb8a
global/help_audio/081.bin	126928	46e6fe5c0059d75a1b3da4f2c66b69e7d2d261b9
global/help_audio/082.bin	128928	ee5db47dfd51f7a71cd4f9ce1f3dd9e235f0a368
global/help_audio/083.bin	201600	9c7b6f090b643eb09d6d839fcca22c2165adf3b9
global/help_audio/084.bin	208560	2136ab5e3950466078740dbc60f64bcaa6433d7a
global/help_audio/085.bin	211760	600007cdf17051234f91dc65dd21086d80e329cd
global/help_audio/086.bin	224560	20159c115e72e750e57b7935845a48d35f048c20
global/help_audio/087.bin	86272	c0e6fd6b2fd37c7f74c38b605616024a57c5ee31
global/help_audio/088.bin	85744	427468039916de17e80867d13fea10130dc1e103
global/help_audio/089.bin	70848	f50e826b0fd74c1d9a473664b96ab80a0bd870ce
global/help_audio/090.bin	172896	048762c72aba7cf10f95863f37dcefd421bb8e03
global/help_audio/091.bin	183312	d3c92958fe20b9604654e2e84d3101439c889812
global/help_audio/092.bin	175568	52e20007cee7da1c492cd963bb6555c010c133f9
global/help_audio/093.bin	69296	41ac6730c62a1dd92e50b4deb290f79add8fe661
global/help_audio/094.bin	155056	fed5a6462de18807aaffa2eb8ec5850c4b05cbf6
global/help_audio/095.bin	94400	4664028c0cac4073fa617e7a8c21138ca0c1071a
global/help_audio/105.bin	156272	1879920381937f0487db15bbf9c5ea6544b31d2f
global/help_audio/106.bin	127136	8bf47eaf76f35855316b766991f2f36f6f8b43f1
global/help_audio/107.bin	190352	c7e772ae852f3462d985340f257fede4dc0f96b9
global/help_audio/108.bin	147296	a1bfa1c92bfd470d773cbaeaf3f06c0425688196
global/help_audio/109.bin	177168	45dc45d93632592f47465eb9c2e52bc24a572e68
global/help_audio/110.bin	154976	93a07ee456a61b6e694d1cac3aec433d5daf6015
global/help_audio/111.bin	215136	80653365d62528d021dc493d7430a22db69de0eb
global/help_audio/112.bin	84208	278ddc9c573326d0cef50288bd9d0dde1fbf2292
global/help_audio/113.bin	227328	e6636a43c6482dd88bb7f6a9aa2389f8a0af8521
global/help_audio/114.bin	138048	7ec08a5eab2cb929b783a8f9eb1043aa0685d0e2
global/help_audio/115.bin	196432	cc28de066b9912f7011a793f816cd48a4e9edd4d
global/help_audio/116.bin	212816	26e0dde7fa79fe8cd50f1af86bdb790027c93ebc
global/help_audio/118.bin	144912	373a3284d5941888a78a6ff2fce8b223e8132616
global/help_audio/119.bin	171696	aa8cbf530bc59bb2f57de9f53dbf3b038ed52fe9
global/help_audio/120.bin	146144	eae2a46c5b63c604b7a3812e1019ec88c4bdb816
global/help_audio/121.bin	93728	1ebc134e610de4f92435555b0cebc7ba72b9dd36
global/help_audio/122.bin	290112	51f0074d88e46f2ccb07e2482e4707279f681af8
global/help_audio/123.bin	202192	a93b275e0287767b2f54cdcf165fb459125896e6
global/help_audio/124.bin	223152	5b96d4ac43c0dd228ea928cfea691a43022666d8
global/help_audio/125.bin	178240	3e34ffe50a52b8e87d569d6ff267d29164b198a2
global/help_audio/126.bin	305104	1f0a118afe2986d9640d95c142c0c877386977e6
global/help_audio/128.bin	137280	5bd894b50b151e90171ae583995633020e2264d5
global/help_audio/129.bin	94528	aee87f8f1370249faeb6b0d3050a869d5833607e
global/help_audio/130.bin	242384	8a174608155e96ba95bcda5db7f1065775975b41
global/help_audio/131.bin	66304	af942783e8129a9bf66598705fa9fd778f052d16
global/help_audio/132.bin	205744	c61c54f5553eb0c42ced25f701c81fb7ea85a537
global/help_audio/133.bin	140528	3a9f65ae4c06aab04767ac1638a02f2a478bf1dc
global/help_audio/134.bin	220048	9317c4d0ce69d60777292573a563eea495d71fb9
global/help_audio/135.bin	161232	3907a6db76cc4656c5540455bbdbcc3f290957b9
global/help_audio/136.bin	122288	94a20421ca210ff14d53b76f4e33b02f1f3d588f
global/help_audio/137.bin	141040	b34741a38e3c4d68702a80b034ca35b4f19bf3d8
global/help_audio/138.bin	196448	c820c48249f000f668ff1860a75264cd34118a4c
global/help_audio/139.bin	98752	b5bd27eb77ddf03f4d094e184171b0b928460f1e
global/help_audio/140.bin	149920	b0cbdab335babb15bfcc3375f5f233f497254ed6
global/help_audio/141.bin	65648	eefd774569d60ceaca44dc1eb508fb8f7c911947
global/help_audio/142.bin	781744	df8f9fe17fa8d350e2053c9fe63edbd58d6b896d
global/help_audio/143.bin	602784	13d87b7d4528ccd6f3354badd57962c2f15fc7c1
global/help_audio/144.bin	516256	96d83bbfe2356ed8da8f0a6a7cef4a7ce8d22cd0
global/help_audio/145.bin	59952	dc370e0d185ec310aba001c2b8374ec4060091e8
global/help_audio/146.bin	137872	b73fc6f58724e14d9e55e69c67d9deec77277662
global/help_audio/147.bin	177456	e59158b866a21454511f0d01b97f695850a77f32
global/help_audio/300.bin	296128	97ed39713ac9b11d17721c33468398cdf28bc5c8
global/help_audio/301.bin	175296	b770996c6d129ead3b8ae33f6983e442d215c202
global/help_audio/302.bin	173696	7816162f3f646025ac7034cf877fa0138a053913
global/help_audio/303.bin	276784	bcdcfb23ebd2efe7bbd1b5ce6595c413fd47cfeb
global/help_audio/304.bin	259248	fd375de4ac9418c8bdb3052956bb9317d1f7b51a
global/help_audio/305.bin	211664	3d60a91df3a32724e7a92f41c05cba8bc088c6fc
global/help_audio/306.bin	243856	605a83582d4cdaf11f776300dd59dd69a8e65689
global/help_audio/307.bin	85088	7688eb4d983ca92b4263cf9045b2ba9db0990c30
global/help_audio/308.bin	153248	bf357f61cf6eb03387c3d6b3b96b749fd48aea58
global/help_audio/309.bin	254528	1fb19d958ec6130ec162e5e981e9caf29b7cf5a2
global/help_audio/310.bin	214208	3c81c840578d5eeb00b54616a7d95ccab4e1c281
global/help_audio/311.bin	176672	b2a0235f5af7cafd1bf23f49f766a04ffd4687a4
global/help_audio/312.bin	191728	38d408dd8a18b98b5077f314efb023c9011f95d8
global/help_audio/313.bin	168272	0681569d2f311933e75738a1501def38e17f55f5
global/help_audio/314.bin	232064	1bc93f4b58f4ad14c539e9d6555f9a2654cd2bb5
global/help_audio/315.bin	230928	f31e8775e84e7a2b148375dba466acc80424c4d8
global/help_audio/316.bin	121072	86048729ce0e6df1fc1c5ff812a961ab4bf74d29
global/help_audio/317.bin	154384	d10182a3768401315fe16d8599303e675ed83557
global/help_audio/318.bin	168608	2154895f7da60bb30405d7897381dddd746b1774
global/help_audio/319.bin	243424	baf047a18b1530e5bbd4d955d8ba007d7114f44f
global/help_audio/320.bin	202560	d367aa88ad69d8804809d040e36ca86a8b07c954
global/help_audio/321.bin	183008	020e0906cf008f690dd8b8a8b385630253ab392c
global/help_audio/322.bin	202960	1e335f2b6ab4e5ae1017d5052bb13fedc113353d
global/help_audio/323.bin	218096	1c019085fd076f59a44b809582e08421a8230e10
global/help_audio/324.bin	185904	af4e13c76a5c98e2838e1cc870a35a4259493fbe
global/help_audio/325.bin	276624	7478c108992a7b2dfe11addf6ab0f3dbc3ad5b6c
global/help_audio/326.bin	180192	b9dd6083cfbc1356062323757caba5c1034ce7b8
global/help_audio/327.bin	89776	3e15989fe32fc7fcd2072fb30b5c553509ccbc90
global/help_audio/328.bin	236480	172234f5c17277bf1a54a470ffc9dff086b25bec
global/help_audio/329.bin	267824	bc5c4be0438578de49758b36e7bc5434be565d4f
global/help_audio/330.bin	266048	4fe760a3ddb048c65f2c9e26f46f92b5b1bc8f48
global/help_audio/331.bin	188608	22b9cf6630efe86e53d532a165367214daa66173
global/help_audio/332.bin	94944	a2fd65f19454c869644339af3f7afa5fb9a0d86d
global/help_audio/333.bin	188912	1bfebfbf9147c1d71560c3c5ccbc26eb8bd1c2ec
global/help_audio/334.bin	166144	62319c5c80fd4b8ed39b1d564c503ee8a6991572
global/help_audio/335.bin	171264	51f1fd3d930968ba3cfd783b2958ae2f22bde782
global/help_audio/336.bin	110064	a0e9e57ba0bd12b7f37df576cfd3ad30f7b8bdfc
global/help_audio/337.bin	132992	3285ca6498e5415055489855cd396e1260aee014
global/help_audio/338.bin	183504	baeb741b3b2e7ba5b065967dc071c511b44df7e0
global/help_audio/339.bin	150336	903c08e73d23a3e0de334f43f08a8656e89b36f1
global/help_audio/340.bin	194256	ffa465db4216ee4df0b74296cd86ffd6c36904f5
global/help_audio/341.bin	212176	bd0ef873dac76f1353e9b08f04561aa91f8c8a93
global/help_audio/342.bin	206128	cd91755fc254b51b3b78371800df486ab02fe317
global/help_audio/343.bin	77712	5f496fd6bb549f4eaa8ad1e4f31e19942f78691b
global/help_audio/344.bin	151360	b2fcba898f2ae053308be66f9d193e68f366d00c
global/help_audio/345.bin	253520	137ed5a23dcb82a89b5d14f39b75c0f14f9a1817
global/help_audio/346.bin	100480	99ab4cebc4287d02194ab0d6d760379854e7158f
global/help_audio/347.bin	160944	3c9730443621dc6cf91382c635c07d962c0d18e9
global/help_audio/348.bin	165856	6e7cae019c515384bbe31147b662fba80d82a174
global/help_audio/349.bin	116592	a1841ea915398b81c2ad4c0e391a2767f9e26afa
global/help_audio/350.bin	203088	67b1e1ab3aa24f3a1d21163c8560fd178a5df7c1
global/help_audio/351.bin	355568	bb572f469fa5106b0fe0c2ae4e2ef7759ada73f7
global/help_audio/352.bin	170800	98e4fcd73979835e2d65b05fb31ae6a9773015d8
global/help_audio/354.bin	187040	a24497aa76c2b0da9502f1083f3835afafe20e32
global/help_audio/355.bin	142848	a81e26d95b0c7026bd7136cecf26e8411d327014
global/help_audio/356.bin	256320	f6da254e5fada6a1cd77d682b72fbfd2cd147b5d
global/help_audio/357.bin	292912	51a6f7d49479adb83c7e0ff806e6d05d52f8bb14
global/help_audio/358.bin	232448	33ca7c03137f272760459250bad99a74b70ce51d
global/help_audio/359.bin	323488	54932d7ef81c273571adadcfc7b65a3af45a891e
global/help_audio/360.bin	182560	e87ecc005ecf014b6e10854738da19c3cbefbb59
global/help_audio/361.bin	219664	b819d859a7397290027eaab3cc21e55448a71c9d
global/help_audio/362.bin	146672	e64eac5b2414bfb0c52db5bbc9cc0f8b1ff8d282
global/help_audio/364.bin	97840	6586f2ff0e645a92266c2cba8789653d7f20d83f
global/help_audio/365.bin	88432	245272ef4ca87526c7da6fa2cb434e4338ffabc3
global/help_audio/366.bin	196288	8f3a5371135fe650742caecd2f2fe5f6a846002b
global/help_audio/367.bin	122560	376248ddc5660b69d681dafb513d920c3bc62d11
global/help_audio/368.bin	185344	48bc5f5fe2fa691ca4e313c62626db29693e7f17
global/help_audio/370.bin	313536	85e7abb9bf86f2f6470af71f8c8e82a25802abc3
global/help_audio/371.bin	262608	aeaf7e3dcaa34b70343afe1a4d2dc23e60e94a57
global/help_audio/372.bin	142688	ddf9346d30fefaf3fcfb4ec5b2e8f281fb63fe25
global/help_audio/373.bin	89488	eca1fecf350586c137242710ebdd0ef0614d7893
global/help_audio/374.bin	120256	a340ec348f8323c3cbbb9a2870cab6dab83f959d
global/help_audio/375.bin	96912	c324cf933649ddb91748afb2f490086d760d5165
global/help_audio/376.bin	144592	57ddda82784cf129eb50a20ce08f167d72af61a7
global/help_audio/378.bin	91024	fb90631ef01e4fd3d68c06df782ef8f75607094c
global/help_audio/379.bin	254096	8ade2ddc3d818a7f9518eba635440292346c2bd5
global/help_audio/380.bin	211616	60334710c33c91afd967319ec45dd902fad6c31b
global/help_audio/381.bin	166192	fdb7e21cb5c3ad35a189d5a25f4c0e28ec74e4d1
global/help_audio/382.bin	162160	d68885bdc1669427bae975f3c887b2a76d44c86f
global/help_audio/383.bin	222064	452c513385beb6dc65ed50bcc14e8011b0c9f1f4
global/help_audio/384.bin	220224	2f71e5df4486849eb7de7881eadd3241cc6e8f0c
global/help_audio/385.bin	249296	e7aec09979782b1b09f87268254cd826d660c939
global/help_audio/386.bin	228496	edc900f00d7c42fe02b8b9bf7e2151cbfd08a739
global/help_audio/387.bin	86400	8d46d24f18f7ae2745185bb9346383f3d38ffda3
global/help_audio/388.bin	81200	cff0ffa3b6313d39877b1cd7adc704f1ac8f3179
global/help_audio/389.bin	76112	3f44290a95d169206e4a0097972224a2d1cda65c
global/help_audio/390.bin	188528	9a60aa761b3c02b06f50983e6973827048c1ec8d
global/help_audio/391.bin	168576	7fd1e3a8733a48b2afa96bc39e98ff5fc77a797a
global/help_audio/392.bin	138064	720647b431f52625db37833c87606c9b0d52c1d3
global/help_audio/393.bin	78592	1c57c28930cc8dc37853531f6d9fcee0ea690175
global/help_audio/394.bin	173552	17cf863e7aa60b54ad0b2fc76adcf5c8cc2d43eb
global/help_audio/395.bin	188912	1bfebfbf9147c1d71560c3c5ccbc26eb8bd1c2ec
global/help_audio/405.bin	137744	8ebc36711d317e7393cf02bd4488680c264faa77
global/help_audio/406.bin	155984	caa4a2a0bc1f906de26f8c647ee9fb08b24908d8
global/help_audio/407.bin	197168	11fab8abd372f680cedaabe5a2b09105729eebfe
global/help_audio/408.bin	183168	7f1c374b5f5ba2d220b8c9b343f83d66acfe4da8
global/help_audio/409.bin	258384	bda98c1b718f3a9ccdb01eba91cdc868e9eece66
global/help_audio/410.bin	146928	81475fd38cd4b52db866d154d36662c0d947b7bd
global/help_audio/411.bin	172880	b69af7e276dcebcab03ba9186dbf28a90a4aba10
global/help_audio/412.bin	92208	5b8734f527260db15f6ade1d33b93bd5d3011ff1
global/help_audio/413.bin	201264	3911d794e0fd752f8d551fd1fd0dc71f8cef9a9e
global/help_audio/414.bin	147872	96ec474db9742bbd67989e4f2f4734a8704558c4
global/help_audio/415.bin	179872	9fdbc097fb13c0a8c81c16e69c930ed50ea32470
global/help_audio/416.bin	235040	1c2b36e5d76d669abc90446b073f6b8cf0695a93
global/help_audio/418.bin	161184	e4b951eeeed8562e0a5db949ce088d93d306a71b
global/help_audio/419.bin	159568	d2ce2eab51c8ca21384ef9c5cd8b41aed206315f
global/help_audio/420.bin	165904	a2e0f2ba510219822530534af42e7a07ca7374ec
global/help_audio/421.bin	91504	f29b35bf46b344b9deee21fd4e093d977527e7d0
global/help_audio/422.bin	269216	f906a483d1fe37b98a297850778398b7bb8adad7
global/help_audio/423.bin	161408	ee81bd5edda0134d252c35228839060689d2b375
global/help_audio/424.bin	227584	5b3b7c7a7319ef57bfd4d449827e7d1b6362d0da
global/help_audio/425.bin	194192	0d1ff7b883457b9e36df61aacd3387e373e2754c
global/help_audio/426.bin	291584	e41517fb63bf518bb7e79e7c1ab1a6dd93d8b9a4
global/help_audio/427.bin	381984	2f274e2a6975518e6c808172af557bdb6d8a452f
global/help_audio/428.bin	145504	9f46e574af3a025d1af30e00697ccfa5d76db930
global/help_audio/429.bin	94832	6f77ff8d3b863f0d41cc552a8bcd6f2b12a709be
global/help_audio/430.bin	207632	e2afb3210842194ffbf39ea5564eaa1e2c697e03
global/help_audio/431.bin	73552	ce6c348d5d4a20ad7b2eef36c1b709eadfc7eb6e
global/help_audio/432.bin	205856	e31535d1fc4bdbc8223124bd26879dfc827e3c34
global/help_audio/433.bin	151696	eb731c8f24c3d57d93a8cd5143e1297692275de2
global/help_audio/434.bin	258192	8163152363b1aa82318beac5cf4980a799bd6ccf
global/help_audio/435.bin	161520	5fa81664eb255a1b0500b2492ef9837630c944a6
global/help_audio/436.bin	126464	8e43ecd112e2c257afd501a0d1847051e079958e
global/help_audio/437.bin	151712	5158a84963775dc45a8e8974d945a533e65e129e
global/help_audio/438.bin	205408	f48ed7940abf7d3e6ad8def386952b807009a3e3
global/help_audio/439.bin	93792	528bf12cdb4feca44408bdfe33cba4a0d47bbbdc
global/help_audio/440.bin	183088	de1c73738303a61e292d2b2c60f2490b484367b8
global/help_audio/441.bin	100848	1fc95d84a8db1342a59cbe6b6510b19bef13ec62
global/help_audio/442.bin	871856	f39fb8e72b242ed1919d42b7dccf4f73e9c7eb3e
global/help_audio/443.bin	715456	0b38fac6cb627e75e0cb258d5c3cb64826a062d9
global/help_audio/444.bin	513856	4a77a6d4405ee6a0569917e2ec841b5106683111
global/help_audio/445.bin	89728	a8c4d87216c531a8406b72409f493ec4fa092795
global/help_audio/446.bin	149888	ce295197bd748e53121661cdea13658c177f8bef
global/help_audio/447.bin	206528	c0a391058e81b05d0dad7068723f64be8e2b6178
global/help_audio/450.bin	326016	11611dc8db0937818c3faff533a845fbd9ed50a9
global/help_audio/451.bin	175088	048b3317d37f7992724525eb1fbc9e84c4415b23
global/help_audio/452.bin	164432	39867cde5563279790c15a9f3d44bda5cb38711b
global/help_audio/453.bin	239184	1017f3942257482480b83dedea85d12d30118626
global/help_audio/454.bin	267680	325c3843bdbf77b8c69280c3777aa10f2c87237a
global/help_audio/455.bin	248672	f2fba1ba787732984846e95e6db8bb32690d6d6c
global/help_audio/456.bin	254208	63aad883394d23a97b8a9693a3975c8528d1a8b9
global/help_audio/457.bin	98704	2249d552153c03a710c7b57034cab816490e9d65
global/help_audio/458.bin	184240	28b3f964278072af1f7a2b5298e41115fe0bf7ef
global/help_audio/459.bin	299264	45fd3d7e86bc77b6b53287f5eb182e6b4104d8a1
global/help_audio/460.bin	218496	825227f4404ebfb0feca64a4988f5e3339eee494
global/help_audio/461.bin	144672	08d52617a1d7cfb1ba4d4d80d5d840657397513d
global/help_audio/462.bin	190752	557aba0dbc076a3daa2ab7b3c1abb505a5f81e86
global/help_audio/463.bin	174976	d4704902eb8894c05954669e7c539be5fce12d7b
global/help_audio/464.bin	206352	03f569f86bedba48891c562c577c9dc94f158716
global/help_audio/465.bin	190288	a72114fd330eb933a77b65b4d7e7976251012a46
global/help_audio/466.bin	128048	16706d05f974e29c7a2f16e103bed43b56d4a213
global/help_audio/467.bin	208768	b8b56bccdf2c18c3d79a0fd486d7b91d375cb739
global/help_audio/468.bin	157648	da58e0661006d396e848b7f19e1192f7a54662b7
global/help_audio/469.bin	182384	3eefa033c0eff40bbcb8c56f6fe922930307d617
global/help_audio/470.bin	238592	5638955b6b46bad1497118c28c3e1b8d4af63d4e
global/help_audio/471.bin	198000	2d32f1a154e7b5a44134e235ec38ed3fae8a38a1
global/help_audio/472.bin	118592	6efadc52d1dfc818059f014980766dac8867f5fc
global/help_audio/473.bin	231856	8cded7629d19cacf4ac8813b1d7cea2ce1290a57
global/help_audio/474.bin	158800	157b3ded3dfdd14fa940938066ee9549e3e0f402
global/help_audio/475.bin	222512	56f332fcb4c35d51ac9709f54ff32170f77e2870
global/help_audio/476.bin	177264	b9e0c70217783e2c746285a95c51a43c9b16d399
global/help_audio/477.bin	109136	9a4f12c91f86b89c2ae8e7f351b2045d4322f753
global/help_audio/478.bin	201600	d90014b4c37e36e9e615a47668b4c5afd9723203
global/help_audio/479.bin	262352	90dd9dacf4082f2ad4e5c00f1ffac46a58826bf5
global/help_audio/480.bin	214016	c5bf21357753fa0252002e7336a8cbedc00e01ea
global/help_audio/481.bin	159104	9428e52c7168d1ac93cd52202f6ea07e64fc2865
global/help_audio/482.bin	61552	36551e7fc10816493499b1e92fa1d53f7b94bbf2
global/help_audio/483.bin	99776	ada1f86ad99effe250d1e5525208b62b3d6c73f8
global/help_audio/484.bin	133072	64a6a78839c4d858473bccfe9c1c750c125e9f52
global/help_audio/485.bin	200304	9bd590a441db17b1ff22af3839058eadad5a4703
global/help_audio/486.bin	98000	6ecfd70c552643c937a857cb7b3b25716ecfc8d8
global/help_audio/487.bin	132800	87843f95faeadf7f9d4e14e367325ba78d541685
global/help_audio/488.bin	174640	591b00d3349542fa7617b81fb5a20a7314a81e8c
global/help_audio/489.bin	124016	e66b8bd8fd688a2facfbdb4627fc75bb558a3c77
global/help_audio/490.bin	203904	3ff37ddc5d292920f503c82c0839412207c1e522
global/help_audio/491.bin	242704	01547dc8a7c4ea03b2af25aa6e50d5ba5b2176bf
global/help_audio/492.bin	130320	c12433934b87e7397ef433b2b713e41d450beca2
global/help_audio/493.bin	106288	b6e640ad0c665832e6b0e8ea99e88bfbeaa62eee
global/help_audio/494.bin	140384	d7e8ee58cbd26b3cd231dcb93add140be94d8624
global/help_audio/495.bin	217648	5fc48198f176d9b2656a413ef76c6721b649efbe
global/help_audio/496.bin	107184	970aa5d9b6d719d45e1f4416a6f861c23c3eb189
global/help_audio/497.bin	162176	a1c47e9114f94a530167fcc89fd0d380eebefc10
global/help_audio/498.bin	152480	38787e18b6f6a3afef5aeb5233db61579ec6e4cb
global/help_audio/499.bin	114320	7a5401a7cecf8aea9c67a578735ea8c3d3863267
global/help_audio/500.bin	202336	6d77d95e105f0aa39ef6dc3b792e24bc5c9eb212
global/help_audio/501.bin	315632	2339e65f2db10ae42be97b1aed71c5279be8ec9b
global/help_audio/502.bin	166400	360a4202a1cf026c124b17803058b427ad203245
global/help_audio/504.bin	173440	c2940ec6a88dc99fd54464aac995c1f889eff424
global/help_audio/505.bin	140304	8be741f44083a071a28acbdfebfbbdc3e473e3f1
global/help_audio/506.bin	216000	ed1cf7370e6fde5f9eb44ee465ad0c552c0976d9
global/help_audio/507.bin	303184	3fcd88437277fee00c6d66bad39eef16e1b723a1
global/help_audio/508.bin	175808	7abb48d97cdcd7d30702c4413db0226afa2eebed
global/help_audio/509.bin	294224	732b9c079496f9b94003de7a3b504bd097c6fd90
global/help_audio/510.bin	203360	8fc14a90243afb78c6fdbf55e3de7b0c09f6ef42
global/help_audio/511.bin	190976	08b63f97db3740f6f1061094022b03df2a4f3a8e
global/help_audio/512.bin	146048	f0256b7f099ceea4c90b4554a7c943c07e6adcdf
global/help_audio/514.bin	105600	c15ac481012d386f927f15fa3463916eff00c363
global/help_audio/515.bin	96928	f04b949cad7285b9300aa1ae5c526a5358f31e20
global/help_audio/516.bin	190800	c68fd4d645b3c18284621ff3f15401a42a1ed465
global/help_audio/517.bin	122896	c1f2e7bacd57e97a6ef3267f0a0e6ddc8f96f4ec
global/help_audio/518.bin	177328	9fabab892730886ac260dca09f28cc284a544ce1
global/help_audio/520.bin	321696	94b14805c92b210e7a3c2ebd4bfa56a41c8ae03b
global/help_audio/521.bin	237184	1c8ef542bfa1c7cf9649fc67a54ea6a4bb9929c2
global/help_audio/522.bin	168080	dcf850e9214295a2ead2cc30d9896de66aded2ab
global/help_audio/523.bin	107008	fc52fa614c99b124caf58ae99d2daea71dae1d4b
global/help_audio/524.bin	97728	bbeb615b4f00161ccf293bbd98e6e5210ce44286
global/help_audio/525.bin	89600	31d11dc7345f016fd164344354b57188554985af
global/help_audio/526.bin	112176	2ad582ed6312e190da613674cb4c229312694065
global/help_audio/528.bin	84560	33386b49ec4d1f21663d9314d20216bfe11051bf
global/help_audio/529.bin	227344	ea7863fd35ea310831ae59f28e2470d2e99ab2c3
global/help_audio/530.bin	182400	c2630df46d3a02c78085c008d1730fe91937cd13
global/help_audio/531.bin	133792	bdf59629d8d94b4fbe81078de4236bcee362fb0b
global/help_audio/532.bin	69568	fd9ba295861d1990df295600761d2aa38fc86787
global/help_audio/533.bin	213520	b4ce75ef908bfbf7f1a1ba34c6aa7f2dd5111066
global/help_audio/534.bin	128112	6102247270e3c2b7165cae4c3527ce05aaf9bd8f
global/help_audio/535.bin	228528	fc0e446a25035ce50cc4d9157f30830f6ed578b1
global/help_audio/536.bin	206768	0f4a817f26be5b168a7a8f2b12d7319888df37eb
global/help_audio/537.bin	84208	c103582a619ee6a466b029b752d44c97b2d2b284
global/help_audio/538.bin	82960	8cfda6ea1de453fc7b7a8a553e0ed965cd5e5dc3
global/help_audio/539.bin	65120	5f4dccb7aa2e1702b8e6d94678a3880004a8d6ca
global/help_audio/540.bin	176464	a5974dc4cf7efc983e08f29637820ddd44de7aac
global/help_audio/541.bin	186704	af91eaebf553e0101b6615af150b77aa827d59d2
global/help_audio/542.bin	136496	3505252021a6f198d88d5505c0a64e72c99ff2f8
global/help_audio/543.bin	72720	2cd6d2a941bcfc1ed8078884f0257cdca97a2276
global/help_audio/544.bin	171856	24ecbd27153a1b25282ce5b63646525ff629b987
global/help_audio/545.bin	189680	afcefdb20a1a176b056587ba50fd147609200cda
global/help_audio/555.bin	166096	8b4996abed8c50f24ed62065aa6c727d4368a22e
global/help_audio/556.bin	121840	0c129b5e2e844d64fa7918350dc0d6dc475c013b
global/help_audio/557.bin	185200	12c43576e41956f2cc7e0181a2215447884fdf76
global/help_audio/558.bin	162368	16910ca69c2bc17c27da807d5ccaae3ebbd5d92d
global/help_audio/559.bin	281392	7fcd6bb8653153cf1a9b8a6f93e324700d71873f
global/help_audio/560.bin	155664	1e51113dc7275d60c8bf87d8150aee08831f21f9
global/help_audio/561.bin	176288	779552579c62de0e72d96fc7b2a0fd5eb33dfae6
global/help_audio/562.bin	90000	ccf7bc6c2fb4b365035c8b5d03d23d6d5de8e2a2
global/help_audio/563.bin	207856	0418bcd4b9c0d72fcf615e30d1d0f8684fc6f057
global/help_audio/564.bin	150864	cefc8464b9a7c01d2b187feba939b39b51dac164
global/help_audio/565.bin	174976	f2c6d0286ba5e80eb9efaa119448b55bf8179a33
global/help_audio/566.bin	242336	d14280c997ad5df21d6a04d93c3324d3a4a627bd
global/help_audio/568.bin	126112	107356aba168a11c7cc8f0c382f1013a3b5408f2
global/help_audio/569.bin	138752	f8c3d98756a807dac8200ccf4a01b0f0881cf52a
global/help_audio/570.bin	133648	2dac23f7ce11890e661ad3cd8671b66db0710bbe
global/help_audio/571.bin	88800	cc7657fa6a5e5e627efb7a8b8f9c59afc6de95fa
global/help_audio/572.bin	271856	6001059da41577241cb45d674a8f94ec5c2de540
global/help_audio/573.bin	202368	a3b1fa96fb95c4e94d377a7bdc905bbbf5a2d9eb
global/help_audio/574.bin	245664	b29449bd3ed3a74242e44226a786b9db5fbec06d
global/help_audio/575.bin	179472	1f50c84abd687766f72d8df86f9d7585b463b2f0
global/help_audio/576.bin	283904	c75b3346e09a1d5ca8bf9342fc59b37f6c03cfb5
global/help_audio/577.bin	346496	b62d44014bde7de4ffe74cf6a47c5b3ea3e747d7
global/help_audio/578.bin	140704	48914b4a3e6960a40ad9cfc2f31ee09bd861ccea
global/help_audio/579.bin	86320	abb07fbc3973c5a42fda0aac2965f77d1c176336
global/help_audio/580.bin	240800	f7815bef759d17003f1895a5ad968d80ddc167f6
global/help_audio/581.bin	70416	982021fd85c52e9a295cef58331639091bf558d8
global/help_audio/582.bin	200832	c0577735acc89e753b2f1efbb20ae922847316fb
global/help_audio/583.bin	206288	b9d11cb08051c0f7a628e2cb8230183211550192
global/help_audio/584.bin	236032	69011c8b23efa4ccc8754e87892d7ea9b1624ab7
global/help_audio/585.bin	164576	5975563db4ef3e0630257e8a03ed81c100181055
global/help_audio/586.bin	111344	88ad4f0a921a30cea62d497dc4c4d8bf3ede5b2a
global/help_audio/587.bin	136688	61c0eeb6c1a7ba59f7cc3c9790870dc8aa738729
global/help_audio/588.bin	235776	6427a6302c428ceebf75294e11ae9d641a8cf50b
global/help_audio/589.bin	116160	0ac7658c0f509ad618125fb5269e8750242b446f
global/help_audio/590.bin	201824	5f3b0a22ed4bc93fda0722daed4f8862d794671d
global/help_audio/591.bin	88416	35c7ac966bbe832908bb5226bc6074e8a74dabaf
global/help_audio/592.bin	813664	2fd47ec4937f33394e86ecae39fd262823641c5f
global/help_audio/593.bin	682256	c8b3198498640a92dd0ba5230ce080614b538f1b
global/help_audio/594.bin	486704	471b6507d521a467958daecf03229f1a8d8fdb74
global/help_audio/595.bin	64864	74ed6aed72752b916735d182365f8bb775695df8
global/help_audio/596.bin	131648	9d89eb61df10b5be8e37d26ccb5a052ba400ea7f
global/help_audio/597.bin	190528	213523b1ac8e6967929ad8fb910adaa1ef3c9bc4
global/help_audio/600.bin	286224	b4addbd2252aaafe3cd388aeae13c5c50edd0168
global/help_audio/601.bin	216912	4db8864e3eb3664d52460c0ff07f0ed7108f5553
global/help_audio/602.bin	211472	67749fef23fe6195e43edc9b13a80ae282eb4b1b
global/help_audio/603.bin	311568	f3fea353c8e6dec4e80380a1ecde5c1d832b32df
global/help_audio/604.bin	270128	112bb4eb098e545d72e22697329fe5a038dc5b60
global/help_audio/605.bin	259824	fffed9a033d610c03e9c443bba1b551354bccff8
global/help_audio/606.bin	246432	b897512fef87ebbef0740e8617934e4ea1d4ddeb
global/help_audio/607.bin	90128	bcfc59b7b0861f1f5ac00141692e70129eeac23b
global/help_audio/608.bin	188144	d91b94fe6b1077a741ec184f1824ae51fd2f8e8b
global/help_audio/609.bin	241360	a8654028e6a5189ffc12bc449bbae5969deff255
global/help_audio/610.bin	217904	bd2a21a79ae4c98f83003dc172d6931ce349d7f0
global/help_audio/611.bin	188576	bbd4e9f8c4da79c4e174a9d49f8895ac18dea771
global/help_audio/612.bin	261056	3c740bcd61e62c5ace3c99eac444f86a6d1b7905
global/help_audio/613.bin	204304	c055e4621b9c72d5e719067c06a12b791377cdc3
global/help_audio/614.bin	256192	dca56690030bde65391ef14b40df644779a99abe
global/help_audio/615.bin	217104	a1c45d5f5dc862bdf4fbd2bbefdd1227d5668712
global/help_audio/616.bin	134592	b63c02d707142c1c7f031fcb472402ee2bdb20a6
global/help_audio/617.bin	206096	8ec9c9a0ee85ff487ccdae7a83748e22d30f75c3
global/help_audio/618.bin	175808	57cb64f25447d3dda289b4ecd9d0bb788a4725bc
global/help_audio/619.bin	282144	c6e30865701af59cd20f39f853d80f488bd0a78c
global/help_audio/620.bin	209968	082cd04ba924903f0d80f7597c659fa7bc5b2b04
global/help_audio/621.bin	222224	ffcc11e2b8fe6ff062f7f898dd8ae4c81d6c2b74
global/help_audio/622.bin	199504	6e62f8d71f41c10ab81e21323cbe43730410c262
global/help_audio/623.bin	271408	b372e8bda3a737e5a911f049536bf79e32d9962c
global/help_audio/624.bin	193264	cb6a1eb5abd4332d5258a9fb680fd140864633ea
global/help_audio/625.bin	275120	d3e4b705789a58f25119ff888f2b93fb156648e7
global/help_audio/626.bin	238464	9ab97c47d013b4b0e6e891fa816c1bf8aac37cd9
global/help_audio/627.bin	100000	b3b2070ba0ecd325284c7c6d632d3bb122c18492
global/help_audio/628.bin	216368	085e189c9df92d155d7d1e5a22497c9a429e4b3f
global/help_audio/629.bin	320160	9fa107e113c4b4d0ce11e5dfb0f0070cbeea8383
global/help_audio/630.bin	311968	1bca7ef7a601c90862c0b8df460b8315efca72fe
global/help_audio/631.bin	261120	bb121d500d8c7a207aaf2ed59535058ad7d85ce6
global/help_audio/632.bin	97808	3875f7a910aac4f509d7107bba2cfdd0ff364ccd
global/help_audio/633.bin	160128	3f3ae6862c7883909a8074109e963871f8e83b9c
global/help_audio/634.bin	189808	36ead73381bb22bcbd2f060147595affe31bd07b
global/help_audio/635.bin	209712	93d7e99d8cf64c5918676d04e91bc062cc315cb2
global/help_audio/636.bin	113808	1edd3564ebe7faf9acd083b7b67607cf462379e8
global/help_audio/637.bin	177344	698ca4f579b35cdbacfb7228457946c390e55314
global/help_audio/638.bin	250656	789170b9950fe5d572f47b8c74a9a2f5c4357fc1
global/help_audio/639.bin	162352	cbab0cab113bc980a92e710fc972b0d859a5750b
global/help_audio/640.bin	239520	52702cda330bcdd360fc5ed4c38ff51307448604
global/help_audio/641.bin	244672	2ee1b93f51030841249f255744f9c927f67f1190
global/help_audio/642.bin	150736	7229b7558ca7b2a193c211c480e604179361d170
global/help_audio/643.bin	73552	1cbb43aee1a3055476e874df92745bbad33bf252
global/help_audio/644.bin	208832	c46fd7bccc51612bfbbf494621a3a890b1813dab
global/help_audio/645.bin	299616	7829ea24b60e2d0eec7510aa272a7ce161e63b61
global/help_audio/646.bin	117008	15bf5a2d8e6e2e2cc7aecc27494f3c2e7b19d20d
global/help_audio/647.bin	213872	96add0e514337e50e1609d219a000625ef84844e
global/help_audio/648.bin	171408	ed645fba0a023894a0013b704c1887493874239f
global/help_audio/649.bin	115632	f7eaaabdf0b7a8996be8d5ecd1bdf355c5df1979
global/help_audio/650.bin	234800	05be540befc621cb20c6349adf2cfa00db45549d
global/help_audio/651.bin	363888	377149f1224b6fb9d61307e1b5394e0ba07639ba
global/help_audio/652.bin	154160	d68e0865505276244251a2eaf4af230bb41211be
global/help_audio/654.bin	243792	951b5761281d0fd4df3f91a7f7fdfabc33fb8c6d
global/help_audio/655.bin	134432	bd077fed62390266b43c89abae125a25c505fc16
global/help_audio/656.bin	236704	eaee9196bc58aa47e410e81f1029f7eccb4df5aa
global/help_audio/657.bin	305824	dca94b2723ce4a2ca9a7fd6823cfb4c215bf72e9
global/help_audio/658.bin	230784	67b4fec30bc134e0f6aa921224db8f8d2954493e
global/help_audio/659.bin	302464	d3b77f8d59b29e13f5c08e9cf921a34bd7cf4161
global/help_audio/660.bin	166848	d12c57766c98ffe21d6888b5acbc8bcda21336f8
global/help_audio/661.bin	193168	27a9aab396158a95089b406ebc136b382d0172a0
global/help_audio/662.bin	147408	81e21cc980ec17b8804ab1af903efed5cc1c7d06
global/help_audio/664.bin	112656	ab90f1e15bae6baf92e685c7507c3ce422d1141d
global/help_audio/665.bin	68672	b1fda9960479ebebab1836aff1a9ae3ffdecf36a
global/help_audio/666.bin	170000	f1a520188e488511b0d683ef1169e4a2bbf4a7a6
global/help_audio/667.bin	116688	a571397db729bf20ff824cca1851397811d93fb3
global/help_audio/668.bin	174016	adec106ef9b9d3a21a3cf47dc4ebdfe823916322
global/help_audio/670.bin	332240	ac59fe54ebe6aab37f81c55d7fc398fec92cc132
global/help_audio/671.bin	232976	62be6430626311fbcc724e4d1fe35ab2eee95d00
global/help_audio/672.bin	158704	77271a3cbefbddd0b398c2e5ee5ca82081614107
global/help_audio/673.bin	96928	d830120e5dc79513e74e228f86ea874a7c0cb80c
global/help_audio/674.bin	113168	b276752e0ee16f86cd39cd4d7d37dce8632d809c
global/help_audio/675.bin	146944	f297bc0faaf0225b377960006fcb53eea4c75f52
global/help_audio/676.bin	172960	96097ecd4518251878060d567228a63cf65e38d1
global/help_audio/678.bin	82160	dab5c9a7af18413fe57085f1b89b7dfe4fd8a5fc
global/help_audio/679.bin	251888	b1d3e048858d8d9332186d2075420b031ff63602
global/help_audio/680.bin	189056	744a96e4408d43996387c556ee7b40bfd48f306d
global/help_audio/681.bin	209744	a62b40a8f949195bcff4fbb9f7485cd58a0e2344
global/help_audio/682.bin	166928	757b8f5b6d85b0bd5a00991c9a37b8b49ff02615
global/help_audio/683.bin	256320	a656dd38319b6d6ac2c378b7f8b71fc32cdb3b54
global/help_audio/684.bin	223136	b297ee3ee01e742bfc0999eb64eb33b799139394
global/help_audio/685.bin	225840	cf669c36f351f0e3aeeea8316052e9e64450eab8
global/help_audio/686.bin	235056	30a75a001f804cb27b9d102202b15732729640ba
global/help_audio/687.bin	93616	a22b15198b56997951c6dc9c7bccc613ce1ed57c
global/help_audio/688.bin	100288	0eff45df36ae892fe0bafd6e288f12581b83d155
global/help_audio/689.bin	67392	4418ec9e78f084b17efc2662c6bc33296f8f32e9
global/help_audio/690.bin	189888	622d97b25e55e54acb73a927724a8048edae4ede
global/help_audio/691.bin	167280	e9642504c6216a84c2cb7be546c3ed1c0119e0c2
global/help_audio/692.bin	193856	fd800cf3560f3238ac278a67ebf13ee62570a5d4
global/help_audio/693.bin	71472	d31d419952cc0d802ef7d0bb67a038da13d98564
global/help_audio/694.bin	202448	c95d9faf12540cfb216e0ba445f7fa1cb2954475
global/help_audio/695.bin	158672	3ca4577fa9454382c4b82738f3ee8d699693f459
global/help_audio/705.bin	157456	01cab3824beb8c25d92eb9dc7e61cfe7ebfbd669
global/help_audio/706.bin	143344	660a70ebb5b11bed458ed4f97e67d1e18720bce9
global/help_audio/707.bin	227344	510e85e7a60f9462c5cbbe67df7bc72116846d80
global/help_audio/708.bin	154784	1edace4bc8bb39c472152282810866b1372d6389
global/help_audio/709.bin	293168	559186c1c76a7db13d937a2f81ee8456e827847e
global/help_audio/710.bin	181840	3c6a87cb9e7d1625d35a73ff2fdb268ae799ba58
global/help_audio/711.bin	199568	c806b26d26c65fe6363a2c4bae61be64787f1448
global/help_audio/712.bin	77120	b976032de870daed22d338d077cd4d484127f244
global/help_audio/713.bin	237216	b679d704e6d1c14a3c2e1d921914b50a6205a713
global/help_audio/714.bin	147008	c248b8eb04b5f631f33bc35c02991849f60b2a49
global/help_audio/715.bin	226240	2ab3a91bdf6f9d5d556be0909fcc40a3c33894df
global/help_audio/716.bin	245504	cc1d4490fc95053c4e54f50ec223a2e3bced2c85
global/help_audio/718.bin	160544	6bb2074ee20c2a690c61686aaa887be9eb6bbdb3
global/help_audio/719.bin	191024	f714505750f5b594fec559bdddd6f1aa5b7d3ab6
global/help_audio/720.bin	131888	78885b32aeb2cd94696757a477193227a2df4261
global/help_audio/721.bin	91664	0042eab8544066b269722d8d2189a743ea649952
global/help_audio/722.bin	302976	463a59fa99be7192fef5ce6fcd156a5161db38fe
global/help_audio/723.bin	184192	d346bdf6b6e212ee4009caf8d906d22f9c443a12
global/help_audio/724.bin	244032	6ae8f11d2583cb6c248d50a2f09891f7be8a0af2
global/help_audio/725.bin	174672	7afabb6475656bb5928b5ccf99d14b4fbc00723c
global/help_audio/726.bin	306528	f35ff1346e1bfd567a0620ca99ae7fe00326f86b
global/help_audio/727.bin	380192	27ab4b07b534229a769e3b5cd52bff0c2b75e70d
global/help_audio/728.bin	138320	5606ca0f1e727fd4e8dd62ad6a9b8fec25457bae
global/help_audio/729.bin	80768	9e573bed8f7237956af74baeddd2e4b63b2ee849
global/help_audio/730.bin	271600	e467acf3b813c0388b4ae844d48b74998255626d
global/help_audio/731.bin	64304	4e42ea35216d25ad16c1068a3e8a384cb888b18a
global/help_audio/732.bin	211648	faad4d57f92eea82a9f0d70dcd802c86e7b63e27
global/help_audio/733.bin	196848	694a9a866f58767768036afb203dd8adf840bd7d
global/help_audio/734.bin	213376	875663d396f328e39bcc14e69fe92329b6502580
global/help_audio/735.bin	170944	8e0cfef4221ff9d23a7494c199d429133474db0f
global/help_audio/736.bin	115280	e340fe75bbb283a9bea6a0a7a11a4450c80c1b56
global/help_audio/737.bin	144928	724af713187d6ee26b6d17f7c8d78f0cb0e143e3
global/help_audio/738.bin	242336	b5d03db09de1f93619a7ce6b5d2ff4b3c06da841
global/help_audio/739.bin	97856	ecf85cea856871dc4812814a49cc41b0dac343ce
global/help_audio/740.bin	219520	30e220d7b1fd1c25752fb5612b98a1a05ba2205f
global/help_audio/741.bin	121072	029c8b3f0a7585aff5bd738d52d616a477b9efdb
global/help_audio/742.bin	951440	918993842027d00bb4433281659c3975a1c71a1c
global/help_audio/743.bin	799760	0cb5e0964027856a05c17e6bf7b217543a2a35bb
global/help_audio/744.bin	641872	3a3b88f369e39a6117c561a50552dfb74f800529
global/help_audio/745.bin	90688	961f2167911bf966b74ef5d89ca1cb65e5236baa
global/help_audio/746.bin	152080	5a37108b265032df9009a32f50adf03ade61ae5c
global/help_audio/747.bin	183232	a26e300d41ad31c5415ac8df95c279dd95c29c90
global/help_audio/750.bin	215776	8cc76a7e6ce3a4b270edd2122ec2a4cedc484429
global/help_audio/751.bin	165840	add23d3826871ea781841982d850fea5e75b0346
global/help_audio/752.bin	155696	23d7e000da5700d84b9b692130cab99fe48c289d
global/help_audio/753.bin	213024	b0fc5fdd92ce4e04f0935a51b36dc9a9f160a5d1
global/help_audio/754.bin	238464	133dedb32b322a4ce859d777d28e26b039f54035
global/help_audio/755.bin	211616	2199a9cab6103f888e79bc0264ff065be98e7156
global/help_audio/756.bin	212720	c03d937322cdefb79da38cf41ff4789d1cee64f8
global/help_audio/757.bin	89472	74f0211d194a1d6b3dd4344d1191fcb6415ee539
global/help_audio/758.bin	142928	590554fda02b7986452541acddc474d70b7c19c7
global/help_audio/759.bin	191568	bc3aaaf772b5b8f72d6b45fc0195e06b8b58f38e
global/help_audio/760.bin	187200	ef1883052c74af3bfa9e5325791b319ee98f80cc
global/help_audio/761.bin	149536	8eac518cbb07fe834e3c248988b948090d941e32
global/help_audio/762.bin	151280	aebd5b79f96b6816e61ea97a0b25960f456072c4
global/help_audio/763.bin	169296	54e03f490764a6330f259f46f04bdec4bfb8a6b3
global/help_audio/764.bin	176976	5a338c64e9f2481e1e62ce5acdf4b59b6a80f310
global/help_audio/765.bin	175568	7e31cbd7840fc9ac3fecd154d9a780b61cc231af
global/help_audio/766.bin	124928	74ca62f54ba55a094b617deaca56f410074fee68
global/help_audio/767.bin	191280	bbcef43d821b1c916f508d997cd2567613fdecf0
global/help_audio/768.bin	155440	d6a642f2ddc315f6efedf93f2bd6188c36b09328
global/help_audio/769.bin	188736	df8be37765b826bf4d53c908e7dd7cd353a7dd14
global/help_audio/770.bin	170384	e9e6b75b45b4d9467ddbeecdb0cb1d96bd6ff235
global/help_audio/771.bin	203456	608ce0eec49c9240584ab3c43e19d8b2c52779e9
global/help_audio/772.bin	136512	203be0e59766c8c1394c09a6d3e9912c77e09de8
global/help_audio/773.bin	250896	55e34e52c7be2c7437838bc8ccb6a012a4469190
global/help_audio/774.bin	154032	0ef3d92e6c96f53711cbfba958498fb8c5bf87bf
global/help_audio/775.bin	246992	cf5a76cd84847a9dcd0faa087fdea89f788d9608
global/help_audio/776.bin	208976	21f8b88bb17c8223578874f52784847803dda2a4
global/help_audio/777.bin	84352	eaa9dfa8c6d5d24b1aa3e4a75e6f7bf47b1548d4
global/help_audio/778.bin	180976	5823f774f1cde40471b5f38e3652dda4bb022580
global/help_audio/779.bin	210208	bf00fa0eef5218e8eb95db51af166087057a51f7
global/help_audio/780.bin	204624	10aaf29bb1f7b912fe02cee820b5bcf200e89e7d
global/help_audio/781.bin	189776	1dbce4b7613d47104bd643148c5d7943927564c8
global/help_audio/782.bin	93616	f28bb4b92a5861dcf76a033f20e2bf3eab584ab7
global/help_audio/783.bin	116752	fbec537c02285d0ae871e38ef01d39c72b671187
global/help_audio/784.bin	167232	6cb61158a06fe46266212844ccbb8322c65a01b0
global/help_audio/785.bin	180976	4496f70c0945aed96ede1a1a6d37925c31591c68
global/help_audio/786.bin	121632	cd1dd4529cf9055d002b1acb73172087413d40c7
global/help_audio/787.bin	156016	b89251a4b71aa5b7d5cf63ad01f24d514b8cfeda
global/help_audio/788.bin	272832	a4eebaddb4ed60c58d1c87873ad69c6b1d624863
global/help_audio/789.bin	147392	ac4a66bdc0a6194a251c864394b3eaca5028084d
global/help_audio/790.bin	190992	5e7174bc077b55251e443eff9b8dd45a24e11834
global/help_audio/791.bin	216240	2b12d4de2d8dde638ec33b52338d304930a5a31d
global/help_audio/792.bin	108320	90dc2b3a989a17c7db41eca0042f5154441ecfab
global/help_audio/793.bin	96240	057407b16b5f27a8a6d67fc4d5c67e99b54fc881
global/help_audio/794.bin	169744	46b5060f739e52ce5447dcd40733aa15fef1029d
global/help_audio/795.bin	252768	c68ac6e410c23e9777cafbd5821087242cddbe3f
global/help_audio/796.bin	88128	a873fb7e062bc7c5a0c11bee85135e4fbf1975b6
global/help_audio/797.bin	183856	d6497d0c6445560593bfa9a95f2fa148d33b8e9e
global/help_audio/798.bin	165392	6e8590eb3e84448ba9424065ae0544fdf61153d8
global/help_audio/799.bin	87696	1778622869bfaceeb1f4722c7a74b86e6efdee44
global/help_audio/800.bin	220160	e41882b34a933bd2b6434a5f6c4844cb5acf3a1c
global/help_audio/801.bin	311088	97e6f208199947c26c02ac9b150ec7a3860d36a4
global/help_audio/802.bin	131184	94d2a6e9806ae495add69f085768cb60763caccd
global/help_audio/804.bin	178352	4441afecd0b233870676ffcbb24c8c076f574e32
global/help_audio/805.bin	143056	8b0a0765ffee314d5f86d990a9244cf65103645b
global/help_audio/806.bin	211024	8b2ae4a39820ecef4343330716dfd3e9c02a9fc1
global/help_audio/807.bin	262848	bddc00fc65a8f888b7379c7eb3584675f7e53554
global/help_audio/808.bin	201184	db3be8f432485f046554421c743c5972eec8cef7
global/help_audio/809.bin	260560	e577122c91b065e18983fd79250cba792b6254a2
global/help_audio/810.bin	172864	2e561c6ff8aef9b29ef5964cf30b59ba4d888229
global/help_audio/811.bin	222688	f4b4ac026df8c23d5c7b615f3a0d94a5e6dd8ad7
global/help_audio/812.bin	155024	8bf1174098faa01da88581d208785418411df081
global/help_audio/814.bin	117472	b46e3257f654dea4435048c475630335f18d69b4
global/help_audio/815.bin	96016	5663abda245fb282f21bd71541fb02a95bc1eee7
global/help_audio/816.bin	150272	d6ec031c492769c305f8cbcdb4ff0b639e0bdd48
global/help_audio/817.bin	103216	fdf137538f07d6e5d065e27e6be42f02f95f0d74
global/help_audio/818.bin	194976	a477dae63908815a61c43b41f7cef846ba6f3d80
global/help_audio/820.bin	288816	09fde9491632d9670c33b0d77731f454195c5f91
global/help_audio/821.bin	235216	d59271ed1bb076cce783175e5073d386e0068734
global/help_audio/822.bin	155984	bbd8769d08e59eeb2a0f332a387fc61f420a423d
global/help_audio/823.bin	84352	c900cd3a3c3278e6443e90739a45ce138fa9b00d
global/help_audio/824.bin	93040	d5d2226a84c004097e88a4535542b1763e0219d3
global/help_audio/825.bin	123376	d792208622c961d95177f1b40d5ea2e4321adbf1
global/help_audio/826.bin	134416	4d2c572823d92e6f372444fb431ba92f14c12025
global/help_audio/828.bin	83024	f667095f0496ed62c4a275c395f50feccc28a56c
global/help_audio/829.bin	238672	4e4a2d26bcd2f3737ab2bac2062e744b0808bd45
global/help_audio/830.bin	202640	f248823ba2d5b9c2bd1d75d2e010cd7231d7233b
global/help_audio/831.bin	175984	a6534ceec03c2a87610cb75941575f55f8d82f37
global/help_audio/832.bin	119728	f9d8d5e176e814815b04f7388b90364ba963eff0
global/help_audio/833.bin	231040	10d02a9c789eb30efffc8dbabe4722bb3f0d9604
global/help_audio/834.bin	211184	52a5ccebd04da8cb6afb43b921b418afc7ab657b
global/help_audio/835.bin	192544	d3759c0c0d6a08e801b49e36fdfcc2fc0b07d8cd
global/help_audio/836.bin	187056	844e4c296978cb3da9ebeded5e0a0a35c86b9990
global/help_audio/837.bin	77600	f31ac815bf9f8a196372a53aa5b3f7bbeca6e597
global/help_audio/838.bin	81408	e91f13a632e74bc4df63c90ca5e19a9acce50cd7
global/help_audio/839.bin	69696	c8f4c35189781e6a1e4ae3abc667369b8440cb5e
global/help_audio/840.bin	158672	c657d9ab6ad305386dc4af9c1d51c4fac2edf94e
global/help_audio/841.bin	153856	df454bf64c9d1ef1a645f42b7d0e41dacb223406
global/help_audio/842.bin	165424	efdd18240e9ca39c57d09fc575d9aebc2983f61b
global/help_audio/843.bin	69344	2299f6b987c876d03a03bd13d7d97d930f5559f8
global/help_audio/844.bin	170656	b6b648752b17cd6e8ad26ecad5fa680492415824
global/help_audio/845.bin	168784	69832128be666d1287bd1e0074f4d629f0484443
global/help_audio/855.bin	171632	09262ed3df07743b68248941eee036cfc53e23ff
global/help_audio/856.bin	147696	8897ee512a69656f30926a255e1fcdd32234db6c
global/help_audio/857.bin	229376	924d6be45987c15c4922bd3362f8248717938404
global/help_audio/858.bin	175696	8583eace75df8d2499dca7f63735528b7a9e1cab
global/help_audio/859.bin	321184	4bf1e3d86deb2d124ff26451de8d3862df2ff054
global/help_audio/860.bin	166352	f0be81623ff8cbf0d45f64a3b2e1c3d61d0d2e28
global/help_audio/861.bin	173424	03026719a96362ec81194069a4a342d565a423ef
global/help_audio/862.bin	93888	e0923483fad7f8e8e2c01d06074b6b215cff54c1
global/help_audio/863.bin	218528	ca58cd6fd6f9485c71e5a87a06c1c147fa34b7d4
global/help_audio/864.bin	133328	ff2e6fcd0fa6de82215601156a6cca37edd506ce
global/help_audio/865.bin	159696	07d9a41f9a0ee36442be4989d665d3fd28ccd42e
global/help_audio/866.bin	198688	9ad5292a4a10eae3762b9675427d6f577ecbbe9c
global/help_audio/868.bin	17936	5c24acc791de92f1753bfccb27ee23b0cbfacea0
global/help_audio/869.bin	125520	f379edf38ae8881e68857327f428ace0871a4b5e
global/help_audio/870.bin	143088	39108bc3c328f3243465a906699d621ba9a520d3
global/help_audio/871.bin	80224	d286e93620ab03a31c160f96cbda5335c5ca3059
global/help_audio/872.bin	267888	750bfcf9dfdd507f5a89f90706bf510a02022b5e
global/help_audio/873.bin	171248	adc9d50c5f154e74c5f95cc4bca062f10878dc31
global/help_audio/874.bin	216592	4eaff76306ec83bcd26aafe1538f8b8b94cb4953
global/help_audio/875.bin	175664	d1cbf3352ea021ff350fb31629d5868398c19809
global/help_audio/876.bin	273056	e8cfd4a4d7f7575d516e1db8d43483fb79c4dabe
global/help_audio/877.bin	348608	95a9e21b4c7177e86698a488dc1a1656dc7840be
global/help_audio/878.bin	122608	b4ffccffbb0bff510a3633e2066fd587cfa8902b
global/help_audio/879.bin	77424	ceec6476378cf43207178e77c460816f19177a3f
global/help_audio/880.bin	246656	c6809db1be557dd99b39e498d42654db4407a793
global/help_audio/881.bin	61104	e6b2968f24c791d6ab39d3a2ff9e95a326487bb7
global/help_audio/882.bin	209568	5ceebe9cce1f0fae2e6133cb39968bab34f500ab
global/help_audio/883.bin	213104	66afd273a2ee0b34b6b84023f9045e224aecf09b
global/help_audio/884.bin	224464	ad03cc464effcdcaf5d5a21eb6e382e1e595b776
global/help_audio/885.bin	164048	e9996fcfba65fc60e5d166e2c50bf7c2761735d4
global/help_audio/886.bin	121168	2e91ff553a686c02d20d51f812d061be2606f1b4
global/help_audio/887.bin	145664	83d57531e63ca70d76fe1c5604c7802fa5423033
global/help_audio/888.bin	213552	931ac6c9bc3c13e6eb32973c05d456c4e88042d2
global/help_audio/889.bin	115904	b9d8622d89203af3553ad1f897c1fc7b4841a4cc
global/help_audio/890.bin	206384	30eec8722d8b81cb2fab7977ab6f445f37c6232b
global/help_audio/891.bin	96768	381aa763e3609efb2bcd6e502fbebe65c0a7de2e
global/help_audio/892.bin	798624	27ae4fd41398b2439bd78791c5c1239b4becdaa8
global/help_audio/893.bin	670224	bb38c8f9427d67ff047e5be9587b3aa07a2adf14
global/help_audio/894.bin	487088	717de3a62eebd6a97832bd1ed21fce380dddc140
global/help_audio/895.bin	85040	e2a6672dba622b7f9c9c39a5e10eeab27df75e79
global/help_audio/896.bin	119008	4f34b9c17f1010ab55db440d24addd6aa0318ef1
global/help_audio/897.bin	157104	b8b4430536ebbbebb41d200d54f56ec5d6321771
levels/00/level_header.bin	9268	3d90a6ea41e015ecab5ba9a52b9aa79d4537cc59
levels/00/overlay.bin	1645644	3cab173f1bcbee2d0483a195246c5308680849b9
levels/00/sound_bank.bin	1410276	8f2492abb06828dce06634a0ced184461321a50a
levels/00/core_index.bin	32160	4905b3ae512070fe45db79f682060e84abbf1ac2
levels/00/gs_ram.bin	586496	37abb3c4064e6f81a1030024eebca54a65bd5582
levels/00/hud_header.bin	4164	65e03f15c594e79c4077bbbdf5309eb151ad5d49
levels/00/hud_bank_0.bin	62698	d34f7e27a10e37fba3cf66aaae081a2e86bcf120
levels/00/hud_bank_1.bin	160888	ad745a69af29c93964e8579c22296c4b1460453c
levels/00/hud_bank_2.bin	16	ff6d9e15eb701a0bd7732f94ab868b2b8e21391d
levels/00/hud_bank_3.bin	16	ff6d9e15eb701a0bd7732f94ab868b2b8e21391d
levels/00/hud_bank_4.bin	20540	e861b836faaf230945ae335c78211b627369aee5
levels/00/core_data.bin	9515621	81736b55372634d298f5c37cbb06c20a08897fbc
levels/00/gameplay_ntsc.bin	430080	1c93b9e8e29e541dd11ebe3533fdb5c7d8360ea2
levels/00/gameplay_pal.bin	430080	37319731210eb2dd85a23fb64c7b0f4657596c98
levels/00/occlusion.bin	14336	e9a2cfe7287a2abf7ac4371df6d713f5564659ad
levels/00/music/000.bin	193616	b627742eae760135b77625fea089364a2fcca0c4
levels/00/music/001.bin	3096528	260068aefd7d9199c2096cedba6a1f4a65e469f9
levels/00/scene/00_ntsc.bin	475136	c546b3dc0d2ae63d5fb76bee373a1ead2c3364d5
levels/00/scene/00_pal.bin	415744	cb0b0fcc40ee142e9b0d2d619f9e9aa26ec1a2e5
levels/00/speech/01_en.bin	231312	e13de6a62718d5a37511851dee44a64f58bbe07a
levels/00/speech/01_fr.bin	231312	e13de6a62718d5a37511851dee44a64f58bbe07a
levels/00/speech/01_de.bin	231312	e13de6a62718d5a37511851dee44a64f58bbe07a
levels/00/speech/01_es.bin	231312	e13de6a62718d5a37511851dee44a64f58bbe07a
levels/00/speech/01_it.bin	231312	e13de6a62718d5a37511851dee44a64f58bbe07a
levels/00/scene/01_ntsc.bin	223232	1798dc73a02751314dfb9a25f6f73032999f6b70
levels/00/scene/01_pal.bin	192512	77ec3b8cd371b777dab936151e1e252685641a4a
levels/00/speech/02_en.bin	999840	0a2292d402d86cddb3f141489aa463ae43904498
levels/00/speech/02_fr.bin	999840	f495902329449379b907bed263cacdb415e7ee47
levels/00/speech/02_de.bin	999840	5ce649c8527bf26f4b947e1f02175eb258ab95b3
levels/00/speech/02_es.bin	999840	b87f12303c7a94b9b71d9b4e3000843492b33d12
levels/00/speech/02_it.bin	999840	262a54ebcbc1a24f6014d8df8b6659587e09a8ec
levels/00/scene/02_ntsc.bin	1161216	d52d086867ae416458e85cfb5cb449794ba48bc3
levels/00/scene/02_pal.bin	1009664	5ec72a2d95be0fedcef9e102f93802eeead2e6fd
levels/00/speech/03_en.bin	1138288	204e2eceabac4ca1d0aab0462edbd518c122537d
levels/00/speech/03_fr.bin	1138288	46986e499dadf542341a8ba9da38cb75894f34d7
levels/00/speech/03_de.bin	1138288	6be8cc7353b12227a60e9f92404037fbb7421169
levels/00/speech/03_es.bin	1138288	291913ed0beb1e3a97f448c18c836687b1473bf3
levels/00/speech/03_it.bin	1138288	4ac741130a7c628818a0e7e7b8baa31da494af5d
levels/00/scene/03_ntsc.bin	1144832	a2490421cf9e4ff599ad3623ac8dcea517a24934
levels/00/scene/03_pal.bin	993280	387d419361605a165394016e20a57cb06558e8b4
levels/00/speech/04_en.bin	349872	b5530f7cc244466ee073898ecfa616646c233285
levels/00/speech/04_fr.bin	349872	b5530f7cc244466ee073898ecfa616646c233285
levels/00/speech/04_de.bin	349872	b5530f7cc244466ee073898ecfa616646c233285
levels/00/speech/04_es.bin	349872	b5530f7cc244466ee073898ecfa616646c233285
levels/00/speech/04_it.bin	349872	b5530f7cc244466ee073898ecfa616646c233285
levels/00/scene/04_ntsc.bin	237568	d567e75ce1c43db044524ab22030b9f54b58ec86
levels/00/scene/04_pal.bin	208896	48db72e54a93425557fa21fbe3524cc2ddb9e79f
levels/00/scene/05_ntsc.bin	411648	47dce2f283fe4b257c81454a8516dbde3770e6ef
levels/00/scene/05_pal.bin	376832	fab0ad80f3cfe79bcd42540b7dd4ee0c79ec0f43
levels/00/scene/06_ntsc.bin	966656	5756035786cab3c2b16e04516d24d509e1a92e8f
levels/00/scene/06_pal.bin	817152	05572ea0726d6b84bdb145dac92ce678a9d272ba
levels/01/level_header.bin	9268	7d9f9415b00aeb3d10ed52ef8bbba9901717902b
levels/01/overlay.bin	1827292	93c5f64440c7624c9505f7ac59c8005a30292b7c
levels/01/sound_bank.bin	1720196	ea88ee175b92dade3c660dfeba14a4e21b740b38
levels/01/core_index.bin	48656	0475b905020973be6c684f97f6b511db33b7d6b0
levels/01/gs_ram.bin	794368	852b325fc7a5e21e4f3d633b85f24ee0033477de
levels/01/hud_header.bin	4164	65e03f15c594e79c4077bbbdf5309eb151ad5d49
levels/01/hud_bank_0.bin	62698	d34f7e27a10e37fba3cf66aaae081a2e86bcf120
levels/01/hud_bank_1.bin	160888	ad745a69af29c93964e8579c22296c4b1460453c
levels/01/hud_bank_2.bin	16	ff6d9e15eb701a0bd7732f94ab868b2b8e21391d
levels/01/hud_bank_3.bin	16	ff6d9e15eb701a0bd7732f94ab868b2b8e21391d
levels/01/hud_bank_4.bin	20540	e861b836faaf230945ae335c78211b627369aee5
levels/01/core_data.bin	14022297	97b92fcfca898508186ff3e4f80626b6ef70ea92
levels/01/gameplay_ntsc.bin	512000	6704f1b16bc48dcde208428672168300e8d07077
levels/01/gameplay_pal.bin	512000	33295b280fec2774438381d41ab618c610eb4301
levels/01/occlusion.bin	24576	2da516db9619d51e3427f30902cd10c1402acbfb
levels/01/music/000.bin	96848	e3043bff099b49196e1c5378d7fe25a7566cc74b
levels/01/music/001.bin	2806352	843c4280d0380c4f02db3a3d8c2ce013e2751fb7
levels/01/music/002.bin	193488	256f594025cb58a54a83ec99ae5ffc71dc57e5d2
levels/01/music/003.bin	2709456	3fbf0916f857f81ef9360a79f25838a3ee9616c5
levels/01/music/004.bin	193616	efbeaba48abc41737b193a6959aa67f1120f648a
levels/01/music/005.bin	3773904	0e7104e14cd93081b13249823f42a81212a90bd9
levels/01/music/006.bin	151440	7fc7ceb3892f5644ee420457d4d549ba9c4f3f4d
levels/01/music/007.bin	151440	375fd26c127ba3409c2142746e7b152ebed9c181
levels/01/music/008.bin	151456	8679aa6dab1c1e26d5d7f30e73e5a149823381ca
levels/01/speech/00_en.bin	979520	594861b11e843930ef826321b3a05e63e779b944
levels/01/speech/00_fr.bin	979520	ec681dea364f1825ca9bdf8110b51b09bfbfef8b
levels/01/speech/00_de.bin	979520	572b90ed5612ef2c7cf8f9aa5c72685566334bf2
levels/01/speech/00_es.bin	979520	cbc613c33ef965bf5ad469d9c4ac814c3b3a3598
levels/01/speech/00_it.bin	979520	9b723eb20c3bd069224d9a0f535239e9247e542c
levels/01/scene/00_ntsc.bin	1970176	3ff1364194d8e1ce174fcf1e57a92f6b9bfcf7d3
levels/01/scene/00_pal.bin	1703936	68e3bcd608f622683d9db5acc1399707e5ad55d0
levels/01/speech/01_en.bin	345328	6c812b243cd7bfdb1177406bfb54deaafe3a5e68
levels/01/speech/01_fr.bin	345328	23725b77f258207784474c31449624665f3653a9
levels/01/speech/01_de.bin	345328	10cf4dcbf49827d0e3884a3c330cee97a4fd5996
levels/01/speech/01_es.bin	345328	c32b5dcbdd802490f7860353e1f925343c263a58
levels/01/speech/01_it.bin	345328	cfcc3418980e36cb59ac6b99dd46e7b73a32de6b
levels/01/scene/01_ntsc.bin	548864	6598d049a2740f3619eeb1010df0026334c701cd
levels/01/scene/01_pal.bin	479232	35c989b636b195e30f7e431988bb565445d9c635
levels/01/speech/02_en.bin	389840	5b83c4539133f4e1c5bb9cb324e902fac03c33ec
levels/01/speech/02_fr.bin	389840	8af7be109fc2911f7f7ae3482eeb0dbf692a9fb5
levels/01/speech/02_de.bin	389840	263318355337907825bb998b456ebc177963c92d
levels/01/speech/02_es.bin	389840	9992d40b314fd1975c6510cff5e1c94de4b8c5bf
levels/01/speech/02_it.bin	389840	0f95717c302bb851a87c5a060e006e2bf41f5ad1
levels/01/scene/02_ntsc.bin	413696	4191b56d0c36fe745ce9a34ef867c9037881073c
levels/01/scene/02_pal.bin	358400	0c9c60ce407c6bbcbd4d859143872bee804ca036
levels/01/speech/03_en.bin	454528	ee2f9878981e70e96a68c54fec803b670032551a
levels/01/speech/03_fr.bin	454528	b358c435d34ca4eac7d7cc031fbe6da58594e8a7
levels/01/speech/03_de.bin	454528	db2d9ec148ff7676bc101dc5d018f0164bc9f256
levels/01/speech/03_es.bin	454528	74ca4b66b9d04d9a23939d02f7c8e45dd5361084
levels/01/speech/03_it.bin	454528	d450b9ecffe387018acbae5bbe54460714913689
levels/01/scene/03_ntsc.bin	991232	87da67d69b60c0ad5d5a7019a51ba3441d6a1aa9
levels/01/scene/03_pal.bin	868352	66f180b39b8d83d5f1f9c80ed90cdbe7f7b0bce7
levels/01/speech/04_en.bin	651088	a90112401863d5feded1f2242e1e1c6858cddbee
levels/01/speech/04_fr.bin	651088	9733bee757412427bf231ae769063acaa5a06ab3
levels/01/speech/04_de.bin	651088	baa99aea965d8bbf3267acad28df0ee837dc8d14
levels/01/speech/04_es.bin	651088	d13f359141827b74eff14cc67ed371023e1e2af9
levels/01/speech/04_it.bin	651088	3fa181e70f940aff237df1a75024e90043929c35
levels/01/scene/04_ntsc.bin	858112	47612a0ecac8c3bc6c1d6a42469cc65fe28485ec
levels/01/scene/04_pal.bin	747520	c71628bbcf4e316b07f6e0b58a75131a92ed6c7b
levels/01/speech/05_en.bin	618112	582d6f936138f5521336f1b8bb730ffb28439aa4
levels/01/speech/05_fr.bin	618112	1fc3ff8724d3edce4123238c745e81dbd936632c
levels/01/speech/05_de.bin	618112	9e034f3992ba92aa0ce11215e6b60d0f0ea224e5
levels/01/speech/05_es.bin	618112	912ad1661f2281e9433ab0b3c7045f24fb05dd01
levels/01/speech/05_it.bin	618112	1db026f256a1b8de4dc6f7bab3b6bdbe0aebcda2
levels/01/scene/05_ntsc.bin	702464	813f8189d3d6b1ccc91d9100adbd9b1a9a4f537b
levels/01/scene/05_pal.bin	604160	c47e0d392ff85530c04f968ac12a3f51e3c03e12
levels/01/scene/06_ntsc.bin	1933312	fab36da251b837de288ba8bcc17106eab4698f80
levels/02/level_header.bin	9268	e097d5f3200b2ab626f067661be03a11b30b06c2
levels/02/overlay.bin	1706252	254b3ea341e5490c8b7f71edd50640359e0e6e0c
levels/02/sound_bank.bin	1722096	42117b43eb999a3699c468396818b53daffcc521
levels/02/core_index.bin	39744	d28577b5a6c1c65d3c423ed1fe060acb16041ac4
levels/02/gs_ram.bin	668672	852d3f54c973a4f574afa15a3e14f734df37ab88
levels/02/hud_header.bin	4164	65e03f15c594e79c4077bbbdf5309eb151ad5d49
levels/02/hud_bank_0.bin	62698	d34f7e27a10e37fba3cf66aaae081a2e86bcf120
levels/02/hud_bank_1.bin	160888	ad745a69af29c93964e8579c22296c4b1460453c
levels/02/hud_bank_2.bin	16	ff6d9e15eb701a0bd7732f94ab868b2b8e21391d
levels/02/hud_bank_3.bin	16	ff6d9e15eb701a0bd7732f94ab868b2b8e21391d
levels/02/hud_bank_4.bin	20540	e861b836faaf230945ae335c78211b627369aee5
levels/02/core_data.bin	12053025	59c5d5ee6f7343eb4a53ef4d68d6f21c7d3b1971
levels/02/gameplay_ntsc.bin	526336	a0e961b0e4e5fa00b270dce4286f100b1a9426b9
levels/02/gameplay_pal.bin	526336	bf69f718a61375e5ef9cb8b96a9947294c6260ab
levels/02/occlusion.bin	38912	b82edf9c90159fde454bdedc007eab0f6277d159
levels/02/music/000.bin	96848	31b5e12d87a43dc51e4a514faccc7ded998aa8b9
levels/02/music/001.bin	2854608	b9343f62a9671521290d8595183f1ac76ec8cf41
levels/02/music/002.bin	179280	c56fe3278a7f741a9b329160e9827720eccbdb84
levels/02/music/003.bin	3046480	93010ec49216abd1c5401fb2029fa94a5171bd20
levels/02/music/004.bin	161360	8023dbdddb7d72b00c6c76525bd7ab104cb192f8
levels/02/music/005.bin	3225680	0b53047d7193d42f43df007b86c4b6799ba4e795
levels/02/music/006.bin	151280	4140b15f680506165a23f7f4a9ffd070636a51a6
levels/02/music/007.bin	151280	2aab8a3e75579c00f5dc99e8218985dacb05f267
levels/02/music/008.bin	151280	38bab74ce1fc7c3def366b89601df704616441f2
levels/02/speech/00_en.bin	1197440	9eab1d3a9ff88edf8519bcc11bc24854b880dc32
levels/02/speech/00_fr.bin	1197440	e0e2690c6e0ced9b91bbcf1e81ee6c073044a4c8
levels/02/speech/00_de.bin	1197440	c3c92c5539be5b796bf23b6fec028fc9d517c4fd
levels/02/speech/00_es.bin	1197440	a9949b29bf515fcc3c7084ecf66ef3f03461a301
levels/02/speech/00_it.bin	1197440	6930f503a82dfa6e01d845a0e0215ff47f0cee95
levels/02/scene/00_ntsc.bin	2467840	776475a21c313ab65e8a43e803b4bee2ef581a88
levels/02/scene/00_pal.bin	2248704	1bf3c9c977814616656dc81c7aec8c908c3933a8
levels/02/speech/01_en.bin	365008	59e3301b759dc390b8f60904c3d1aa86b5c5a0d8
levels/02/speech/01_fr.bin	365008	d554bd14996af17cda987d7fcd17e72762c83472
levels/02/speech/01_de.bin	365008	f1dd4e7a17a04f8a026d845e771ddd3dca9b622f
levels/02/speech/01_es.bin	365008	b59ca1b544e3be987a37910b984681d65c42de54
levels/02/speech/01_it.bin	365008	7c444e2fc65160697e4609df3df8e9d13c49d758
levels/02/scene/01_ntsc.bin	645120	8a4c9f5fd5678fd4d10fad0af537e8087f9c6975
levels/02/scene/01_pal.bin	555008	c54f3b90c259fe3a3c013a572c2eabdb64e580d2
levels/02/speech/02_en.bin	1021712	f42b85b168594f8d29e0e6de71e7d2373190222e
levels/02/speech/02_fr.bin	1021712	729d9a6c1802ac39e5e6ff34cb5280925ed71d90
levels/02/speech/02_de.bin	1021712	6334ac2a8e0e86ba8ae73d44135f96ca1af662a4
levels/02/speech/02_es.bin	1021712	6933ea8716a2e58a125312163a57c6ed638538ba
levels/02/speech/02_it.bin	1021712	58082c4c380e4f036d11889108ae70ac9fb584f3
levels/02/scene/02_ntsc.bin	1697792	25fbebdd22e3028bc479352e26940c2836d90b2a
levels/02/scene/02_pal.bin	1468416	29922dd44928ab55576a462f50165b1b27a33bdd
levels/02/speech/03_en.bin	735824	735fb034ba3ed1a4e817feeb2c356cb167696d11
levels/02/speech/03_fr.bin	735824	405924ba382447b41d0467a52a81f35a4ba29914
levels/02/speech/03_de.bin	735824	5eb8366193ecd0fce1aefea6b7b0b613f81c50dd
levels/02/speech/03_es.bin	735824	03c5911a13d699d04cc07f87559a51060ec363b4
levels/02/speech/03_it.bin	735824	802a608a5e825efc7ab42a6e67bb02b5c275e090
levels/02/scene/03_ntsc.bin	1202176	a7b19e016d661d5606ef9c3107dbe9fe03f29133
levels/02/scene/03_pal.bin	1052672	0fd606620bb729138689edb6b32bab6bf44b1c38
levels/02/speech/04_en.bin	113600	c0135d0985dbbc4fd3e06f0e8544462d6f99e872
levels/02/speech/04_fr.bin	113600	5d8c3784b7f5b65eb927b980251d1be5d71f3e1f
levels/02/speech/04_de.bin	113600	b5c52df1473de0fc9706cad77fbc7e07773bf580
levels/02/speech/04_es.bin	113600	1fc5bcde269f56dd97397944ed7d9b372a592482
levels/02/speech/04_it.bin	113600	80c20e968f08d3ad68e6c95435204e19913101eb
levels/02/scene/04_ntsc.bin	94208	34b7fca0f3545e529b7feaa8f497039c0fab499c
levels/02/scene/04_pal.bin	81920	61403728b5ca6c5747451e6c0263c3757b52fb90
levels/03/level_header.bin	9268	0d17bd9c45aac75026f9974b4d14f8a7edc0ddcc
levels/03/overlay.bin	1644956	fc2a3f3f3f6db5c569935db8a7df3c0cae83124e
levels/03/sound_bank.bin	1720508	4e22bb4dc4a73403dcf024dd52808a3a635cf32e
levels/03/core_index.bin	40544	9262d4ea050e07843aa0f2ba530b51863a090d1f
levels/03/gs_ram.bin	723968	05364dd38c3dcb5126dce47a7bc66f679d49e07c
levels/03/hud_header.bin	4164	65e03f15c594e79c4077bbbdf5309eb151ad5d49
levels/03/hud_bank_0.bin	62698	d34f7e27a10e37fba3cf66aaae081a2e86bcf120
levels/03/hud_bank_1.bin	160888	ad745a69af29c93964e8579c22296c4b1460453c
levels/03/hud_bank_2.bin	16	ff6d9e15eb701a0bd7732f94ab868b2b8e21391d
levels/03/hud_bank_3.bin	16	ff6d9e15eb701a0bd7732f94ab868b2b8e21391d
levels/03/hud_bank_4.bin	20540	e861b836faaf230945ae335c78211b627369aee5
levels/03/core_data.bin	12718436	e2256087aaedf32653e40db728b2437326a42730
levels/03/gameplay_ntsc.bin	638976	5867cb3e37c817d40ba0db582c7ff9b5f5decfad
levels/03/gameplay_pal.bin	638976	72b97cae90cd69a59ce5213d4f8cf218cb437f94
levels/03/occlusion.bin	53248	26c3eea641ac0d1459c43548667bff4e5bd57106
levels/03/music/000.bin	179280	ab82069900f1d48c21864d01733593fe401258b0
levels/03/music/001.bin	5824080	8603927a3be671de49bf3eaba6d961d36a3a0bdc
levels/03/music/002.bin	179280	6280e472999c82eff16d3a30bf27f57e395e4414
levels/03/music/003.bin	3225680	a414fa8db61a189a9cb961f98d0e06ca2cb793bb
levels/03/music/004.bin	44880	abd01eca00c151e51fbeb53469e7be7019675cac
levels/03/music/005.bin	1478480	b429f971ec2a026992ae40eac67ffa48622194b6
levels/03/music/006.bin	151440	6318530944bdbc5e556329c685dbfd712386b1cb
levels/03/music/007.bin	151424	a691e124d3c3124174d77fb5656edc4fdd843a7c
levels/03/music/008.bin	151424	99ed15cc1e9329b3afc4eb22806675427401ed11
levels/03/speech/00_en.bin	1286960	b28f27b76d47a01c9877885adc1106ef3a1bf236
levels/03/speech/00_fr.bin	1286960	52eb5cce801fbba16ef4993aba13b13686e3e417
levels/03/speech/00_de.bin	1286960	e55af79ede402e4ba87dffb9f5edc3dc60de5c18
levels/03/speech/00_es.bin	1286960	d4471e7e04336bced206066baaa021a6cce025be
levels/03/speech/00_it.bin	1286960	c6def154c28801f2623ba9894d649ed31ac54ee0
levels/03/scene/00_ntsc.bin	1896448	bf2c6a65feaf61a5d307ecec44ac0ced7dc096ab
levels/03/scene/00_pal.bin	1646592	85ef24250bcc458b09cb84fcaeea4a199ca23270
levels/03/speech/01_en.bin	310880	f188ff36332d492ed474b65cfcd0ddefa1feb0ee
levels/03/speech/01_fr.bin	310048	7c82e172eef8c0516d3c7ca8c1854e30cda9cb12
levels/03/speech/01_de.bin	310048	ce53b10688fa90302ec90a4db3369a24e6e97720
levels/03/speech/01_es.bin	310048	01f3eedf4061e4c26ce6da589bca3cc288b72542
levels/03/speech/01_it.bin	310048	a7c35e6474f30e9ac9a1f094941acfdd81d8166c
levels/03/scene/01_ntsc.bin	593920	5729367bc606232eb490e60b5278755bb7b60f56
levels/03/scene/01_pal.bin	512000	5d9e1e519a9017363352e35794fe98a61978e547
levels/03/speech/02_en.bin	1538128	470bbaf2f56971a0b25702e4641b70cc6539b399
levels/03/speech/02_fr.bin	1538128	ae420c03c1748e279129a49810cb0c3dc8050726
levels/03/speech/02_de.bin	1538128	f4dd110a28cc8e51ad86b2b32920eb10e1c49e93
levels/03/speech/02_es.bin	1538128	59629413f4c84dad56dad4005c318f0cb065225f
levels/03/speech/02_it.bin	1538096	bffc9d451052fa6265c005035a01fc0c5a95d0b0
levels/03/scene/02_ntsc.bin	2555904	36cfa0e6d3dd951b8b256a6c0fff1422a2ea097d
levels/03/scene/02_pal.bin	2201600	fabf55c36e4e53d1de7d963c5de096950cd400a9
levels/03/speech/03_en.bin	435200	7ed6c4b553ec4e59292883f0e5cf18bd07bd4486
levels/03/speech/03_fr.bin	435200	5a0fbaca96c7c9e1498e7a3565b5e2a4186b1a74
levels/03/speech/03_de.bin	435200	91528814bc644a83063023b07ba6aa2326977bba
levels/03/speech/03_es.bin	435200	3eb33ecf085f975f0bbea73f9e0d1ff97d2ed162
levels/03/speech/03_it.bin	435200	f0c9c503d79671fe4f865415ae42ad06176b552b
levels/03/scene/03_ntsc.bin	645120	6643581a90f3d3bc406b3c013f6331370420e496
levels/03/scene/03_pal.bin	559104	dc791ac1a6f208f05e870e71d516bb418ad0cbc2
levels/03/speech/04_en.bin	614128	a41c28aace7e44b796d088e1a59721a3217fea23
levels/03/speech/04_fr.bin	614128	7ad800abd155be39d7b2dfe36cd6f43303188167
levels/03/speech/04_de.bin	614128	093bdece5cf849e14a8c502b452ff12d575cabe7
levels/03/speech/04_es.bin	614128	8adeecd4e6389ba9234b6f6a28bbf9f020958f13
levels/03/speech/04_it.bin	614128	13ddc0281a42e760c4271f9a0e14ca34fcf99c01
levels/03/scene/04_ntsc.bin	649216	0b112cea2e1023f1bbbb3a2223b6bd7209ee3c41
levels/03/scene/04_pal.bin	563200	e0500f0fc41256ab962b61d507a2240f30ba552b
levels/03/speech/05_en.bin	575488	dac11bc41376b3d6c1f129533a45d1389ed623e6
levels/03/speech/05_fr.bin	575488	e5bf32247a9e14cb4c790c2d5b93b58163aaef12
levels/03/speech/05_de.bin	575488	36457354f3b4ce20345e2ad6a1c8fd60578d09d5
levels/03/speech/05_es.bin	575488	a7b48d6707f8a5138faab8da35cbd6e1cd4fcfc3
levels/03/speech/05_it.bin	575488	00f5722fb8106931d483b3fcf4ac6f84696d7daa
levels/03/scene/05_ntsc.bin	186368	998e1788daada2b3d54ff487697172cee0e78c1c
levels/03/scene/05_pal.bin	186368	da87a542d006497a60946c3499fd005b28e2eed5
levels/03/speech/06_en.bin	399088	45efa095d9f86504fa86ac82303c78ad89b0048e
levels/03/speech/06_fr.bin	399088	177287910f82e6e2c1d739a4b8f245cb92b6831d
levels/03/speech/06_de.bin	399088	59b86846c9f25ddf7a80b674680bcf0b5dd25e92
levels/03/speech/06_es.bin	399088	a5a7b669c60d922703b4326d64939c8600c692ce
levels/03/speech/06_it.bin	399088	905c1f25b27a6444ccd4132e851c3bd1c5006fb1
levels/03/scene/06_ntsc.bin	124928	8bdf37faa015b37429193ccfe21fb64cc5abff51
levels/03/scene/06_pal.bin	124928	4cdfee0d387813a706cdfa7e3a626fde342b672d
levels/03/speech/07_en.bin	340288	8f973d7ea1a4327433388c862db4e585caa23550
levels/03/speech/07_fr.bin	340288	2ee8e8691ad6f04c2e4210a54926111b943bf6ef
levels/03/speech/07_de.bin	340288	7188793af11d2f88df8c79e4b641ce97dc1ae3da
levels/03/speech/07_es.bin	340288	d195c8fe8e57f39341dc2d405400a428dfc49067
levels/03/speech/07_it.bin	340288	7d9b079bc08d3b1346925618a170105ed2f3b6f1
levels/03/scene/07_ntsc.bin	112640	dfd7615be3e0e5199bb23dafe531c60c907f06e7
levels/03/scene/07_pal.bin	112640	242131d59c3cbdc1c69ddada34d05e2e0b70f39a
levels/03/speech/08_en.bin	651920	1090011a68a3e7b16fff3f17ee3232cd426f529e
levels/03/speech/08_fr.bin	651920	8e5d78747d08b691a1ec15e343d72a6419688177
levels/03/speech/08_de.bin	651920	1e1bffaed5c3848310af2a76b4df793682ebd4ac
levels/03/speech/08_es.bin	651920	b3f698933cc7e33898ccf8aa3608bd884adceea7
levels/03/speech/08_it.bin	651920	a98b2fc65d7e2efa54c28b63f5ba1a7a98c71c49
levels/03/scene/08_ntsc.bin	704512	afca31e89c262cc45bba89fa865f850841975f73
levels/03/scene/08_pal.bin	618496	a3a63b71c11c3510cccc9548faa3c49a1a963676
levels/03/scene/09_ntsc.bin	911360	53f598e1872e29d11b93f6acd66c73ee4974d19a
levels/03/scene/09_pal.bin	788480	1a551c7f6ed0ec468a9e34de921e59b01c1aa8bd
levels/03/speech/10_en.bin	32032	be23fa5595e1e82dd98e5f0b0b3ad209aceff31f
levels/03/speech/10_fr.bin	32032	be23fa5595e1e82dd98e5f0b0b3ad209aceff31f
levels/03/speech/10_de.bin	32032	be23fa5595e1e82dd98e5f0b0b3ad209aceff31f
levels/03/speech/10_es.bin	32032	be23fa5595e1e82dd98e5f0b0b3ad209aceff31f
levels/03/speech/10_it.bin	32032	be23fa5595e1e82dd98e5f0b0b3ad209aceff31f
levels/03/scene/10_ntsc.bin	14336	4f937789060878385c7b967ee6d23565d61ff808
levels/03/scene/10_pal.bin	14336	8f3bb40fdbeeda4366bf7b4f68e3cb4d9543d847
levels/04/level_header.bin	9268	b0ebe07ef3e4e4d2fa4c878af6076af7b6fb3637
levels/04/overlay.bin	1661552	2ee619eb560f5fc413093c434cacdc6e5fce5b9e
levels/04/sound_bank.bin	1570860	42f85e3fac39cbbbe6c04ca24559b03fce016141
levels/04/core_index.bin	39408	cda8b6613f2d812e7246ac2c51990617e1930d4e
levels/04/gs_ram.bin	685312	6d32a9f0dcbf020e872027087805fdb7336a71c7
levels/04/hud_header.bin	4164	65e03f15c594e79c4077bbbdf5309eb151ad5d49
levels/04/hud_bank_0.bin	62698	d34f7e27a10e37fba3cf66aaae081a2e86bcf120
levels/04/hud_bank_1.bin	160888	ad745a69af29c93964e8579c22296c4b1460453c
levels/04/hud_bank_2.bin	16	ff6d9e15eb701a0bd7732f94ab868b2b8e21391d
levels/04/hud_bank_3.bin	16	ff6d9e15eb701a0bd7732f94ab868b2b8e21391d
levels/04/hud_bank_4.bin	20540	e861b836faaf230945ae335c78211b627369aee5
levels/04/core_data.bin	11889185	2645d38f75c5a2e4bf917be860977940c72fa771
levels/04/gameplay_ntsc.bin	450560	7b3f6a1d723efe8fa9d2f0ef96b11a17d25eda39
levels/04/gameplay_pal.bin	450560	757092f83cea52a5aed9ab59bf22ee13cd988b55
levels/04/occlusion.bin	18432	f5ca6ecaece3d616729b7bcce99bd3c4f94ca709
levels/04/music/000.bin	96848	1b1619809a2914038e428117911faa47d8e3d6ba
levels/04/music/001.bin	2999792	d08fe60879c763cfb37d3f85557c9843dd67eda9
levels/04/music/002.bin	193616	96cdd94c2bcc3297e9be8762820deb48e1e8fff2
levels/04/music/003.bin	3677136	e3e79a25dd6125805a041c9c48f2d128e6f93e85
levels/04/music/004.bin	151456	4cc7e527a20da5f6cba40f1e5589ac7ce6bca9f3
levels/04/music/005.bin	151440	afdc22f9de7cd57311ba9bf3d474b642c25712d1
levels/04/speech/00_en.bin	386032	a5754eea6bc3e1f5bad0a601cbd8d121c01f9ca4
levels/04/speech/00_fr.bin	386032	67e7898b7c8cd862f5eb11a4bfeb83b485c808a6
levels/04/speech/00_de.bin	386032	b702d0f68578c4060a59b5ecf4b64b3e5738fe1c
levels/04/speech/00_es.bin	386032	4a51fc6448649442e89921fba729e0a4b6145794
levels/04/speech/00_it.bin	386032	edaa4c11b36b0376072d14776a31bc9d084ac9b8
levels/04/scene/00_ntsc.bin	452608	04bd444ab802209bd087b8025e3308b3f5ccd192
levels/04/scene/00_pal.bin	393216	57e3699288e6aef0e60fe699b6700746836f9beb
levels/04/speech/01_en.bin	785424	26c00781750cf67a6817e3d3b893000ad6a00df4
levels/04/speech/01_fr.bin	785424	c25a2f121df596418043e80fcebc6124c703ce30
levels/04/speech/01_de.bin	785424	a4a1d8b6d4cb5419174ff6677ea63386044cfc83
levels/04/speech/01_es.bin	785424	1620c3779ea7eec5a7cddc268b336fb3383b349f
levels/04/speech/01_it.bin	785424	0d64cd20e22fa22fdc8d249be32b1ebf9bc8f271
levels/04/scene/01_ntsc.bin	944128	c4d4bd401887629f22ab244e0709eab17597786d
levels/04/scene/01_pal.bin	813056	32700311f22b22e46ebd436a7439f813be411c42
levels/04/speech/02_en.bin	113600	caaf039164b63523a521937b77dcae302d9870f9
levels/04/speech/02_fr.bin	113600	6de31f38bea38c5bb99867e635e0f2bcff5f3054
levels/04/speech/02_de.bin	113600	6038423ff31731251375ca6cf4e507fb2511c599
levels/04/speech/02_es.bin	113600	34dc85c0df969dc6e251562c65b369eec9a407ba
levels/04/speech/02_it.bin	113600	62fb2159c4d6e5e38aecdb728ec26434c10cb26b
levels/04/scene/02_ntsc.bin	90112	17a287b07b6de8a92337200e04e49c44281c668e
levels/04/scene/02_pal.bin	79872	1156d53f11e508872e0907f119b8a627d119c369
levels/04/scene/03_ntsc.bin	708608	7cdab5b15fd75399a19f3e263311c571ceb616d9
levels/04/scene/03_pal.bin	614400	85aed6b12ef9b2d58c8ecf1eada58342f22a5300
levels/04/scene/04_ntsc.bin	253952	feeacaaa5aab90f0e32e80f9d0db7dfa2d62fdf9
levels/04/scene/04_pal.bin	237568	bcf9f86dc44c274626f7c5c65b88ab2a69771755
levels/05/level_header.bin	9268	f11a1c5b49ddef2341ccbd115fb335ca45bd4b73
levels/05/overlay.bin	1899808	ba66de6e79628928369d8a5dac1cb38d665b354b
levels/05/sound_bank.bin	1761044	c0e35428df55b56c0c639a3007f5116e79433796
levels/05/core_index.bin	42192	7807547685744d3318c20848d58af71f8b47b497
levels/05/gs_ram.bin	716800	8bbb23332fd859866419afde56673e90ee1bd453
levels/05/hud_header.bin	4216	4a5ec6ff895e6da03f212f854b31405562c60ab4
levels/05/hud_bank_0.bin	57885	6a5fec6510c427a01bb76be37601b6c32b009e74
levels/05/hud_bank_1.bin	142099	f5d39b21b30c0f3c861480f58880fa45f1475fba
levels/05/hud_bank_2.bin	16	ff6d9e15eb701a0bd7732f94ab868b2b8e21391d
levels/05/hud_bank_3.bin	16	ff6d9e15eb701a0bd7732f94ab868b2b8e21391d
levels/05/hud_bank_4.bin	48798	34c998086800b909014b7cd9f8d7564237bcc3cf
levels/05/core_data.bin	13826007	a7648419c07ffe71af3a7299ae8edfec9ffcbfb8
levels/05/gameplay_ntsc.bin	577536	5960e4544b409cad9245e55ec0ad1f7d5431e881
levels/05/gameplay_pal.bin	577536	a30c8314f2199e846b06030ec981272868e4907c
levels/05/occlusion.bin	28672	9cded1ff51fae2917724c0314f46be998688288a
levels/05/music/000.bin	171664	fa7b88312fcd4aad0a866a6d8579c255f9662650
levels/05/music/001.bin	2916720	f1b080d009a97aea29800065a86518c867c59c6f
levels/05/music/002.bin	75680	3e7d47a8bd37176bfce649f35ce33a5ddeb6017d
levels/05/music/003.bin	2419280	5d927420e7bcc9cf42211c186b3ba0aebe79ada5
levels/05/music/004.bin	85872	391de85301c66793e1daa954c327944cef890840
levels/05/music/005.bin	2916848	8f703e576ff304a583d0ab25cb0a3d395c9cd6d2
levels/05/music/006.bin	151440	ec48e42a1df92c8dadccaa86a5975ed2066d30f6
levels/05/music/007.bin	151440	75b9859d647b8527ab52c3004957e63a86095bc5
levels/05/music/008.bin	151440	8de9d113cdfbc6d52d5d40ed4050f7580cbfc456
levels/05/speech/00_en.bin	617488	3c46cde19202436e1a65ea7a64ead6c88f956579
levels/05/speech/00_fr.bin	617488	73173171176fecc5a421ca4dae1995a37fafb72b
levels/05/speech/00_de.bin	617488	0992fba46c249745504bfe525e28268596d1182d
levels/05/speech/00_es.bin	617488	f7f1f5f6bc400629f4eae63ff33182a893ba9323
levels/05/speech/00_it.bin	617488	c9962316bcb1b33c1c6050dad4639c3b017d2a06
levels/05/scene/00_ntsc.bin	960512	0cf40d0185b175e51e0933cf8abbf85973e55a71
levels/05/scene/00_pal.bin	827392	9ddfd330194310275853e903320ce2ca7cfb4527
levels/05/speech/01_en.bin	79040	d7dfe9482b1b73ec4130e1282114bb71ebf69209
levels/05/speech/01_fr.bin	79040	fde72e64a496eb1397a7630e87777eae8e5c6ed3
levels/05/speech/01_de.bin	79040	071d0507cc9eb820491272d35607294807f4cb68
levels/05/speech/01_es.bin	79040	edc8cba39cf4c88cd822326d8023fd9a8429e56d
levels/05/speech/01_it.bin	79040	ac731f4f8b5bfd2d09ef5c3d3401004d4aca56e5
levels/05/scene/01_ntsc.bin	59392	5d6feabefb72f8630891b80b8fbcc7f4323d3262
levels/05/scene/01_pal.bin	51200	eaa8cb3d80839a21f9de59e96c60b1a855574e8e
levels/05/speech/02_en.bin	236128	5b4f21375e6be571e6a3948088d2a409ac79746b
levels/05/speech/02_fr.bin	236128	4cd2c02efd7ab3ea1fb346dc6bdcbb6a88b54fa5
levels/05/speech/02_de.bin	236128	115de54b6af08a71c49cf322053128f6527c6f17
levels/05/speech/02_es.bin	236128	06705d5664e8d77d08dd34fd0ba9757a6c7c1df5
levels/05/speech/02_it.bin	236128	00647c57959cb5770072c76e6d28224b5b34b154
levels/05/scene/02_ntsc.bin	327680	37a0f53a6c46f5c558a723d2bbf9c50131ca0f66
levels/05/scene/02_pal.bin	282624	008d1830001c10a6fa386f52948a7a7cce8ceffc
levels/05/speech/03_en.bin	138688	ef7d411ca5f90f08665ba81579fa23a0aa23c7c4
levels/05/speech/03_fr.bin	138688	1b79473576df051254518904370b8cc6df258ba8
levels/05/speech/03_de.bin	138688	50b56700643045f193b84679a21e3ed3c2a79f4a
levels/05/speech/03_es.bin	138688	f3e5622370be7f8f867dfbff31fdcfb6edb890ee
levels/05/speech/03_it.bin	138688	bb166070a134d78da1f6b82159ccca4c2ed6c651
levels/05/scene/03_ntsc.bin	106496	40bf15628c7670da8edbc62338d7cd405997b03c
levels/05/scene/03_pal.bin	94208	e29d1703101626222c440f1dbaed15e2455d0481
levels/05/speech/04_en.bin	155488	560040b0564d9494645c113e9c771998b5633ec4
levels/05/speech/04_fr.bin	155488	e827d0775ae6cb4b59ea7f1755cd15770a1c6a73
levels/05/speech/04_de.bin	155488	4ec8be044046b529e191cc9ae7ef5c075179b5e9
levels/05/speech/04_es.bin	155488	89d4ef128589e3c9cb5960a7a0a32ddbf004246f
levels/05/speech/04_it.bin	155488	cc31554a0c8cfff8c6548913e216432b07ff4b4e
levels/05/scene/04_ntsc.bin	116736	c7c27e031312b1d416c61f534d35edc5c07318b3
levels/05/scene/04_pal.bin	102400	e99c44746aedb9b03ea2a1f86d433ba67e7f8aa5
levels/05/speech/05_en.bin	1037488	3fe1d8f7b4123c9375e373357c7372f08775c36f
levels/05/speech/05_fr.bin	1037488	06adc51c58c6e51242ff7e6ee8c7a87aedf097ef
levels/05/speech/05_de.bin	1037488	280021c5228e68112b09567860226286fa981f1b
levels/05/speech/05_es.bin	1037488	1e198fc9685c33f1e0c6daf77ea20c3b6678ab94
levels/05/speech/05_it.bin	1037488	98e0a2038766e6a512ab249457c1b0f94a82cd07
levels/05/scene/05_ntsc.bin	1470464	a3e132328590052329690cf54504f4ca8c06e233
levels/05/scene/05_pal.bin	1282048	9c8976dc6a3d1235577fe0ebf7c9c8cde96735e7
levels/05/speech/06_en.bin	146240	8d0d06fa9c2644290c43b63b240b674bfb5dface
levels/05/speech/06_fr.bin	146240	6f659dc7a88cd6752f3b94a254bc4a763be38cca
levels/05/speech/06_de.bin	146240	02b16d535d9c6564a333990068bb96565fe9ebc5
levels/05/speech/06_es.bin	146240	486065aa6de43f9ece8d2ca7010ff937d48665bc
levels/05/speech/06_it.bin	146240	33bc7a5f7b5561b3bbe2eb46b2ef01260ea74251
levels/05/scene/06_ntsc.bin	249856	25e6267e6e01ba090267354c2562b99b45d58a8c
levels/05/scene/06_pal.bin	217088	3fd76d973983696f06a1372ca7c898a8deb0b22f
levels/05/speech/07_en.bin	886288	af5094cd0c27a48e5f2b93cbcd09cadf4bfba433
levels/05/speech/07_fr.bin	886288	1d1117f378e67873e4981a679e574583f5c87ce4
levels/05/speech/07_de.bin	886288	5e558c3eea2c8592393200ec5eae59aa80674bfd
levels/05/speech/07_es.bin	886288	6b4913515e4a18149c3fba20304691b7ef810b4d
levels/05/speech/07_it.bin	886288	8e70a1331e1606c9a0542dc352991324d3a8d603
levels/05/scene/07_ntsc.bin	1249280	868afd9f07c482057306bcccfba82a62d660cc1f
levels/05/scene/07_pal.bin	1085440	c1ce93a6ff21e8d50753cce9c9d7b2f2ce4dd7a1
levels/05/speech/08_en.bin	567088	87e1e694fcfa00095a8772bbdb5ef2865e28afdb
levels/05/speech/08_fr.bin	567088	9abd0102ee18478ec7317b96cb482ac8c6e20134
levels/05/speech/08_de.bin	567088	3e5f097140bd71d08addcccce3f3fd9feddc60af
levels/05/speech/08_es.bin	567088	8675b7e4284ca2e40c7ac0755a1eb03805f1dadc
levels/05/speech/08_it.bin	567088	15423ad93dd68066a5aa15d82a18538fab52a873
levels/05/scene/08_ntsc.bin	968704	f32afb058905e889e950497c7142229913939c13
levels/05/scene/08_pal.bin	831488	fc48f9dc1bd18040e6f3e79736ee60986a49b6dc
levels/05/speech/09_en.bin	1055120	ec3154892c9cd2e673dfb3f5d15c244369df1949
levels/05/speech/09_fr.bin	1055120	7efe58f08790953e3556e87001bf5558f8fad9d6
levels/05/speech/09_de.bin	1055120	7b401afbb24cea71cc58f39b5de3e2802e4c1592
levels/05/speech/09_es.bin	1055120	bfebac88086014e498638dcf609299d6897a741e
levels/05/speech/09_it.bin	1055120	053872f1a856c76c76563769e42a9795f87b73ab
levels/05/scene/09_ntsc.bin	2007040	d20e3dff85819ed1e1011da718fce545b30707be
levels/05/scene/09_pal.bin	1730560	fa3dea01a3011f6bd13b5b04354f158352889e84
levels/05/speech/10_en.bin	1155088	7719ced3be927fa184bd4b442232f51939aa5327
levels/05/speech/10_fr.bin	1155088	29ae4cc38846639c67bc7a356213576241e4038a
levels/05/speech/10_de.bin	1155088	5b891e6389b01e748002db2dd1825a8eddad3e22
levels/05/speech/10_es.bin	1155088	1d377e1f2db6768c7f8ff53a2d0591425d9e497e
levels/05/speech/10_it.bin	1155088	34faa852c424ba371d2ae24c6ee22ffb76d720b3
levels/05/scene/10_ntsc.bin	1839104	e80f6f32dc499ecf4413c5e73c9d4d59938df69f
levels/05/scene/10_pal.bin	1593344	f87f9c7cd2b43cfd73928cdbb5ca8da5bf8622e5
levels/05/speech/11_en.bin	280640	ebc595f1b400f878e91166a4e88acf1d113705b6
levels/05/speech/11_fr.bin	280640	3614af3164ca076a76e25a57839db659cd3106e7
levels/05/speech/11_de.bin	280640	ff0fbe4a0206022cac67d65d69e8b60c42af7406
levels/05/speech/11_es.bin	280640	2d99dfc02b8e7a7246d08f7a81028762d5e5808a
levels/05/speech/11_it.bin	280640	e2af2b8e9ed194b335e53b2f6fd20f65bfef669f
levels/05/scene/11_ntsc.bin	399360	6052e710dbf4d4aed4a25b07a2187cb80b6447fe
levels/05/scene/11_pal.bin	350208	d6bc3d18fb11ab21dbf4f4bf6b04134972fc6a8a
levels/05/speech/13_en.bin	203824	55e53d2d12c217b661f0d99655d725c9a7eca07f
levels/05/speech/13_fr.bin	203824	d5915b5b296a93069dc3758822b80e012d2ce075
levels/05/speech/13_de.bin	203824	e5a8620294ae3b963accca52b5559366ad64971b
levels/05/speech/13_es.bin	203824	c549c1ab00e1bd117b503b023d9bcf0cf87662ee
levels/05/speech/13_it.bin	203824	ffea48304569ccb5fa969d32c66cb02bbaeecee7
levels/05/scene/13_ntsc.bin	354304	1f642f9b96753e18d6d3d93dff847d7666fb8ac2
levels/05/scene/13_pal.bin	309248	8b6af9f2bb210f46fee51a37e5f165b71a73ba06
levels/06/level_header.bin	9268	a4d484f81853b7933880ef665abb42828e735a1a
levels/06/overlay.bin	1812848	90017d087f51a2732574ecba18eb08f20998d1de
levels/06/sound_bank.bin	1735260	e5318ed2c3d17636c484c26ab83a914027ad6bc1
levels/06/core_index.bin	41264	c1bb7f23f99ceac320d0ec986981722efe5e53be
levels/06/gs_ram.bin	639744	1b4a840650feac6c459b8c46a60f25ea7270037a
levels/06/hud_header.bin	4344	252862dbf9d7c7ca798bc60afa90b9a73ca01630
levels/06/hud_bank_0.bin	62698	d34f7e27a10e37fba3cf66aaae081a2e86bcf120
levels/06/hud_bank_1.bin	156031	7154387fcc5721147616556e35251ffd06464cb2
levels/06/hud_bank_2.bin	16	ff6d9e15eb701a0bd7732f94ab868b2b8e21391d
levels/06/hud_bank_3.bin	16	ff6d9e15eb701a0bd7732f94ab868b2b8e21391d
levels/06/hud_bank_4.bin	32146	d6b23832380e5252a292b9c4c4a24ac1f138c317
levels/06/core_data.bin	14582487	886ab62302bc3179b447ab8779f1b90dfab884d6
levels/06/gameplay_ntsc.bin	579584	9795c42bd558a02d63ce1fc2cb584e78ff33c94d
levels/06/gameplay_pal.bin	579584	3fc9edd8e0f06edb19428b0b97e8a6fd5cdc13a8
levels/06/occlusion.bin	30720	6fed82e7cfe346e62cc6f54a53c74f531e942e03
levels/06/bindata/000.bin	241312	b9cd00bc5b75ab4a4df77352c691c59c7a197ebc
levels/06/bindata/001.bin	238352	a460768d902cf6468a042cb6cec65d85400ecdae
levels/06/bindata/002.bin	240208	a9edfc84014eb5fa8e22562ab5e34cb63485bae9
levels/06/bindata/003.bin	225280	ed078b645b43e2a0b6d46ba9b17414853c1bd38f
levels/06/bindata/004.bin	242688	95d4fe49c56fb0bcc9149043af784ebf3dc656de
levels/06/bindata/005.bin	257552	95924c24aa115c3f062fccc5b2c41a9dc89dad75
levels/06/bindata/006.bin	100400	ebd7d01b4ec69becc1641d359933d6dc6d0fad7d
levels/06/bindata/007.bin	99264	e41c6bf213e39bfc1e34315185d650acf8847d6b
levels/06/bindata/008.bin	103296	3b60ff2e18839bd2cfb388fcbdf17d0a499da270
levels/06/bindata/009.bin	98240	fe2097598bff26903f54dff0ff768aea63e716f8
levels/06/bindata/010.bin	101312	dd4a5cb2b19d9b4f5e5a0f1542d14c36132eab18
levels/06/bindata/011.bin	117120	ea83e55966d403d80a2795949b865136f1b4774e
levels/06/bindata/012.bin	187600	b9248b8d655e36ef85de510e084407ac4263359f
levels/06/bindata/013.bin	189616	df3a49fd399f95a084e541bb945c8bc5e64268a6
levels/06/bindata/014.bin	185840	62fe3e0c7cbf15c252f7e803f1596b8ea371d829
levels/06/bindata/015.bin	176896	00845161874e45302ee7187e0d762b1ec42dabb3
levels/06/bindata/016.bin	181200	2c09a8149225a1e776d259b1247dbcd4b24741ca
levels/06/bindata/017.bin	203712	d1db8dc80dd361f8ea3e8a43e9a4bbbd86d2e15d
levels/06/bindata/018.bin	231968	7c811feecfea35a9fed1e7771d375658bb223f5e
levels/06/bindata/019.bin	225936	de3555b595f38bec35424f0affe603c6398b7dc7
levels/06/bindata/020.bin	229776	20b9f06c24b05984fa0a23eee618b5ae79049ec2
levels/06/bindata/021.bin	219568	bb6580354d6c24a70f05130cf1fe3c1c64572d4a
levels/06/bindata/022.bin	234384	418a4446e3664ddae2305f67542e779ec5699955
levels/06/bindata/023.bin	248192	286e4428fcfdc65ce8ee67903e3333b6caca8d92
levels/06/bindata/024.bin	156656	0a7d3bbe642a55002c282e4523fc6f781276587d
levels/06/bindata/025.bin	161008	c1533aed53b4f4e4fcc24ed0799cc55a7eeda410
levels/06/bindata/026.bin	159200	241f0dbdb69a654d940feebe54ceedd1e583fd67
levels/06/bindata/027.bin	144736	fda4cd85cce2016db0e241507ca8c6410c7da491
levels/06/bindata/028.bin	162048	66dcfd124289d617d8f7e72fc86c1e805974a83d
levels/06/bindata/029.bin	166480	b63623ef7461608f07acea6d92d3f5b67df2ad26
levels/06/music/000.bin	179280	3ae424f08e98ec02d7ec70982082fa916f489d3e
levels/06/music/001.bin	3225680	b1b98bfba807e2ea7ab326489f4ce65140d5622d
levels/06/music/002.bin	179280	76021d438d25f8baa5945b44061e4457790c504a
levels/06/music/003.bin	2867280	51f384e6a0c087122821c56664eddf8166d7213c
levels/06/music/004.bin	50480	6e9d216e24d46a0df085f1869ce2d8b10b55f48c
levels/06/music/005.bin	2973552	0e527892225b377573c3a61b2324fe9258f7de30
levels/06/music/006.bin	1334512	ee43f4c9f5d3e76caf5d75599df2d035b84a6821
levels/06/music/007.bin	151440	9d046467c84fa5bfb983b8e0f33795e831fe8890
levels/06/music/008.bin	151440	08641b1e78e8f3646bc7c948368d8c8691cebd9c
levels/06/music/009.bin	151440	5c0fd99768d43e266565166febcb06ecc7698913
levels/06/music/010.bin	151440	731ef26ac3db3591cd74403b9515f9b1d3b4918d
levels/06/speech/00_en.bin	995648	81d5c63942c4077dced6051a891a530a7711a511
levels/06/speech/00_fr.bin	995648	16afaf32cb6c312ad4eb54fd4c7c5b23b546d019
levels/06/speech/00_de.bin	995648	0a33709f7ceed96f1bf42eb99fa2e2930ddb1de1
levels/06/speech/00_es.bin	995648	200507dc8f14fd79465345167dde27225d724fc2
levels/06/speech/00_it.bin	995648	80f95ccc38a86affd435c5903216a1f4033406ba
levels/06/scene/00_ntsc.bin	1337344	6a4bba49ea1efb4c44778f1bac5ca12c9ffee5c2
levels/06/scene/00_pal.bin	1150976	f44535e99d76efde8c813ced54677973923a1e33
levels/06/speech/01_en.bin	159008	910ac5403de80a75d7b6be9885a41e9b32b43851
levels/06/speech/01_fr.bin	159008	6e7ba4c5f4e54fdd94dc6daa52bb324f12ed4800
levels/06/speech/01_de.bin	159008	301ec875c727c2a07b81400f9fb26e3c049573d7
levels/06/speech/01_es.bin	159008	61a83430caabeb02d1261784e14cde37160b4130
levels/06/speech/01_it.bin	159008	8accc648e19b75befc5fb5785c4d30dc1066d27d
levels/06/scene/01_ntsc.bin	159744	6d98df9d835b029bc021d134f5770875fd3b3b2d
levels/06/scene/01_pal.bin	141312	e9bb1efb6c5b97b3ccd45fdad522cbb3ba47192b
levels/06/speech/02_en.bin	197680	d9ccfe3e5102f8dceb2336501305c96b32c7dac8
levels/06/speech/02_fr.bin	197680	bf010b89fc5f9b82786a914693f0c4a0198bf7d9
levels/06/speech/02_de.bin	197680	ad0a056e37ae1c507bb7c593ccbe60d29b6ffb42
levels/06/speech/02_es.bin	197680	fd77d2c21a6a607e254a9c45d985de97d17913a1
levels/06/speech/02_it.bin	197680	a15bb0812595d1aba6d90b169401843762ddd440
levels/06/scene/02_ntsc.bin	100352	7bbaf462af3c92869c4799ce2dbbd065a4f4fc23
levels/06/scene/02_pal.bin	88064	d24d5fb4ea3038eb6b281edac2483321b34ad2a1
levels/06/speech/03_en.bin	407056	2cbc5dd5f6557a61628f3a6f59768ab8acffb328
levels/06/speech/03_fr.bin	407056	e1b2fe1b8eafaa0a1ac7be115dd9a90ce8e2aca7
levels/06/speech/03_de.bin	407056	10fdb5aee4dfba5481f7bea4dd517e755d4f5e27
levels/06/speech/03_es.bin	407056	d7ea795670ad69d5e84b22562b399a5fa917ceb7
levels/06/speech/03_it.bin	407056	cfc7a9e47e395bb0ee685b10783621c39e3fbca0
levels/06/scene/03_ntsc.bin	405504	4588151ce973fc0b05e65ee0c4d24629e648673b
levels/06/scene/03_pal.bin	354304	a53a5f1c205f64b3cd23db1e6a612697ae3ccd7c
levels/06/scene/04_ntsc.bin	1921024	98d4b20a0ddfd14149fc5cd5d259814045470c43
levels/06/scene/04_pal.bin	1662976	eccfac3ec0b7794efd38a579a32b86dd4d3a22df
levels/06/speech/05_en.bin	225440	f53e354fe56918594d956dd7e7ca8b9d58da4c59
levels/06/speech/05_fr.bin	225440	006616ed33a62ba8ac548e4de70923abb97f9035
levels/06/speech/05_de.bin	225440	993c20bbee229704bcc6c9ecbca87780cd34563c
levels/06/speech/05_es.bin	225440	4ff0d022de6692deb7f2102a4d4f76374f7974a5
levels/06/speech/05_it.bin	225440	1d750469838afc45d11b720dd09326f9f487a0cd
levels/06/scene/05_ntsc.bin	233472	b03ae9311f2fc955f21f68f489397e6902c01701
levels/06/scene/05_pal.bin	200704	8d9086b901d3733eb6ffa9090de72142e4a5c689
levels/06/speech/06_en.bin	241312	b9cd00bc5b75ab4a4df77352c691c59c7a197ebc
levels/06/speech/06_fr.bin	238352	a460768d902cf6468a042cb6cec65d85400ecdae
levels/06/speech/06_de.bin	240208	a9edfc84014eb5fa8e22562ab5e34cb63485bae9
levels/06/speech/06_es.bin	225280	ed078b645b43e2a0b6d46ba9b17414853c1bd38f
levels/06/speech/06_it.bin	242688	95d4fe49c56fb0bcc9149043af784ebf3dc656de
levels/06/speech/07_en.bin	187600	b9248b8d655e36ef85de510e084407ac4263359f
levels/06/speech/07_fr.bin	189616	df3a49fd399f95a084e541bb945c8bc5e64268a6
levels/06/speech/07_de.bin	185840	62fe3e0c7cbf15c252f7e803f1596b8ea371d829
levels/06/speech/07_es.bin	176896	00845161874e45302ee7187e0d762b1ec42dabb3
levels/06/speech/07_it.bin	181200	2c09a8149225a1e776d259b1247dbcd4b24741ca
levels/06/speech/08_en.bin	231968	7c811feecfea35a9fed1e7771d375658bb223f5e
levels/06/speech/08_fr.bin	225936	de3555b595f38bec35424f0affe603c6398b7dc7
levels/06/speech/08_de.bin	229776	20b9f06c24b05984fa0a23eee618b5ae79049ec2
levels/06/speech/08_es.bin	219568	bb6580354d6c24a70f05130cf1fe3c1c64572d4a
levels/06/speech/08_it.bin	234384	418a4446e3664ddae2305f67542e779ec5699955
levels/06/speech/09_en.bin	156656	0a7d3bbe642a55002c282e4523fc6f781276587d
levels/06/speech/09_fr.bin	161008	c1533aed53b4f4e4fcc24ed0799cc55a7eeda410
levels/06/speech/09_de.bin	159200	241f0dbdb69a654d940feebe54ceedd1e583fd67
levels/06/speech/09_es.bin	144736	fda4cd85cce2016db0e241507ca8c6410c7da491
levels/06/speech/09_it.bin	162048	66dcfd124289d617d8f7e72fc86c1e805974a83d
levels/06/speech/10_en.bin	549760	3bc524c5edd390d0adeae113fce70a9f64c1bf7b
levels/06/speech/10_fr.bin	450160	5caa8e92df6557b6783ad3fe9776163275605189
levels/06/speech/10_de.bin	455392	447c0df25ed5ba5fef9a767e52bee8b343f369be
levels/06/speech/10_es.bin	453840	3078cf82e9bd931dba706df706271a0af2ec5e35
levels/06/speech/10_it.bin	445376	73e93abd611db177a5a2a966991faa1eb63c43c2
levels/06/speech/11_en.bin	100400	ebd7d01b4ec69becc1641d359933d6dc6d0fad7d
levels/06/speech/11_fr.bin	99264	e41c6bf213e39bfc1e34315185d650acf8847d6b
levels/06/speech/11_de.bin	103296	3b60ff2e18839bd2cfb388fcbdf17d0a499da270
levels/06/speech/11_es.bin	98240	fe2097598bff26903f54dff0ff768aea63e716f8
levels/06/speech/11_it.bin	101312	dd4a5cb2b19d9b4f5e5a0f1542d14c36132eab18
levels/06/speech/12_en.bin	32032	be23fa5595e1e82dd98e5f0b0b3ad209aceff31f
levels/06/speech/12_fr.bin	32032	be23fa5595e1e82dd98e5f0b0b3ad209aceff31f
levels/06/speech/12_de.bin	32032	be23fa5595e1e82dd98e5f0b0b3ad209aceff31f
levels/06/speech/12_es.bin	32032	be23fa5595e1e82dd98e5f0b0b3ad209aceff31f
levels/06/speech/12_it.bin	32032	be23fa5595e1e82dd98e5f0b0b3ad209aceff31f
levels/06/scene/12_ntsc.bin	14336	20c5c0ad173c8f5ef5260585fabd8c25176c27b5
levels/06/scene/12_pal.bin	14336	61027efbcd994c0bb9092d11a6782d1ac27bf77e
levels/07/level_header.bin	9268	2dfc2936d786e8253ce5ab1e0cdb97a6e07c9a90
levels/07/overlay.bin	1890612	6579fa3fc17bf03e9710fb20120ae2115dad878e
levels/07/sound_bank.bin	1807404	94e6ca2a0e9c2c97419efede77cf83aec76140de
levels/07/core_index.bin	35984	0f635244aa6b80390788e20c22f3295e3ea5ebd1
levels/07/gs_ram.bin	650752	66407dfec966f0b5663dbfa1a67e999a625edd9f
levels/07/hud_header.bin	4240	15f8225262da29740d8c9f318862d25ee360d39d
levels/07/hud_bank_0.bin	62698	d34f7e27a10e37fba3cf66aaae081a2e86bcf120
levels/07/hud_bank_1.bin	159455	39891a1663bf33576821de392a067a9bf950803d
levels/07/hud_bank_2.bin	16	ff6d9e15eb701a0bd7732f94ab868b2b8e21391d
levels/07/hud_bank_3.bin	16	ff6d9e15eb701a0bd7732f94ab868b2b8e21391d
levels/07/hud_bank_4.bin	25209	7242d5baa2bdaf8240498d19e61556f65615e590
levels/07/core_data.bin	11448224	c7d16474128302dc2de05961ded082e85d725c00
levels/07/gameplay_ntsc.bin	442368	6d8bda3c480b332d96bc0ecbd1eb60455f42d3de
levels/07/gameplay_pal.bin	442368	c4fbefcbf5ab1e1a2aea321396797f275a79973a
levels/07/occlusion.bin	20480	71bc82cdada8bfeb9f62324e7df16a61153ab253
levels/07/music/000.bin	89680	d184592f0825c40e330846cdc1cad8b892fc24d4
levels/07/music/001.bin	3136080	3933e255080bc700c72911fb8e5b553446a6b184
levels/07/music/002.bin	121040	f35487ccf9230ce4b731a33b0ea9faa128ad4171
levels/07/music/003.bin	3023952	3c3a9f2308a12914d0a3553669a95d7112782083
levels/07/music/004.bin	151280	623eb0c998b84dfaadb0488ee606a7fb4e5b07a1
levels/07/music/005.bin	151280	8f69319bca4d7ede7469b440d32b4db061e1bc22
levels/07/speech/00_en.bin	912400	e59161662f61530a3c26ae9271a19ba6848ed61c
levels/07/speech/00_fr.bin	912400	55a9681a123618b0025532ea3cf58915de02b002
levels/07/speech/00_de.bin	912400	6c3eb8aa2220d761543bf53a0c795bce543c1050
levels/07/speech/00_es.bin	912400	7fcad1771857bdf3f66696007c578ab09d5b2e42
levels/07/speech/00_it.bin	912400	9e6f9ca6f65550deaaa98d9acf93897b2f98d36e
levels/07/scene/00_ntsc.bin	1288192	c76e8045a95c119485bdaeafe343533bd4a520d1
levels/07/scene/00_pal.bin	1118208	322b125b16d55428e4c5392daa2fde24e1cc440b
levels/07/speech/01_en.bin	1056176	e774e7b27158de95a6ff22fb567221b77516c664
levels/07/speech/01_fr.bin	1056176	576b42f019c818a5e6c7943078f4852410812b53
levels/07/speech/01_de.bin	1056176	9dc016c91e18ec1359bac6ea04bbef13f3a01724
levels/07/speech/01_es.bin	1056176	25566cf7529e9489492c204de996a380a0862b47
levels/07/speech/01_it.bin	1056176	d8b1858a63a76052e5d362533a2508df53528dd4
levels/07/scene/01_ntsc.bin	1730560	1d6da48856a6acbf5e50a9a723a08db529557cf3
levels/07/scene/01_pal.bin	1492992	611a00ca84f25e97f76150de92fb4c94f10021e0
levels/07/speech/02_en.bin	1215104	7a2e20fb260513f4daab01f16404a301e6308bd8
levels/07/speech/02_fr.bin	1215104	00b540be6e0eb08f6ff046da0e4d53a56d62503c
levels/07/speech/02_de.bin	1215104	60834c9dd4b530f7aef1830edb454ffba0f492fc
levels/07/speech/02_es.bin	1215104	5c33426caeb8b61e67c40c2feb3961c22282c98a
levels/07/speech/02_it.bin	1215104	0b0cf2b88a6ec97b1f9fd4b43a8d746803ca9ed4
levels/07/scene/02_ntsc.bin	2277376	d9bab9b5760ba9a57ff5c00ea188bf771622963f
levels/07/scene/02_pal.bin	1972224	e8e1a42c3df3af8603a8f765a0e56443da465047
levels/07/speech/03_en.bin	139664	449cbacab51fd744dea094b30904130aa209c7fb
levels/07/speech/03_fr.bin	139664	14f4905ea145f0c611157e6141129b94e1fca71b
levels/07/speech/03_de.bin	139664	7e54aa560ec0a97b0b3cbd47a1427f274e951c3c
levels/07/speech/03_es.bin	139664	3712c9c5808f8f3655264c84f3ddf57294c1df84
levels/07/speech/03_it.bin	139664	2d4a306474e7d559306e1d4c22f21d8cf429578c
levels/07/scene/03_ntsc.bin	157696	65ab4a4e7dfc0e26f0b5b63821a5f47abf52c316
levels/07/scene/03_pal.bin	141312	4d1ec6515146a3c67372e201f5046fcdfcd0fa6c
levels/07/speech/04_en.bin	1331984	f6027f187c21e854b42e1533211ffe244de07030
levels/07/speech/04_fr.bin	1331984	bce12ce1a9a4ae0401f7d9db9fdd4442bec97866
levels/07/speech/04_de.bin	1331984	3cb567e0620ee06c09ddd42227e5bdacdbc9e780
levels/07/speech/04_es.bin	1331984	7487beee1505b3a42dc5926c2fb240f18bec45a8
levels/07/speech/04_it.bin	1331984	05f624ed9836245964513ed916a6488754e58a36
levels/07/scene/04_ntsc.bin	1544192	7235ed48967ca8250f8aa3cfe3e48a64bb8b6950
levels/07/scene/04_pal.bin	1331200	9e768b654421588182c64213b673999f442ba93d
levels/07/scene/05_ntsc.bin	227328	130e1ac0f6ac346b3fa4f99bd36309d83c6c5cf2
levels/07/scene/05_pal.bin	202752	b324c95beca10e492afc6b6de06609a47e26d6a5
levels/08/level_header.bin	9268	6b9503441c72441aa70691440928380b5aff1cce
levels/08/overlay.bin	1815248	02fcd294e974f7288697a7a09867ebacc6d75fe4
levels/08/sound_bank.bin	1801208	6be6a4e99115d3af44a01d0f31fcd2b41d892237
levels/08/core_index.bin	40640	68448f264f21ac9938fc6b9d7e03bfcd2384271b
levels/08/gs_ram.bin	715776	96c7b5a7c0a9a3d18573f906746ccb07855a6541
levels/08/hud_header.bin	4164	65e03f15c594e79c4077bbbdf5309eb151ad5d49
levels/08/hud_bank_0.bin	62698	d34f7e27a10e37fba3cf66aaae081a2e86bcf120
levels/08/hud_bank_1.bin	160888	ad745a69af29c93964e8579c22296c4b1460453c
levels/08/hud_bank_2.bin	16	ff6d9e15eb701a0bd7732f94ab868b2b8e21391d
levels/08/hud_bank_3.bin	16	ff6d9e15eb701a0bd7732f94ab868b2b8e21391d
levels/08/hud_bank_4.bin	20540	e861b836faaf230945ae335c78211b627369aee5
levels/08/core_data.bin	11182348	7c370b796d0238737f26faef8406e26116df8618
levels/08/gameplay_ntsc.bin	737280	d2dc96813aa53e1ef49ff49d98d82a86dd41ae43
levels/08/gameplay_pal.bin	737280	36d1c01d3c28911cb5383cf7cf572df01677afd6
levels/08/occlusion.bin	34816	20b8f9a308e57d33fd59995f03573cd2ebb52dab
levels/08/music/000.bin	83504	1d6c718c791a9856bfe3be855e3418aec34ffa7e
levels/08/music/001.bin	2064624	71a3c14e691e766b9dece8a06c83e7f300510865
levels/08/music/002.bin	171664	3b2606acf3e58ff54100731564d7b0686666f486
levels/08/music/003.bin	2916848	f45b7a3a7dd8a864437081443593b74e9ce950f0
levels/08/music/004.bin	151280	2aab8a3e75579c00f5dc99e8218985dacb05f267
levels/08/music/005.bin	151280	4140b15f680506165a23f7f4a9ffd070636a51a6
levels/08/speech/00_en.bin	829152	cffafb8e9d3c52ea3dc8e75241542a367f699c5b
levels/08/speech/00_fr.bin	829152	cde0211397158146bd9723318d8b0763e64c15a5
levels/08/speech/00_de.bin	829152	e49dbeb8f772dfa1d91434a87dc63fffee499964
levels/08/speech/00_es.bin	829152	83b01c5d615992e54e926355796f40128fdb5c6c
levels/08/speech/00_it.bin	829152	d119e53a38adcfd34fc57cc4fac4a3f82502ec57
levels/08/scene/00_ntsc.bin	1177600	43145020874b858667809386235a4f30cf93b2ae
levels/08/scene/00_pal.bin	1019904	5d253c6400549ecbba7785369803b80a74db8ca9
levels/08/speech/01_en.bin	1054496	f80cb738678a534fbf96bd805b69b714e71ad906
levels/08/speech/01_fr.bin	1054496	6db6f2ae7eb8aab51c739e9550c44251e40c58a0
levels/08/speech/01_de.bin	1054496	3f39f817d51c86c07fe98ce4e5b89a583da79e67
levels/08/speech/01_es.bin	1054496	a3b6683862284d560037312b7b3fa0b40e455213
levels/08/speech/01_it.bin	1054496	e2cd77fc375114dd51155c5644f1197c5d8d9de2
levels/08/scene/01_ntsc.bin	1867776	2e7cb8397d13a02697f8b08e5fb3fb7e161952f7
levels/08/scene/01_pal.bin	1603584	f5849fe35f56d3123776ae7917650aea58063113
levels/08/speech/02_en.bin	677808	884e78fac3d245b14c8f3e5669a46cdb26dbbfb4
levels/08/speech/02_fr.bin	677808	47aa1305b939909a0292faecb2837e814ee94900
levels/08/speech/02_de.bin	677808	8ecca256579d20518d5b75e08a7f66bae7734da3
levels/08/speech/02_es.bin	677808	d5a967f37ce6bfa99ec1c5b66a385bfbd11e9cbe
levels/08/speech/02_it.bin	677808	c7b773648630be343c61f38f04afabb932fb2e73
levels/08/scene/02_ntsc.bin	872448	409b0ba5adaefdb2d8ba18d082259b0dd7bc3617
levels/08/scene/02_pal.bin	759808	458fec1644988d1460a8ccf5f8799c45a38397f1
levels/08/speech/03_en.bin	768608	039c30d028cd4cf3a274a9472d1562de4a38f1be
levels/08/speech/03_fr.bin	768608	70b813d6dc2dbab70bacb371e110bd96e9616d1c
levels/08/speech/03_de.bin	768608	e28413347288b4adee22d035adaf710ae0c11248
levels/08/speech/03_es.bin	768608	eacfc51c921a631ca824d86476bf04b37525a0ed
levels/08/speech/03_it.bin	768608	4ec8c445bf67f6ef80fc3e0b54b5f88c82f90b19
levels/08/scene/03_ntsc.bin	1210368	352526eb0b509c996f0c34c50dc932f0759892c8
levels/08/scene/03_pal.bin	1042432	d943968f6380830f7322ae167f535ccd473181d7
levels/08/speech/04_en.bin	164048	c8a8334525660c1e2acc0d753a34cdf059821c00
levels/08/speech/04_fr.bin	164048	88623009ac43669588f4426c327af2942d59bdbb
levels/08/speech/04_de.bin	164048	928ac1ec59cfb340a44d7c64431efebe6d001b73
levels/08/speech/04_es.bin	164048	a35c52c5eac572a53f89f0cfd3f26063183d3833
levels/08/speech/04_it.bin	164048	303244a7ce21f7fc34b042f90eb103f6ceec4a32
levels/08/scene/04_ntsc.bin	284672	c8bd47288f0a5d093d9608d16420e32776b589d0
levels/08/scene/04_pal.bin	245760	1162991bcaaf755fed97457f9d9bdc33f64f823f
levels/08/speech/05_en.bin	760208	98f2b7a5d425a4fc5abecfc0385418ad7c070228
levels/08/speech/05_fr.bin	760208	9c6266256ab3995191f1d6059d20075f7404def0
levels/08/speech/05_de.bin	760208	70dc4c4e76f0ddd4107a306b4dcc8fe09460dd57
levels/08/speech/05_es.bin	760208	c1c3022ee4b665cd3386ea17a82782639390e188
levels/08/speech/05_it.bin	760208	a856be2b6caf99deedeec805083763deca1fbaad
levels/08/scene/05_ntsc.bin	925696	a3f52a95a9fc5c9d77ff6131670b7374e1e2c595
levels/08/scene/05_pal.bin	802816	fc7c1c3d9772aca20e8888e3148ee2a1709e1c4d
levels/08/speech/06_en.bin	886336	8cccc93ebcf2d0737132bed50122e524454e9025
levels/08/speech/06_fr.bin	886336	9d80d920e72817bb8ff9cab1c4f0159a3847fd96
levels/08/speech/06_de.bin	886336	33bc7d0c9f20bfd3f3c514179121c080d60862b8
levels/08/speech/06_es.bin	886336	b0213d75c459008e8f3296601414b7576e75d268
levels/08/speech/06_it.bin	886336	f15a598de38a3a1872211f57a308719f82876e01
levels/08/scene/06_ntsc.bin	1210368	27f07bac0a9c32a8cf62bc08f51a1941810e3145
levels/08/scene/06_pal.bin	1046528	93ff7494c980b412a3aa1e68f0ca69d53e43586b
levels/08/speech/07_en.bin	209456	3a708d7eadabbfc1c89fc0d84c9eb1ab72c229ad
levels/08/speech/07_fr.bin	209456	37e6ec73120fb7737a495f9beaea478be86fcc00
levels/08/speech/07_de.bin	209456	450928554450ea6007f9dd732a885db5aeb8b23c
levels/08/speech/07_es.bin	209456	7a873d2048610873050955ad8652ae5c6d06a9ac
levels/08/speech/07_it.bin	209456	0e8168d3780d74b78e7f06ea00d5d86feccf1728
levels/08/scene/07_ntsc.bin	149504	d9352b0f0a9891a31b136b9f77271728d048271f
levels/08/scene/07_pal.bin	133120	a06774e72d6ef5ade976853006b0e0df5841a14e
levels/08/speech/08_en.bin	457504	a437d23b22d769d350ed4eb2971808ef432802c4
levels/08/speech/08_fr.bin	457504	6882b56ff36913b858196921e1d27b3b59e06d95
levels/08/speech/08_de.bin	457504	b80f179848e121a765709cd292ecb9aa38e68eae
levels/08/speech/08_es.bin	457504	885a2e71edbe2547d3039dfeb0b39e9c59f11d64
levels/08/speech/08_it.bin	457504	02c1468e01d743295b91dab3ea78aa8110591d1f
levels/08/scene/08_ntsc.bin	698368	5a04e3d511911ff0707cee3d51acba6e37599545
levels/08/scene/08_pal.bin	604160	ac24931b453eda5daf083dc9a534e9877357e362
levels/08/scene/09_ntsc.bin	526336	8059c29beee266df5cd8525925d75b8c254c9504
levels/08/scene/09_pal.bin	452608	394553bc40936b973822da63acf64ac90e752f2c
levels/09/level_header.bin	9268	3f015323ffb412105af755dade7a7abaa65a8081
levels/09/overlay.bin	1809664	5e04ffdd4a6e40bee9817d2f3dc28e61e4e0e778
levels/09/sound_bank.bin	1630116	051b1964eb46fc31a6e7d44ef908fadb17ca4c56
levels/09/core_index.bin	35888	2d32221edd6339f905b2fe464f43b58169d0a4d4
levels/09/gs_ram.bin	658176	439511d9386dd5541e2ab025716e9452e2cb691b
levels/09/hud_header.bin	4164	65e03f15c594e79c4077bbbdf5309eb151ad5d49
levels/09/hud_bank_0.bin	62698	d34f7e27a10e37fba3cf66aaae081a2e86bcf120
levels/09/hud_bank_1.bin	160888	ad745a69af29c93964e8579c22296c4b1460453c
levels/09/hud_bank_2.bin	16	ff6d9e15eb701a0bd7732f94ab868b2b8e21391d
levels/09/hud_bank_3.bin	16	ff6d9e15eb701a0bd7732f94ab868b2b8e21391d
levels/09/hud_bank_4.bin	20540	e861b836faaf230945ae335c78211b627369aee5
levels/09/core_data.bin	12522355	dae4cf6ad2fa4c6d4ed262ac757080e6c801ec87
levels/09/gameplay_ntsc.bin	583680	6d77de27119275d8931a76cf35070c88de432fe0
levels/09/gameplay_pal.bin	583680	58e64343ec1d49944d4dc624d57b7a67253e81ff
levels/09/occlusion.bin	26624	3b10c1eddbce190b0ee180100a4e3ed58db6b336
levels/09/music/000.bin	193616	f010b99c26067340f38cd9802b41c325dc7e38cb
levels/09/music/001.bin	3145040	a22abd43486a76a6f25fdd70208014bd79df68d9
levels/09/speech/00_en.bin	125376	1e81d2846c741ca29a9ec4619443de4730c375f0
levels/09/speech/00_fr.bin	125376	d9222c197ef523d0c8ff54b803abb5402881c4b1
levels/09/speech/00_de.bin	125376	fe8b5954f474ba098886ea74dd9af90c571cce97
levels/09/speech/00_es.bin	125376	ce545a31263cd1071764af3701d56b5b90ae9f12
levels/09/speech/00_it.bin	125376	f3895774838cb8b6054cc3f0d1af6093b6a849af
levels/09/scene/00_ntsc.bin	96256	7f752bb18b9feb0ece085eafbd2342599a3ea249
levels/09/scene/00_pal.bin	83968	2ee4a79129d608e42a361b337dd7c199163da5ab
levels/09/scene/01_ntsc.bin	442368	0493047a56170679df40b8e7e782dbcd20ec85e7
levels/09/scene/01_pal.bin	382976	da3d1e7756d1f93cdfae44f3ce05f383d67a4875
levels/10/level_header.bin	9268	3a10ac83528cb7d9f8b9cd9ceefeebdf9a6c4c95
levels/10/overlay.bin	1683180	affea30a8fdec3f4e6b7588d11922cc7c1e8cc05
levels/10/sound_bank.bin	1780828	d63d4d7703433bb0fd555229306d4da32a20a80e
levels/10/core_index.bin	38768	7bc7939ec4b9b1a7361e5087455c0a690d126a3e
levels/10/gs_ram.bin	621056	de385c82ec6c46d8f29d0bef67dd3b5762322f9e
levels/10/hud_header.bin	4268	b267103440689431ac6b14cb7ef17205b43e4eb3
levels/10/hud_bank_0.bin	62698	d34f7e27a10e37fba3cf66aaae081a2e86bcf120
levels/10/hud_bank_1.bin	156956	34fbf8cb4db777af5e761fdd76b723858cb665ca
levels/10/hud_bank_2.bin	16	ff6d9e15eb701a0bd7732f94ab868b2b8e21391d
levels/10/hud_bank_3.bin	16	ff6d9e15eb701a0bd7732f94ab868b2b8e21391d
levels/10/hud_bank_4.bin	27670	6da9e3fc89ef85e63e3ad9ec969629ff61e38ec4
levels/10/core_data.bin	12264291	f31377ca5ea700abff0787e9fb64c99e7dd15d5e
levels/10/gameplay_ntsc.bin	559104	f589cc727feda65cbc9aabd6568d0d708fb87dfa
levels/10/gameplay_pal.bin	559104	224c25cc23a0dc05ef1a1a262ab2011a3e4158b7
levels/10/occlusion.bin	26624	f2e9d23511c03e641c9e39dfd4129ad3946ca0ab
levels/10/music/000.bin	193616	eabce6bb0b17e11804ecde2e74b6c63916cbf8c9
levels/10/music/001.bin	3096528	d36565f75ca2ec04939758d64cb04515431ed124
levels/10/music/002.bin	339856	9d336eb9a1e5ae44137ef0627fcb4615009f7965
levels/10/music/003.bin	2718160	2073a36fd4e99128f90b43509072d87f2cda3837
levels/10/music/004.bin	151280	2aab8a3e75579c00f5dc99e8218985dacb05f267
levels/10/music/005.bin	151280	38bab74ce1fc7c3def366b89601df704616441f2
levels/10/speech/00_en.bin	250656	b43fff3639933246528285a73eba91ca1500e91c
levels/10/speech/00_fr.bin	250656	41117467ce852426bb37370cea20c09e0ca3f2a7
levels/10/speech/00_de.bin	250656	dc5e79bf7e2dbb963fbf4140863b27c4cb2ad15d
levels/10/speech/00_es.bin	250656	bc574a2f7589e48d707e1fa6b3e722263e29dde4
levels/10/speech/00_it.bin	250656	3773c1c5335168d22b73ebe906a1ab50f2e56b48
levels/10/scene/00_ntsc.bin	192512	be3cf1e528be512dfbabb6932431c8cf0223ffc7
levels/10/scene/00_pal.bin	169984	fa40b2c33d87a49c66407753538b5e3a93bcad02
levels/10/speech/01_en.bin	253184	36433316dc5b8d577aff3f0e2149fd4a12d24f8d
levels/10/speech/01_fr.bin	253184	eb79b3045fc92dc99aa432c777f4b1d45faa42de
levels/10/speech/01_de.bin	253184	36a765696273183f38ec49457a0444e8350d8cb3
levels/10/speech/01_es.bin	253184	78d09e3a400c2b92dee160c083e142571942f328
levels/10/speech/01_it.bin	253184	44cbea0f18844249be6fe88bef9e015167d5916a
levels/10/scene/01_ntsc.bin	200704	b9c7dd7e0c5c9767458b30b51979f92e5bfc3c62
levels/10/scene/01_pal.bin	178176	209108bb56c2d636bc99d90a607eea13187121b5
levels/10/speech/02_en.bin	213440	826ae3e50bab9bd91f77a26afa64e3e151eed2b1
levels/10/speech/02_fr.bin	213440	1fab6a05307ff824dd596c9e01db97dbf5ff9287
levels/10/speech/02_de.bin	213440	a9897c4adfdd876bdd66250aefbf581a712573d5
levels/10/speech/02_es.bin	213440	d3fdbe638843cc4cb77d4676d4803bed4a068978
levels/10/speech/02_it.bin	213440	cfaced336edc390bed430f22646c687410cb57bf
levels/10/scene/02_ntsc.bin	131072	596fd22f7e236dfbbf2630cf35abcdb29e6f5188
levels/10/scene/02_pal.bin	118784	6c234661406ffdcfc71cae5461bb30eae5040329
levels/10/speech/03_en.bin	214288	a110693772de1130cdcef119fb72645143ed9d65
levels/10/speech/03_fr.bin	214288	28f8a4f1853f2facfde49690c404ae8d342ab41d
levels/10/speech/03_de.bin	214288	518b83dacd9e97f1460c2cc92f0e9fa9482b76c6
levels/10/speech/03_es.bin	214288	85fc5242056f3e33aead7f304df22bf298e02afb
levels/10/speech/03_it.bin	214288	67b39bb2b8db869a6d8d1514941878afdef885f1
levels/10/scene/03_ntsc.bin	139264	f2d226721c7d688d5c2f8613e7293e42a5355f0c
levels/10/scene/03_pal.bin	124928	827ad0829b829c728d9f36edea74c7eca727fbf7
levels/10/speech/04_en.bin	356608	d29bb2b0c7a34ddf77bada77316012c18e229950
levels/10/speech/04_fr.bin	356608	982e1b05b8c8217dab9f8f30166c2ec2e1b498cd
levels/10/speech/04_de.bin	356608	844050dc47821e6507113af8830a4cdacfb427ec
levels/10/speech/04_es.bin	356608	7405fdf52daca5f7bff253ab9e9190b38006bb42
levels/10/speech/04_it.bin	356608	c9de9d86a828c256a7f834f5b650a065c4a780e9
levels/10/scene/04_ntsc.bin	337920	6960c05e47320bfb4fdff9923f048e4b21f1989b
levels/10/scene/04_pal.bin	294912	edb730facd0ca0a9c62681a28f6002dbbc99e549
levels/10/speech/05_en.bin	352400	24f8ef48ce5158800bfb2bf8dfd4b409226be41f
levels/10/speech/05_fr.bin	352400	f8ca5ddb6039e25c4975ed82be426a4336d35173
levels/10/speech/05_de.bin	352400	795c1132b1180287392ec0388db47c566c086584
levels/10/speech/05_es.bin	352400	66f4954eefbe0833569683dc03ff449a5f864ccb
levels/10/speech/05_it.bin	352400	cceccd204c9a39cc9deeceb2c6451cd350a62ff2
levels/10/scene/05_ntsc.bin	438272	1a9377abd320f4e228a92f69e615ec93a6b215be
levels/10/scene/05_pal.bin	376832	e2095f6a2d66d9e9e0cd2f26bcf729118593b34a
levels/10/speech/06_en.bin	534016	7d8461b55e6ddfd8e86493d74ceca3012b1ef5f6
levels/10/speech/06_fr.bin	534016	b767591bab224e02fb889ec51e73cb4b60e30ed4
levels/10/speech/06_de.bin	534016	4233cec44df53a09616a8237a91668882db7f4b2
levels/10/speech/06_es.bin	534016	b0b9699b8d0edfe1d78db47c1923aadb440e4766
levels/10/speech/06_it.bin	534016	f14819c958949b756106f54a8ee69bdd4bb9250b
levels/10/scene/06_ntsc.bin	704512	a47b614657b5b9131245c0cae3a05d9f0e556f7c
levels/10/scene/06_pal.bin	614400	8f6bf25cccf62b0b6cb4d37cc9222b3054b33f79
levels/10/speech/07_en.bin	454976	102630f6ed545523e6570033be3539035a8704d3
levels/10/speech/07_fr.bin	454976	d30b798bef4a925d5e1dd781456cd61faf900e08
levels/10/speech/07_de.bin	454976	adbe2b8dcc5de266e8c6abc43e61dc134ca53e7a
levels/10/speech/07_es.bin	454976	6d0899ff32bc8733d758b779818b9dac104d6ccd
levels/10/speech/07_it.bin	454976	7b1f7df5f7129886ec7a381c47b63d5c5aaf3e03
levels/10/scene/07_ntsc.bin	475136	5f6871d0343114096b6f17d4a6e6407e2ed38bb4
levels/10/scene/07_pal.bin	407552	8d69a13e2c064229e74f6f7c97292465db2f2ddd
levels/10/scene/08_ntsc.bin	63488	387103050d9ef11771018c00c6ccc49ddb550a27
levels/10/scene/08_pal.bin	63488	ae8289cde4adce4b734b2e2db1551da2aaa4d7bb
levels/10/speech/09_en.bin	122016	c7da2871ae993b2e2e26b96769182e59c86e6fc3
levels/10/speech/09_fr.bin	122016	c7da2871ae993b2e2e26b96769182e59c86e6fc3
levels/10/speech/09_de.bin	122016	c7da2871ae993b2e2e26b96769182e59c86e6fc3
levels/10/speech/09_es.bin	122016	c7da2871ae993b2e2e26b96769182e59c86e6fc3
levels/10/speech/09_it.bin	122016	c7da2871ae993b2e2e26b96769182e59c86e6fc3
levels/10/scene/09_ntsc.bin	47104	14cb94813104aab819cbc0d470d7ce4ba8cfc67d
levels/10/scene/09_pal.bin	43008	a3569d6a913340d4d4b64d344da0279dd5e13183
levels/10/speech/10_en.bin	183200	1fbc0ca958ac7d2f67b1ce89890330ec9589171d
levels/10/speech/10_fr.bin	183200	1fbc0ca958ac7d2f67b1ce89890330ec9589171d
levels/10/speech/10_de.bin	183200	1fbc0ca958ac7d2f67b1ce89890330ec9589171d
levels/10/speech/10_es.bin	183200	1fbc0ca958ac7d2f67b1ce89890330ec9589171d
levels/10/speech/10_it.bin	183200	1fbc0ca958ac7d2f67b1ce89890330ec9589171d
levels/10/scene/10_ntsc.bin	14336	d8d4cb70339f517802d58c38bd534a810fb02937
levels/10/scene/10_pal.bin	14336	e122b77fda5054704d384e0c91dab80245e04dd5
levels/11/level_header.bin	9268	7de76bbf5c3db87e0187b72bbed02651de383a63
levels/11/overlay.bin	1888012	cbe618b3503ef3f4fa81fd38fe8bb3a66a957cdb
levels/11/sound_bank.bin	1787040	155905e8f045c2d702a20f6d2715121a45536965
levels/11/core_index.bin	39168	bbbd7aaea61560f5ce482430280f3460a38c2b5c
levels/11/gs_ram.bin	740096	364263d6584224a7b754b21d49159b5a121f665f
levels/11/hud_header.bin	4164	65e03f15c594e79c4077bbbdf5309eb151ad5d49
levels/11/hud_bank_0.bin	62698	d34f7e27a10e37fba3cf66aaae081a2e86bcf120
levels/11/hud_bank_1.bin	160888	ad745a69af29c93964e8579c22296c4b1460453c
levels/11/hud_bank_2.bin	16	ff6d9e15eb701a0bd7732f94ab868b2b8e21391d
levels/11/hud_bank_3.bin	16	ff6d9e15eb701a0bd7732f94ab868b2b8e21391d
levels/11/hud_bank_4.bin	20540	e861b836faaf230945ae335c78211b627369aee5
levels/11/core_data.bin	13783606	391a9553120c7eddf67f4e39f54ecdc260655d70
levels/11/gameplay_ntsc.bin	522240	34a9b5c73d1a68088521fc157dcd11236dc3d90e
levels/11/gameplay_pal.bin	522240	c744d914dbaeff94ced4db2452ef1b27819c42f8
levels/11/occlusion.bin	24576	984357182f003aea25140338152bc39fd890e923
levels/11/music/000.bin	193616	0aebcd63fcf8e1cf48a6d513c801ffb2287c2627
levels/11/music/001.bin	3096528	ec162d198f37ddb509f33c97e977c98fd0f968df
levels/11/music/002.bin	171664	d367c06900b24c961b256eefc78657133a23d346
levels/11/music/003.bin	3088304	c90a7e4e14f2254e5aa5546cbe9d9d0ec89c3922
levels/11/music/004.bin	220016	a1d03b5ca414e7025238369e4822b96d37f8dd99
levels/11/music/005.bin	3078944	a7d95c7905532a81e7c768cfdf130a4f33ebf77b
levels/11/music/006.bin	151280	8f69319bca4d7ede7469b440d32b4db061e1bc22
levels/11/music/007.bin	151456	a4eb69da0f23369a14a579223006ad7187d065ca
levels/11/music/008.bin	151440	afdc22f9de7cd57311ba9bf3d474b642c25712d1
levels/11/speech/00_en.bin	1281520	385d27b46f17a0e49be0d62738de4d09846591b1
levels/11/speech/00_fr.bin	1281520	4ceb15917c3d5ddcd0d4070ee0f077da9bbd4469
levels/11/speech/00_de.bin	1281520	fc6c9474129375be8c3ca3f01ccf6d174fd43924
levels/11/speech/00_es.bin	1281520	edddac283b530ae34c12b4b9e37164353d12d15d
levels/11/speech/00_it.bin	1281520	a16299a2267700b60bc256e60dd09d67f4ea8cbd
levels/11/scene/00_ntsc.bin	1957888	7f4fbee0b61691133a15c89b640de42acaca934f
levels/11/scene/00_pal.bin	1687552	78a74305a9b015b40db01a4bd260687cc2cbeb37
levels/11/speech/01_en.bin	886336	ad0051fc4c3f57289cd2046cc8791655b0ad33d4
levels/11/speech/01_fr.bin	886336	e690dd209015d51385938621a87a974523912f6b
levels/11/speech/01_de.bin	886336	253520a535c5dff8528aa93c0ccc67f43069e57b
levels/11/speech/01_es.bin	886336	72f5ec489e9bc1810d54ae9535cd38a8ed884fa3
levels/11/speech/01_it.bin	886336	bf9ceb26585d5185820c93f6c42f58c6910b571f
levels/11/scene/01_ntsc.bin	1378304	d7e3537cad4b53d43ee9d918d16ef4cd66f5e7bd
levels/11/scene/01_pal.bin	1191936	77ac258e14f5ca5aecec4663bfe561ebb053f67d
levels/11/speech/02_en.bin	146400	4bab7dc37251ab186486a0da8ce85a6c32af67e1
levels/11/speech/02_fr.bin	146400	ac6e3d5797f7eb17d9a46c173a91d45c8246ca28
levels/11/speech/02_de.bin	146400	c456f3eb9dec5ded99598ece020ef094230e3b9e
levels/11/speech/02_es.bin	146400	2960db8674ab39f8c23a3ec94639a566fa00ffb7
levels/11/speech/02_it.bin	146400	f85c3cbc50edc9bb5c3d35f2847434a8a23bfcde
levels/11/scene/02_ntsc.bin	145408	f2ce291f148afd02ff8afaa6fe9e7122afb0ec59
levels/11/scene/02_pal.bin	124928	7c8141416d8aae61aa5c25a94a00b97c5811f066
levels/11/speech/03_en.bin	929216	da370c6a1945edbb3ddec7bbf3eda379267702bf
levels/11/speech/03_fr.bin	929216	2e0bbe139c24c23c1fac1fd15debf72d364f3bb0
levels/11/speech/03_de.bin	929216	f00abca6681d316b6bdfad6eccdb96c91158ddb8
levels/11/speech/03_es.bin	929216	6079ae5049e7683fe7844a6b949f049f4452136a
levels/11/speech/03_it.bin	929216	2ad715b2347d7af83b30f604032ab1716f225ae2
levels/11/scene/03_ntsc.bin	1406976	3d055245006aec3815a9f9d24404da9a5ea07a4f
levels/11/scene/03_pal.bin	1220608	24e0fc5aa47863bb9a8b5e16cda4fd15b6739041
levels/11/speech/04_en.bin	440688	8f86e008e261488c1b8135f41f81586e8fa24bff
levels/11/speech/04_fr.bin	440688	1c6bf8e23f3e0693d438ddcfd4b1b32c85c11ed7
levels/11/speech/04_de.bin	440688	1fba6fa8e932b83d3c37dd709f475c526a03fbe6
levels/11/speech/04_es.bin	440688	cef05219a0df5aa0f3b36e2ac1dec0398e7ce0e0
levels/11/speech/04_it.bin	440688	13d870645e506bf811650be0e83e9123c0b6a8f0
levels/11/scene/04_ntsc.bin	626688	461ecf2d3ff22d90cd21a81a14b134fbc74e6166
levels/11/scene/04_pal.bin	542720	f49c6417bce216b860949ec7b27fe1313298e1bb
levels/11/speech/05_en.bin	1222672	2c5c1a8cd48f539314e53e51f3fe107078f25108
levels/11/speech/05_fr.bin	1222672	e337211753f2393a2b67770bf6b54c545d2de8f0
levels/11/speech/05_de.bin	1222672	5b5f6dd0524550a89ef7f8bddb0182ad753901f6
levels/11/speech/05_es.bin	1222672	cf60689f4e4d03486f22034ce43fa0a9bcdea121
levels/11/speech/05_it.bin	1222672	fc2317d24fe9ae660191ba7336db96c7c15c296e
levels/11/scene/05_ntsc.bin	1837056	8df56e608554840d41d27fee9f75e619b7ebbff6
levels/11/scene/05_pal.bin	1583104	0a4839bf22740d260333842f200a125b52ded0a3
levels/11/speech/06_en.bin	365008	95105cc665fb59b0426152c8e8992c501376863a
levels/11/speech/06_fr.bin	365008	573b9991e3f3c7f501013c1e957bc4853a4fbe20
levels/11/speech/06_de.bin	365008	b7c59c43d9b27b3fdd4c24b771eb1af93cfdc297
levels/11/speech/06_es.bin	365008	be4d4dc36b3b35d7c806e69492ba36952107e2e1
levels/11/speech/06_it.bin	365008	f9dfce1c5f08750c6b087ab6c22550c4ad2e1f47
levels/11/scene/06_ntsc.bin	466944	ed731471304279c930210c29a96a7ad3e54f553c
levels/11/scene/06_pal.bin	403456	819adb241bf10334605cb16d6eb6e7f6abe294f8
levels/11/scene/07_ntsc.bin	704512	7509c8416fd3b03f55a6666a8f918d2b3b5d2572
levels/11/scene/07_pal.bin	612352	cbd974069b47c4c9f51d7f81eb69f3d2b3d5fa36
levels/12/level_header.bin	9268	188fe205d7ae0d6ff678923d9f6799e798b91c37
levels/12/overlay.bin	1813816	6e2d1c3f013c73e76d51f6eb491b773eeca44f6f
levels/12/sound_bank.bin	1806840	143822e542ac4e70ddbdae0083189078e5bb0d69
levels/12/core_index.bin	43888	8e5e21938eb9f838a1e1604b5ea14075b1e1e5d0
levels/12/gs_ram.bin	788224	1b1a59a1d770745e066c564eaf4d39a0b67df2cb
levels/12/hud_header.bin	4164	65e03f15c594e79c4077bbbdf5309eb151ad5d49
levels/12/hud_bank_0.bin	62698	d34f7e27a10e37fba3cf66aaae081a2e86bcf120
levels/12/hud_bank_1.bin	160888	ad745a69af29c93964e8579c22296c4b1460453c
levels/12/hud_bank_2.bin	16	ff6d9e15eb701a0bd7732f94ab868b2b8e21391d
levels/12/hud_bank_3.bin	16	ff6d9e15eb701a0bd7732f94ab868b2b8e21391d
levels/12/hud_bank_4.bin	20540	e861b836faaf230945ae335c78211b627369aee5
levels/12/core_data.bin	13289563	708f84962839e0ae9153eb6eff621fc69d6ddf07
levels/12/gameplay_ntsc.bin	733184	43bbde3d4198312858db49027d1645e586d97795
levels/12/gameplay_pal.bin	733184	62defa301b4adb5317b2a901a35904a08a4ee542
levels/12/occlusion.bin	49152	50d25bbcf86a82b282c21f28aee6b6aee70f2b6a
levels/12/music/000.bin	313680	f9e06791b7cf72522caf56c0cf85dc5a1672a48b
levels/12/music/001.bin	3449568	2558e4567e29060dd383c2746f09bc4755c66f9a
levels/12/music/002.bin	183360	335786b74ac84ff93d7706aa9ae095966462a962
levels/12/music/003.bin	3115600	b2ca89174c0269b35d289350af7256bc380cf477
levels/12/music/004.bin	151280	8f69319bca4d7ede7469b440d32b4db061e1bc22
levels/12/music/005.bin	151440	75b9859d647b8527ab52c3004957e63a86095bc5
levels/12/speech/00_en.bin	147088	d873ccb5fc71d1b9d8ea3e9699b5d44417779b40
levels/12/speech/00_fr.bin	147088	28064ea777dff201a8532efeb7e6b2396a2f6f05
levels/12/speech/00_de.bin	147088	1ac5d02b41ee6f82c0b1715a40819b68fef82471
levels/12/speech/00_es.bin	147088	cf68754cd81d02e8c87463e624def0aa91635321
levels/12/speech/00_it.bin	147088	af286bc5c4b9ab2014b3311d690451a5ed2bcff2
levels/12/scene/00_ntsc.bin	51200	9d6b5fa06b0e236652f3697c13ea1223e9307a9c
levels/12/scene/00_pal.bin	51200	dd6a25da9d48e1528e65b84141a3a2851c66921d
levels/12/speech/01_en.bin	415456	e71fe3bd33cdefd400844c0914742c0c81c742a9
levels/12/speech/01_fr.bin	415456	9c586e51c2fdf635d8ddb4076e49c94c4ec5cb24
levels/12/speech/01_de.bin	415456	13bfb87f9317da7a74b65ef037eecb58820f0424
levels/12/speech/01_es.bin	415456	21c2e3f0263e75c37b3f52477375c2401541e784
levels/12/speech/01_it.bin	415456	b1f24a6b53e4da9e9e22ffe0c942ded341c2e2b2
levels/12/scene/01_ntsc.bin	479232	a4f1eeaaf73bb04c751c0eb64a8b1e28bc4074fb
levels/12/scene/01_pal.bin	409600	ddf829ff55277006078f8843ca89d9800f9e4853
levels/12/speech/02_en.bin	878768	0370eaf05bf13fc6b7ac8f99263921a5689ed254
levels/12/speech/02_fr.bin	878768	a7ecd41b07a49e71a754b2d4efa8649dd6ebd27e
levels/12/speech/02_de.bin	878768	22c0e381590aecb488ff4c704f8b2ad87d8f6b48
levels/12/speech/02_es.bin	878768	45b398ffab5918438bf7614e119102cd3863de78
levels/12/speech/02_it.bin	878768	6d21704ef9807ced85bcedccc36d36c1459dad82
levels/12/scene/02_ntsc.bin	1472512	419b309f994fe64427a7c4075573100b775e3eae
levels/12/scene/02_pal.bin	1259520	df7aa3652e5c5fbf166b281b7636f02e73361efb
levels/12/speech/03_en.bin	777872	6beda9561851e41c50ba88a923bb7b66401f6463
levels/12/speech/03_fr.bin	777872	fd959360a9806130bae6ec72e589a986ab3eb0ca
levels/12/speech/03_de.bin	777872	1b6323b1acf89a49db09186bb837afc33245567f
levels/12/speech/03_es.bin	777872	2d2dbe4caa6096984a8a945e68e3986b98f49894
levels/12/speech/03_it.bin	777872	0e10a80b1bc25440a7045af024dfb55bedfbf13e
levels/12/scene/03_ntsc.bin	1224704	b9ea2400fc018fff07121d66250b50b408c3387c
levels/12/scene/03_pal.bin	1064960	705051f1ac7b0f9f834e48bf335de2a8c4f621f3
levels/12/speech/04_en.bin	402848	1f53d81d7d808667aa812c28840b474189d9431d
levels/12/speech/04_fr.bin	442688	1b383164f16bb081e29d79a402c011dcbac18f10
levels/12/speech/04_de.bin	415248	a2346f59dbc73e9f10c7ff268b19937a383b1a9b
levels/12/speech/04_es.bin	415248	a0a4eda1d46a3544c8849a458cd477bb9c352a13
levels/12/speech/04_it.bin	415248	f0882ef05fbb900926ed52db105d8a290e3c4331
levels/12/scene/04_ntsc.bin	440320	071cd12626478fef13efe12fba5446f3bf5d8372
levels/12/scene/04_pal.bin	380928	2029451efb89480614efcae384588698ba6b0d35
levels/12/scene/05_ntsc.bin	989184	0d8ad0e9cba52fdb0b875fa8ceeddba305d5d773
levels/12/scene/05_pal.bin	872448	c574b62a7d283437e339c755c48a784182ca238b
levels/12/speech/06_en.bin	277280	38f1c22f90c0e650850aed7f10d05c8cb79fe650
levels/12/speech/06_fr.bin	277280	10fc232ce21c0bc733053d3ab293d8a0f29444d9
levels/12/speech/06_de.bin	277280	f83775d1140910abc005526d2fedffc32757281f
levels/12/speech/06_es.bin	277280	ef0bb29b9b4a5caf39d33ff7291fe6e8fda208ff
levels/12/speech/06_it.bin	277280	3d3fd019b4174b9863898a3e4d31ce79f78ceaa5
levels/12/scene/06_ntsc.bin	337920	9473acc2b7287bd70a285f5bef34942d0ff43e5b
levels/12/scene/06_pal.bin	292864	338cda2d18490954781a7f24d720c7eb9e3f0ccf
levels/12/speech/07_en.bin	172464	fc02458d0f497e60c769b19fa562d017e66b13cd
levels/12/speech/07_fr.bin	172464	fc02458d0f497e60c769b19fa562d017e66b13cd
levels/12/speech/07_de.bin	172464	fc02458d0f497e60c769b19fa562d017e66b13cd
levels/12/speech/07_es.bin	172464	fc02458d0f497e60c769b19fa562d017e66b13cd
levels/12/speech/07_it.bin	172464	fc02458d0f497e60c769b19fa562d017e66b13cd
levels/12/scene/07_ntsc.bin	67584	f7044700e50e841c573cf13e90e81ca278cb02a8
levels/12/scene/07_pal.bin	65536	921f53272b9432f38bb170dc39a5a77cf72f9dfe
levels/12/scene/08_ntsc.bin	92160	1e1dba9af8bcf28da4bb67bbd7a1ae180f027fd9
levels/12/scene/08_pal.bin	81920	c20f919d77657ca4ec211fe66eae3e7d7fa36dfb
levels/13/level_header.bin	9268	a9687603756dcc1ac74aaeee78e812178e6643ec
levels/13/overlay.bin	1820172	8ea21dba49d977ef07f32af61d2a41be9393ea20
levels/13/sound_bank.bin	1734232	a1172ec4b5638f152daf8d75ce1f7d68c8318904
levels/13/core_index.bin	44384	7b7bf70e02c3b2506475e231595092cd518fcb11
levels/13/gs_ram.bin	792576	d6f4de3d63a033f1b6d00ed4c10b175d2e0c1399
levels/13/hud_header.bin	4240	15f8225262da29740d8c9f318862d25ee360d39d
levels/13/hud_bank_0.bin	62698	d34f7e27a10e37fba3cf66aaae081a2e86bcf120
levels/13/hud_bank_1.bin	159483	54d9f516b1de93cb933062cca6074c39882dd73f
levels/13/hud_bank_2.bin	16	ff6d9e15eb701a0bd7732f94ab868b2b8e21391d
levels/13/hud_bank_3.bin	16	ff6d9e15eb701a0bd7732f94ab868b2b8e21391d
levels/13/hud_bank_4.bin	25209	7242d5baa2bdaf8240498d19e61556f65615e590
levels/13/core_data.bin	13883642	9f1ea0b15645f7e754fb9afd6877bc5ad7f9636b
levels/13/gameplay_ntsc.bin	475136	86db9502416de23276053e03e38688dff115eab4
levels/13/gameplay_pal.bin	475136	5bcb291192f92e66d73b505487951c4e3cf4e8c8
levels/13/occlusion.bin	28672	a8842309298fb94242f21549ea08a3fed6022cc7
levels/13/music/000.bin	242000	b4ca7833ad1a6a2c1ce21173a6d51b0364200de5
levels/13/music/001.bin	2903008	9db4e9aabec2ddc8bd7880dda14ad907f0c30403
levels/13/music/002.bin	242000	a1b9377b946693384204ad0dc784c06f73aeb831
levels/13/music/003.bin	3144912	a2a12fa83c42053028b865461f81c06e6ede16e6
levels/13/music/004.bin	151280	38bab74ce1fc7c3def366b89601df704616441f2
levels/13/music/005.bin	151280	8f69319bca4d7ede7469b440d32b4db061e1bc22
levels/13/speech/00_en.bin	368848	04c12d4fcfa7ca9b3f126f420882f373849df617
levels/13/speech/00_fr.bin	368848	d8fd53b072502be1194fb33f26054f158359a503
levels/13/speech/00_de.bin	368848	278375a88c9c8b228ade1d55c65336c855b6bdeb
levels/13/speech/00_es.bin	368848	286b4d8ee6023619906ffa33a756a262d60d84cc
levels/13/speech/00_it.bin	368848	d50231d24f5a275734508cbf4bddc7b3d556a82e
levels/13/scene/00_ntsc.bin	362496	ab1db277bbfa4b363fa9cc5859c17c2cfb9fcfe7
levels/13/scene/00_pal.bin	301056	998c2c6004866854a59da711c9e504e7b7f8463b
levels/13/speech/01_en.bin	466288	3b7a6068e0a0389ba154fd4337b611e82e1558c0
levels/13/speech/01_fr.bin	466288	8ad44af5cb412ada1a4cd207383ac1c8f60cea03
levels/13/speech/01_de.bin	466288	d08c2458d59cac94fefe43bd4e54af388009f1c8
levels/13/speech/01_es.bin	466288	591b821eb39994e7cfad3dfa88a337e1627728b4
levels/13/speech/01_it.bin	466288	88bf1e0c450e3b66f20f4bad06ecfd4574441388
levels/13/scene/01_ntsc.bin	727040	304c5a8622dc16fc4f3070907f0b6d9fdeba4bd7
levels/13/scene/01_pal.bin	622592	835feaf190a986cf2910d080d02b1a9466020d4d
levels/13/speech/02_en.bin	675280	717c091ae84a9d11e59b604d931bff386ed69a11
levels/13/speech/02_fr.bin	675280	739466a5e6ad2acafa567f27106301ecd91fe43b
levels/13/speech/02_de.bin	675280	b4610d16c55b592f073f0b8ab69cca596c8a9144
levels/13/speech/02_es.bin	675280	23eeef25d150d26a89b6a1f8d6eed117a45e8012
levels/13/speech/02_it.bin	675280	5471b905560971063cfbd3a99704509441777164
levels/13/scene/02_ntsc.bin	845824	038057e6a9107fe29f7734a627d7d90a2fa39812
levels/13/scene/02_pal.bin	735232	dce4e6dd7d5abad6b35aab0b2d6c1579969f38dc
levels/13/speech/03_en.bin	559248	a5750c562c9e127a6a76de3e08ee0829857bda60
levels/13/speech/03_fr.bin	559248	6ff1c2ca334da1c58d0953d28b2f4a6bb93924b7
levels/13/speech/03_de.bin	559248	32e039a41420f70c2c9a42f8952aea7524b13b46
levels/13/speech/03_es.bin	559248	940f334c82ee1dac9b13ef358317c2fc75dfa4f8
levels/13/speech/03_it.bin	559248	d6956c9a13cd96c67e8ee8e81698afe61232b5f0
levels/13/scene/03_ntsc.bin	606208	5cc2a084d442b97bff2019285f91da2f6c9d34d6
levels/13/scene/03_pal.bin	530432	cccb2cccdef9a0fa65d6e10e90a09499da442d22
levels/14/level_header.bin	9268	0f343a60644dee92f6e9b1628d02923e0f24d443
levels/14/overlay.bin	1815108	765acdee3bf682c8aaf4b84cdcac032cadde78cb
levels/14/sound_bank.bin	1801516	11ef91d019ef0a3669f64dfce8b23fe6c678038b
levels/14/core_index.bin	37520	3e8987f30379d923aace44f560b2860bda3fb05d
levels/14/gs_ram.bin	668928	18f23992d8c0943e2529a708dbe61e3d89856934
levels/14/hud_header.bin	4164	65e03f15c594e79c4077bbbdf5309eb151ad5d49
levels/14/hud_bank_0.bin	62698	d34f7e27a10e37fba3cf66aaae081a2e86bcf120
levels/14/hud_bank_1.bin	160888	ad745a69af29c93964e8579c22296c4b1460453c
levels/14/hud_bank_2.bin	16	ff6d9e15eb701a0bd7732f94ab868b2b8e21391d
levels/14/hud_bank_3.bin	16	ff6d9e15eb701a0bd7732f94ab868b2b8e21391d
levels/14/hud_bank_4.bin	20540	e861b836faaf230945ae335c78211b627369aee5
levels/14/core_data.bin	13576737	82c8158ecb3f8344ece5303d6e0cd59cc1dfdced
levels/14/gameplay_ntsc.bin	536576	d5d0f23e2734ea5931c63b5e422661bdf605d217
levels/14/gameplay_pal.bin	536576	69fee11d98766e71033d6c14f8096687d81f68f0
levels/14/occlusion.bin	24576	2c7c59fd9ae90bb85739462b0d36e14fa8204f67
levels/14/music/000.bin	171664	f1dda7ed18614f1ace14d510751c32189b1f624c
levels/14/music/001.bin	2916720	d32bebd99c882a75c0f15395566c111d7d546142
levels/14/music/002.bin	179280	e66c3793ea1afc3b530a0926adddcb15f000fca7
levels/14/music/003.bin	3046480	d0520b058063279c6893480bca1c7d30902432cb
levels/14/music/004.bin	151280	4140b15f680506165a23f7f4a9ffd070636a51a6
levels/14/music/005.bin	151440	731ef26ac3db3591cd74403b9515f9b1d3b4918d
levels/14/speech/00_en.bin	609920	52e89f9e8085ebd0adb20bad5844bfc2a1484d6e
levels/14/speech/00_fr.bin	609920	f3de51abe6dfba2fb4fccdd384f751c5650bf70f
levels/14/speech/00_de.bin	609920	aed4f6eef4a66b410941e1a048944a600ab8ddd2
levels/14/speech/00_es.bin	609920	5af4e13513776ded3d0c6c6e4bc8c08050a9d8ca
levels/14/speech/00_it.bin	609920	e03ff4bda08f661db0e0edcb4d388227f7bea96d
levels/14/scene/00_ntsc.bin	669696	8a4b5348d4fe7a481b723c806555cb36e09d9ba8
levels/14/scene/00_pal.bin	587776	ddd4052aca664ae87171e82307dfa1ac9d954206
levels/14/speech/01_en.bin	1223120	537a77f70b5ef855081135b6634929b8727d6c4f
levels/14/speech/01_fr.bin	1223120	eb154e97b5c8c9802bbba92bc4ecdc003f8f8599
levels/14/speech/01_de.bin	1223120	718e2b715e7bbb8e477301f3dec33dead545b4da
levels/14/speech/01_es.bin	1223120	1b1d7d0fd3132d5b2d3964aacd656e564a93ecdf
levels/14/speech/01_it.bin	1223120	d9ed8387cf40561103937690add18857ef93b45b
levels/14/scene/01_ntsc.bin	1734656	83b8dd9ee6dddf75fd82530112d445939ddf3182
levels/14/scene/01_pal.bin	1497088	50b5c9a34988767e2cf55dd2ea5742a7b346c931
levels/14/speech/02_en.bin	171440	23e9a59e5e1d1bad402171da54f28c9c04caec6d
levels/14/speech/02_fr.bin	171440	d3a626b7b283eeecc618a5d50ee8fe25e5ed9ade
levels/14/speech/02_de.bin	171440	c0878235c97117c80f862797f0aae0231b68a4fb
levels/14/speech/02_es.bin	171440	c0f5dc6c6e3d4c0be85a7b5ac00ef11bf685bf88
levels/14/speech/02_it.bin	171440	565b714f1423b5268504970c74b7241d9ae8f6a2
levels/14/scene/02_ntsc.bin	233472	2d68a35bb02ab733c21128a83afafb6ff6cfbf60
levels/14/scene/02_pal.bin	202752	8da24b45b5d613023f3e2d7814aeb670234dbf76
levels/14/speech/03_en.bin	870320	74abb0b6d3befea8b5ae1862fdb46da5a60d0fed
levels/14/speech/03_fr.bin	878720	510278b10b479972bb1b8b7903b3cbf3a99c04e0
levels/14/speech/03_de.bin	878720	b2501f11eefdb13edbade26cfb3978f6b417d93d
levels/14/speech/03_es.bin	878720	ce13217bd9967d28daa825bf66fe5baedc13284b
levels/14/speech/03_it.bin	878720	400e36b999bd79543761345123d15ddc896b9e17
levels/14/scene/03_ntsc.bin	1339392	f80d31bb67bf5fc789676348b7e92d1e78f445ad
levels/14/scene/03_pal.bin	1157120	272baa6c63abc7d4a4e509962ca2bc45aa35ebae
levels/14/speech/04_en.bin	205040	2c0aa917b7601c32e3073a3cd82499f554eac601
levels/14/speech/04_fr.bin	205040	c5f383ac888cfe2186522ac46e6b95f0ae877ac1
levels/14/speech/04_de.bin	205040	ea187719d3dbc9179ae2b9ebd83598e7e530049e
levels/14/speech/04_es.bin	205040	01fc309378e2fb1374a0bf06f44507d3d2964be3
levels/14/speech/04_it.bin	205040	cee46ae8578a4260de60b2dc3718196eadca0c3d
levels/14/scene/04_ntsc.bin	342016	291e9893103ce728ddc1f0e107d044532d024b6f
levels/14/scene/04_pal.bin	299008	6b36b0be3e18d343394c349436c47c1ceac8fb41
levels/14/speech/05_en.bin	194128	7a610340b1f020985c9a1784111c6ca8310c8744
levels/14/speech/05_fr.bin	194128	70024a9ce3e87cb69bd724dd7ec1a3631573927a
levels/14/speech/05_de.bin	194128	c9971f92c5172bf309f4f6aa5422425e1b70bc7f
levels/14/speech/05_es.bin	194128	00200c063eda4c1aa621f1604301011be71c4d02
levels/14/speech/05_it.bin	194128	6eacd03be70fe89428b30772a28bd8a310ffa6bc
levels/14/scene/05_ntsc.bin	229376	cdc6f39c0a62833d165b7989e2c682ec032cb1e0
levels/14/scene/05_pal.bin	200704	f648a43da976e17bea56e447ad9070931df14035
levels/14/speech/06_en.bin	95840	743012a9e70186e1b3d607e00e762e3db9ae8d10
levels/14/speech/06_fr.bin	95840	bde196499865fb72f7469f9b91be8c2a0c5c97ab
levels/14/speech/06_de.bin	95840	0ba1dc6914b03b1a9f89eb764ffff38f70009656
levels/14/speech/06_es.bin	95840	28ee20cd9dd3163aea15504d4318e061abb26267
levels/14/speech/06_it.bin	95840	cd43ea0359f72af5eaf5ba705a5cca16a27b15bd
levels/14/scene/06_ntsc.bin	86016	275722d4a9efebd7443031256d4f74b0035d48dc
levels/14/scene/06_pal.bin	77824	6b2c51b0b687f1b10a9b07d227e576df8a1f1965
levels/14/scene/07_ntsc.bin	610304	98c69335028ae5d6880433cc7b835c546e75e4e9
levels/14/scene/07_pal.bin	536576	98e7b36e0cf0e857d358017c50173a4d1125dd37
levels/15/level_header.bin	9268	4abdc4efbb7419e051ec42e141632b51953d460f
levels/15/overlay.bin	1692628	c7b3ee5624064f6dd7cfd9431a948cbdac8b8c09
levels/15/sound_bank.bin	1799048	3fc863ed5b329e34b87f2dc0ba1a20fb6cc3ab23
levels/15/core_index.bin	42720	4f97bef63005261fbafb573bc2b3bf1412fc6275
levels/15/gs_ram.bin	706048	bb62d4bc59438d1600dfbda24cd6492118a72b18
levels/15/hud_header.bin	4216	4a5ec6ff895e6da03f212f854b31405562c60ab4
levels/15/hud_bank_0.bin	57885	6a5fec6510c427a01bb76be37601b6c32b009e74
levels/15/hud_bank_1.bin	144308	594ac4d310e0bd59e05502cfdb47c4bcf4a80671
levels/15/hud_bank_2.bin	16	ff6d9e15eb701a0bd7732f94ab868b2b8e21391d
levels/15/hud_bank_3.bin	16	ff6d9e15eb701a0bd7732f94ab868b2b8e21391d
levels/15/hud_bank_4.bin	48798	34c998086800b909014b7cd9f8d7564237bcc3cf
levels/15/core_data.bin	14127003	748f9ba25828635f101a486d2d5c38ccf65f5e50
levels/15/gameplay_ntsc.bin	524288	f3c7d5d87737bc8d64013685d51214d90f635eea
levels/15/gameplay_pal.bin	524288	676bbc5f9147db25fd3cc2bdc866b6e53e6c9f24
levels/15/occlusion.bin	40960	bd74610179e29594a4532fb7a31ba27aba3b8c28
levels/15/music/000.bin	186176	597a957fe3b97683e7a4fcffe24a6954f4408794
levels/15/music/001.bin	2791472	8091ee0ba67b4cf4b481836471f6c873b9dc5e86
levels/15/music/002.bin	186176	89d994f4b3a61563e279d8e44f61febe0bbb3966
levels/15/music/003.bin	2791472	3f86990a597305d65e6881a486dff0095062017c
levels/15/music/004.bin	151280	38bab74ce1fc7c3def366b89601df704616441f2
levels/15/music/005.bin	151440	6318530944bdbc5e556329c685dbfd712386b1cb
levels/15/speech/00_en.bin	912320	1eb59874c2c9df0466d52e6ab6931844822b1a08
levels/15/speech/00_fr.bin	912320	83faba54c9aab521c40a7d0e5457432ee6b2f421
levels/15/speech/00_de.bin	912320	94a3a2f43f431a05fbaaea64ca44bab9e27ef013
levels/15/speech/00_es.bin	912320	0da1488cc964804d0d88a9a6d8134ece9538c30b
levels/15/speech/00_it.bin	912320	1592eba8d0ff92c10e1c38c985424ddb0ef46cdf
levels/15/scene/00_ntsc.bin	1021952	25c76178e6c215e87db86e5204f424c38a4c4d65
levels/15/scene/00_pal.bin	884736	2547351d1ac93073095335c1a99d3f777a5ab7ca
levels/15/speech/01_en.bin	530128	50c5009de688cc6e38e40788f4c5bbca7c96f587
levels/15/speech/01_fr.bin	530128	ace038bdd3a5b3552ad9d7cb65ef6fd3354adcf7
levels/15/speech/01_de.bin	530128	d44335c66c68dec6a3d07ef1d94d6d77c0d7fc8f
levels/15/speech/01_es.bin	530128	b7f6260c12dbd6ddb5670db3373168b101312a4b
levels/15/speech/01_it.bin	530128	db30b16bdc5b13c35ec3ec7ccabe1fa111e4c99d
levels/15/scene/01_ntsc.bin	823296	364eb6a668fb062f88e39dd3dab1cfd243651499
levels/15/scene/01_pal.bin	710656	0f70f196f534d4bd00f1acf9d126dc0193155bb7
levels/15/speech/02_en.bin	273088	d71304b1437eef4a1f6c56b8862413742e922231
levels/15/speech/02_fr.bin	273088	34629c728827150a4ab382518c322c9c5d3d11ad
levels/15/speech/02_de.bin	273088	9983127b2218bc98f3bf79746e444808fb7aaee3
levels/15/speech/02_es.bin	273088	540ce702512573d034e8c2290b678dc06f845b98
levels/15/speech/02_it.bin	273088	369f0efe93c916cf94b66afb013025ccae769405
levels/15/scene/02_ntsc.bin	294912	eae38eaa9f586924470d86aa762a3d6e9edabd62
levels/15/scene/02_pal.bin	256000	46605e3af1fe630805325921249ac5df89ec7a99
levels/15/speech/03_en.bin	593120	1ffa54f5f04c9d900befea68ebab9ecd55d143b1
levels/15/speech/03_fr.bin	593120	6f66ac785a6104d4ac553dfa7f6526059e2c87a8
levels/15/speech/03_de.bin	593120	7d3573ff0c263cfedb4273307f4d7fccd9a19093
levels/15/speech/03_es.bin	593120	b04b1f534a183b63a4b1cf9c20b350d91474ee4d
levels/15/speech/03_it.bin	593120	b827afd55cadf3509d1cb34f969ca207bee314dd
levels/15/scene/03_ntsc.bin	692224	1e394742d87917f25f171b79130e6fd25bfd3282
levels/15/scene/03_pal.bin	598016	ef21b97c04c641fb73ad79137866f5ecaa40a6c7
levels/15/speech/04_en.bin	1012288	c943a2bbe6cf171cdf30f99e6396dc1ed6af5330
levels/15/speech/04_fr.bin	1012288	3f4288092e005526029e81a92951e23d685db935
levels/15/speech/04_de.bin	1012288	da4945915b55c9409a76f66e056b6b655c361ec4
levels/15/speech/04_es.bin	1012288	0cbdb283f4899d40ed440a5393f4114ed676c6e7
levels/15/speech/04_it.bin	1012288	1386e31c06869073d7f5d06d96033a211f611afd
levels/15/scene/04_ntsc.bin	866304	fcfbff6c9a0890e29542940adc5f43e530735e67
levels/15/scene/04_pal.bin	751616	d10ef32440240b191d3b1d47d615be8b7605aa1a
levels/15/speech/05_en.bin	114320	522db9adc8edbae0f608a07d03732561ecab695f
levels/15/speech/05_fr.bin	114320	80815d94041200b313dd78d17d98188eb9b6e2f0
levels/15/speech/05_de.bin	114320	915b5fd3721c9912ed66bdb6c4f775945d2f8a25
levels/15/speech/05_es.bin	114320	5af7d67124573b51295a1347def6a479ee58bbc5
levels/15/speech/05_it.bin	114320	8aa4bf85ebd46083c6e50af1a5b9ea39e1264cc6
levels/15/scene/05_ntsc.bin	92160	aa5c413c7ea8c32dd70de7736accf498c5711e60
levels/15/scene/05_pal.bin	81920	d86671ad68e90774e0c23b9f488379c846c40f2d
levels/15/scene/06_ntsc.bin	1179648	87a71737f96d671cf93c1aa9e3816d18ea676cd5
levels/15/scene/06_pal.bin	1030144	2b717f72821361a1253143523edbf4372222e564
levels/15/speech/07_de.bin	87440	02ef580604a81a007378d22495c2bfd2c740e63f
levels/15/speech/07_es.bin	87440	71c321d92ecf9089222999e86804d38fdfe7d1e1
levels/15/speech/07_it.bin	87440	eb307d238c73f184e65b6cdff97ddaf6380f6afe
levels/15/speech/08_en.bin	87440	1b63c1f89ff9a33005f1541a1c8334979df5509c
levels/15/speech/08_fr.bin	87440	938539fb355841f07aae2b27a573530276c96f58
levels/15/speech/08_de.bin	86608	a70da63282dfa5530fcb6d3dae0f9bde491687f0
levels/15/speech/08_es.bin	86608	57eac51ce4141ce9fccf76496cae008708c95f22
levels/15/speech/08_it.bin	86608	1236530ebdbef1477b8a0d49bf4490317a295e7b
levels/15/scene/08_ntsc.bin	59392	82aeb2b152e1c89db3b38d1f06b25bdf95950446
levels/15/scene/08_pal.bin	55296	748d2e549fcefb51a33077c32d8f2305653332b4
levels/15/speech/09_en.bin	86608	c78089b7babd0d9dfeca003c0350962572fa4b5e
levels/15/speech/09_fr.bin	86608	c78089b7babd0d9dfeca003c0350962572fa4b5e
levels/15/speech/09_de.bin	86608	c78089b7babd0d9dfeca003c0350962572fa4b5e
levels/15/speech/09_es.bin	86608	c78089b7babd0d9dfeca003c0350962572fa4b5e
levels/15/speech/09_it.bin	86608	c78089b7babd0d9dfeca003c0350962572fa4b5e
levels/15/scene/09_ntsc.bin	49152	0e8172d8f851fa494f758ed03d6ab243f3ea7cc4
levels/15/scene/09_pal.bin	43008	5d275d4a381fdbcf6f5d9e7b67eeeeed706afd5c
levels/16/level_header.bin	9268	ba9e77f0f554c990c72540df58643f0432eb9939
levels/16/overlay.bin	1679008	f599f8a01947c266cc9a18b5eec4127f36979293
levels/16/sound_bank.bin	1576356	f28a2326030b0a32b41f83bc0e47bf9aa1128883
levels/16/core_index.bin	40912	1c4bc8f2847aa04902d21930251558e8bb1fef7d
levels/16/gs_ram.bin	758528	84a9bb16aa246b7824f0c4715c506a569b4b243e
levels/16/hud_header.bin	4216	4a5ec6ff895e6da03f212f854b31405562c60ab4
levels/16/hud_bank_0.bin	57885	6a5fec6510c427a01bb76be37601b6c32b009e74
levels/16/hud_bank_1.bin	142099	f5d39b21b30c0f3c861480f58880fa45f1475fba
levels/16/hud_bank_2.bin	16	ff6d9e15eb701a0bd7732f94ab868b2b8e21391d
levels/16/hud_bank_3.bin	16	ff6d9e15eb701a0bd7732f94ab868b2b8e21391d
levels/16/hud_bank_4.bin	48798	34c998086800b909014b7cd9f8d7564237bcc3cf
levels/16/core_data.bin	12876836	830748034ed3eb6cc6045a5f310393eccccb2f97
levels/16/gameplay_ntsc.bin	747520	f8ba14c96d4e2d4ddca1cf397b661aa9c21e71e8
levels/16/gameplay_pal.bin	747520	9b4f0581fb61bd24b86f1af597fcd821ff902955
levels/16/occlusion.bin	43008	965f9af85cad4b3abb73cff9a426af99e5833be6
levels/16/music/000.bin	179280	c4d3e7eef1384ca391c840f15f5aee872a05d5bf
levels/16/music/001.bin	2867280	0ca0125933add029054e953d2b6410903f05f91a
levels/16/music/002.bin	75680	3e7d47a8bd37176bfce649f35ce33a5ddeb6017d
levels/16/music/003.bin	2419280	5d927420e7bcc9cf42211c186b3ba0aebe79ada5
levels/16/music/004.bin	161360	bb1ea8f913c6aabc16c957ca25f95c2b41f0d8f4
levels/16/music/005.bin	3225680	504492adcd02ce9026e528eb265a61f485712be6
levels/16/music/006.bin	151440	75b9859d647b8527ab52c3004957e63a86095bc5
levels/16/music/007.bin	151280	2aab8a3e75579c00f5dc99e8218985dacb05f267
levels/16/music/008.bin	151456	f7981044050eeafc48fb6e84e7e3d7d5e2472636
levels/16/speech/00_en.bin	811520	4340db14d7b6edac26a278198b4d610bfbd681d5
levels/16/speech/00_fr.bin	811520	376996b17c0b41af8d19094a74648312b5a16448
levels/16/speech/00_de.bin	811520	a0840eb713cef2b9c605f878edd22ef35c000171
levels/16/speech/00_es.bin	811520	9a3a5f16f0a3ea81e2027826fc4b3746646fe3c4
levels/16/speech/00_it.bin	811520	5771d408277106c9012c6ee29aff967c65f936e6
levels/16/scene/00_ntsc.bin	1638400	f3876eeac90a48e5ebfade7872d7a8371f71d521
levels/16/scene/00_pal.bin	1411072	db165d0f2070e7f00a5a0da5e0e45d3df07899dc
levels/16/speech/01_en.bin	1333168	a60d3dc433d4928e3da994bc7a0a0682f42217d2
levels/16/speech/01_fr.bin	1333168	db28b2299319e985a4aa824112e09f40586dfc90
levels/16/speech/01_de.bin	1333168	a785ac64d80790335b8b6f015de6f9a2ac09b248
levels/16/speech/01_es.bin	1333168	15b0164eecb4e31861166c610b82d07f78c7d5a7
levels/16/speech/01_it.bin	1333168	4bcc5ac611242666a859d28621587f892d1853dc
levels/16/scene/01_ntsc.bin	2447360	6c70d6660417107d80cded7155749ae495dc93b7
levels/16/scene/01_pal.bin	2109440	650d5ec458275a995691fb44238f2d7fc93b5581
levels/16/speech/02_en.bin	856880	a56ab932b2556b92b0d1bfa184e2c86cc6a70746
levels/16/speech/02_fr.bin	856880	103616187ab9c32de4e84fd16de09b424c0bb92c
levels/16/speech/02_de.bin	856880	1656d4107d370c679b725d6eeb331733dd93ebb1
levels/16/speech/02_es.bin	856880	6c014f79bf29037146fe9582d70388e31451f7ad
levels/16/speech/02_it.bin	856880	99ef7b26ff619d66373494c9df6d0e3781fdbaae
levels/16/scene/02_ntsc.bin	1230848	a9968f572fe3633431d54ea356dc63aff088c00b
levels/16/scene/02_pal.bin	1056768	fdd87e3540d60a2e070c883ca4033f6b7f16b96f
levels/16/scene/03_ntsc.bin	1075200	8401ef0cdd289d034222d9834ea4e74ee1564839
levels/16/scene/03_pal.bin	931840	6033fbb4e28d227fc27cd735e813bce108974232
levels/17/level_header.bin	9268	7330d803ee8518d679258b25f90cd03d1f4b006b
levels/17/overlay.bin	1723972	68e72b958da5cc4461522c131e126de4e3361385
levels/17/sound_bank.bin	1804504	1b2778e450c587e75047754509e425b2bbb7f6c7
levels/17/core_index.bin	35840	8813aec79d140881a107e17c2026456952ffa154
levels/17/gs_ram.bin	654848	4dfae265bf7e52b2ce20cf16b11c96a6ab5224c5
levels/17/hud_header.bin	4164	65e03f15c594e79c4077bbbdf5309eb151ad5d49
levels/17/hud_bank_0.bin	62698	d34f7e27a10e37fba3cf66aaae081a2e86bcf120
levels/17/hud_bank_1.bin	160888	ad745a69af29c93964e8579c22296c4b1460453c
levels/17/hud_bank_2.bin	16	ff6d9e15eb701a0bd7732f94ab868b2b8e21391d
levels/17/hud_bank_3.bin	16	ff6d9e15eb701a0bd7732f94ab868b2b8e21391d
levels/17/hud_bank_4.bin	20540	e861b836faaf230945ae335c78211b627369aee5
levels/17/core_data.bin	12048633	461b772036e4f7be837f07e9aa31f291ee74b178
levels/17/gameplay_ntsc.bin	423936	e8bb727c3d75563d15b22c294a4d5dd934c0b73f
levels/17/gameplay_pal.bin	423936	de0811e0a5c89665c119f5ad9ad8e6462c669a20
levels/17/occlusion.bin	20480	36e05d67742753a9ec645d5a9c781e05b841e4c6
levels/17/music/000.bin	85872	66ee5fb6f2b326975da116e569c80324d4d1940c
levels/17/music/001.bin	2916848	6b68e9cc95facbfefabe14c85ac484bb4f348d2a
levels/17/music/002.bin	87744	821796282d27731b270a0645b10c6eafc7a3e14c
levels/17/music/003.bin	3111632	aae79a118b5facfe9b799e005009e6f4126a6a90
levels/17/music/004.bin	151456	6e7fb57d7e8d1b5b12ec65c9898658973ebdbd1b
levels/17/music/005.bin	151280	8f69319bca4d7ede7469b440d32b4db061e1bc22
levels/17/speech/00_en.bin	129440	bf428d3253c9e3a99162b0f3e2536e1f60fb5c95
levels/17/speech/00_fr.bin	129440	cdc5a4bb97057203cd51eebdde1da5a51cf86b48
levels/17/speech/00_de.bin	129440	2d0ca806e6cac07605b9b7963ce5181587e6aa73
levels/17/speech/00_es.bin	129440	436cdd05e2161cd9f10505410cf119cbd38ee820
levels/17/speech/00_it.bin	129440	ab719d520b4277cd65ffeb4d91a005f334a94c87
levels/17/scene/00_ntsc.bin	126976	52579c905f2572883310a2f87839622b6bd2d592
levels/17/scene/00_pal.bin	112640	fe5a0cce90ddf589aa0b28264ac78bfa73303c58
levels/17/speech/01_en.bin	109280	b284d46609772e79857bf607b4426c165f2260e6
levels/17/speech/01_fr.bin	109280	8ecd5bf69675ff04a8f7e1d9c0b2c00b15f0432d
levels/17/speech/01_de.bin	109280	7f576a10c0a82ff2150ab9dd647a46a23cfb77e5
levels/17/speech/01_es.bin	109280	2a91421897888d04187e5d61c6e938ba6762b4a4
levels/17/speech/01_it.bin	109280	87a6090d6889647a758cd8a2374c850a306cca92
levels/17/scene/01_ntsc.bin	106496	36c5ff31c9eada27c5ec0b88cd81b60099ac4695
levels/17/scene/01_pal.bin	94208	39c5a78702d476fa54e53f7fbff2e52d4f4dc8ca
levels/17/speech/02_en.bin	183200	1fbc0ca958ac7d2f67b1ce89890330ec9589171d
levels/17/speech/02_fr.bin	183200	1fbc0ca958ac7d2f67b1ce89890330ec9589171d
levels/17/speech/02_de.bin	183200	1fbc0ca958ac7d2f67b1ce89890330ec9589171d
levels/17/speech/02_es.bin	183200	1fbc0ca958ac7d2f67b1ce89890330ec9589171d
levels/17/speech/02_it.bin	183200	1fbc0ca958ac7d2f67b1ce89890330ec9589171d
levels/17/scene/02_ntsc.bin	239616	ce3188916e97623de0fec305cfdbedb5113e1229
levels/17/scene/02_pal.bin	204800	142b2e8bd320d4669f4581f81e7f8871d3a3bd8d
levels/17/scene/03_ntsc.bin	1503232	d7944c50e4ee46c53027400347263ea866cac377
levels/17/scene/03_pal.bin	1310720	ade295d5501901a164dcf9829ea3b2411a61c725
levels/18/level_header.bin	9268	f8151aef208f401f714befcfd976070460d6fbd1
levels/18/overlay.bin	1749080	6c1bf277ca3d53234453d6b1c432428d66c88e81
levels/18/sound_bank.bin	1805184	be87ed042000efc5605e77ab17e6566046e8a880
levels/18/core_index.bin	42800	d0a82ecfdf6a990cd746c483402599791e484d63
levels/18/gs_ram.bin	714240	6a16a915ffc5abba4d37940e2b40940c39573df5
levels/18/hud_header.bin	4292	60dad891b03cdf47f79b9f8af4ca0fc9c5fe9fa3
levels/18/hud_bank_0.bin	59362	12323a66cd10b7c5c08e607f9127e05bbbdf0436
levels/18/hud_bank_1.bin	146018	0d4732a1eca9a8e102b8222a25a11761e9d12e79
levels/18/hud_bank_2.bin	16	ff6d9e15eb701a0bd7732f94ab868b2b8e21391d
levels/18/hud_bank_3.bin	16	ff6d9e15eb701a0bd7732f94ab868b2b8e21391d
levels/18/hud_bank_4.bin	48798	34c998086800b909014b7cd9f8d7564237bcc3cf
levels/18/core_data.bin	13273180	04f46fb60f26d57e06c45f860d1b05143ca403ec
levels/18/gameplay_ntsc.bin	731136	39de3efddd2fbf1845ef381738162c41ed524f61
levels/18/gameplay_pal.bin	731136	56b86b14a9d7977f5123ac29a6630c4d69cf7837
levels/18/occlusion.bin	43008	d740251218044568046b80a7ca43f43103283944
levels/18/music/000.bin	179280	0bee67976784360494ee70fa9228219c819e4744
levels/18/music/001.bin	2912080	64d6db99f937c05cda52ebacd63fc1f941b0b4cf
levels/18/music/002.bin	175584	489e5e4285745d3b5c9cce681070d87be4824eb3
levels/18/music/003.bin	2937680	52c0906f202d434d2198ca9250c744d45412b95a
levels/18/music/004.bin	151440	ec48e42a1df92c8dadccaa86a5975ed2066d30f6
levels/18/music/005.bin	151280	8f69319bca4d7ede7469b440d32b4db061e1bc22
levels/18/speech/00_en.bin	406640	1a230e825450e90aa0372d1618e3ac4f65ff500a
levels/18/speech/00_fr.bin	406640	7583af9dafb66a7f0c4c1e41f495ac79934b86fd
levels/18/speech/00_de.bin	406640	3f3317ce8dfe9cd8aa90ccd0ed2eea509047dc7b
levels/18/speech/00_es.bin	406640	7ac7944e0d0743bb5430dbdf0027e127b8bc1b5a
levels/18/speech/00_it.bin	406640	f18796bf857f2eaa19fcea0add1fd0cafada778c
levels/18/scene/00_ntsc.bin	479232	2f1bffce407541a548e7716d719a90112a191736
levels/18/scene/00_pal.bin	415744	5c0d7667135716ed2bb0816e382c6f23b2aa8434
levels/18/speech/01_en.bin	382288	4fa52e3e4e5001fbad27295e47c15db662470c73
levels/18/speech/01_fr.bin	382288	d414a3fdcc120be2de87bbbf41664e8fc5537b78
levels/18/speech/01_de.bin	382288	0bc0d504aa80d5154be11fd636bca4728f2003e3
levels/18/speech/01_es.bin	382288	648a2b0d721f2ab266463ddfe04586bd982ca59b
levels/18/speech/01_it.bin	382288	6ef8e76f1ae55d3e958f16a92c8123e3f6aeb5bd
levels/18/scene/01_ntsc.bin	544768	3fd7a4e58ab26833e09a2567828d07532d1149e1
levels/18/scene/01_pal.bin	473088	a17bd4f880f181f06f3b5c05a7a04da88458f583
levels/18/speech/02_en.bin	1341568	06a10c64b13b680d37c494999365e3951b8708f6
levels/18/speech/02_fr.bin	1341568	d57aaac37504b56e91f69353c8fb3f91ea9d1c37
levels/18/speech/02_de.bin	1341568	ad8e78f4c4f6a9c73bee6ad1bba14cc6891c8af7
levels/18/speech/02_es.bin	1341568	cb45108adfb585a89b04448bb3238e6313119c0d
levels/18/speech/02_it.bin	1341568	02c2b4804b50c3d8d2f2eb3a39e59c132083bc6c
levels/18/scene/02_ntsc.bin	1929216	c005b715e149ba94fc9b71af12f3785c412c72e2
levels/18/scene/02_pal.bin	1677312	89403b5be1d784e8e874334eb72278f8610ac6ec
levels/18/speech/03_en.bin	777088	6fa3d7983c571d536271a18a075f1dfd37915cb6
levels/18/speech/03_fr.bin	777088	75d144364f94a3082bf9b371790f6c17eeeb603b
levels/18/speech/03_de.bin	777088	0b7244b843fc7e9ae6fa908854452973c44336aa
levels/18/speech/03_es.bin	777088	152732e156bc1bdb71dc39b0d8152e556de9f8fe
levels/18/speech/03_it.bin	777088	24a8e9602c524880a62cd8844328f602adfdfbe8
levels/18/scene/03_ntsc.bin	802816	5892810d0ba934af5757afdf0a1be4e9034f27ad
levels/18/scene/03_pal.bin	694272	f99b196287c3602dd12a4fcae9edcdeacbaa9e49
levels/18/speech/04_en.bin	1096544	e33e2065bbd09d3871636b5a6c1348cfc0df4bdd
levels/18/speech/04_fr.bin	1096544	4526647951cb3b64185f0f16c1f67baf07b308d0
levels/18/speech/04_de.bin	1096544	5a7b4adffcc5c1fd99ee3c4220006f064caf2bcf
levels/18/speech/04_es.bin	1096544	a27db3c343246bbad818318dea44da23fc09ff39
levels/18/speech/04_it.bin	1096544	10e1e5e361482915bbd8da73bfb0e8934beeb95e
levels/18/scene/04_ntsc.bin	1259520	01d8686e23c0b4ddc2c40da3317d141a2e727158
levels/18/scene/04_pal.bin	1083392	dfcdf458745bae16786971eb156e6c3f4e1bd84e
levels/18/speech/05_en.bin	1601040	17f29ff585caf08d54e91caa6ea87a39c13ab6d6
levels/18/speech/05_fr.bin	1601040	2c2fdbc584a4da1759c03d5ea898a6b360818d0f
levels/18/speech/05_de.bin	1601040	66586bcf9feaea2abee79c6b70c3538adadb6b74
levels/18/speech/05_es.bin	1601040	e6983ec68e45f5ea707e6206a0dee359a953c8e4
levels/18/speech/05_it.bin	1601040	11d1b73e9601ce4e53a77fd9b1008957d9bee5f2
levels/18/scene/05_ntsc.bin	1691648	fec29cc7127ea226735bc47bf2cdabeb895faa36
levels/18/scene/05_pal.bin	1464320	cb5f48eeed55147b6ababb01ca584ebf39863938
levels/18/speech/06_en.bin	87440	fdaa16bb2d460a9434f1967e293b55723161bbb1
levels/18/speech/06_fr.bin	87440	c15d708ded72693e24717b149ddd0098ad786ed8
levels/18/speech/06_de.bin	87440	24f3585a3230bb395be6c992ae8cb3f61c3fce2f
levels/18/speech/06_es.bin	87440	394414b1810680865491f4f490a3ff1fe9564779
levels/18/speech/06_it.bin	87440	2dbd99cb0f2446e73afa19f9c9b1490d442cfef5
levels/18/scene/06_ntsc.bin	59392	aaf2999abeee657df6e61cadb6106085aa7babb0
levels/18/scene/06_pal.bin	55296	c5839aaeb7d839f2fe1e38e0e03545c7b76f6538
levels/18/speech/07_en.bin	87440	115d73233abe53ba4eed5f01a8489b76371d16fb
levels/18/speech/07_fr.bin	87440	0ede3f85175cf230615afb3ffdc25fbaaf7b06ed
levels/18/speech/07_de.bin	87440	02ef580604a81a007378d22495c2bfd2c740e63f
levels/18/speech/07_es.bin	87440	71c321d92ecf9089222999e86804d38fdfe7d1e1
levels/18/speech/07_it.bin	87440	eb307d238c73f184e65b6cdff97ddaf6380f6afe
levels/18/scene/07_ntsc.bin	26624	32f0c038de23022b40dd845bbb608f5e546b9b12
levels/18/scene/07_pal.bin	26624	0d790df00c9dafd0bf7184152cc3d7846c62e799
levels/18/speech/08_en.bin	86608	4ef4586cc45f16e9eac45458dbc22f00762e6b0b
levels/18/speech/08_fr.bin	86608	4ef4586cc45f16e9eac45458dbc22f00762e6b0b
levels/18/speech/08_de.bin	86608	2bf1fb28fd6755956a13cea4c40eea6e154d7518
levels/18/speech/08_es.bin	86608	32779fb78508ed46dc9268fcf953573689c98450
levels/18/speech/08_it.bin	86608	e3c02bc64356cfe0d4d2acdfabefa90026869aaa
