# ReRAC loader snapshots: SCUS_971.99 v1.00 (NTSC-U), all 19 levels. Hashes, sizes and counts only (no disc bytes).
# Columns: test<TAB>scope<TAB>key<TAB>items<TAB>bytes<TAB>sha1. scope = level (00..18) or global; items = byte
# strings hashed; bytes = their total size; sha1 over the strings in order, each prefixed by its length (u64 LE).
# Generated 2026-09-27 by crates/rc-formats/tests/formats/golden.rs while the Rust output was byte-identical to the retired
# C++ reference extractor's dumps (git 2230812). Rewrite rows: RC_SNAPSHOT_WRITE=1 cargo xtask test-job --test formats --filter golden::
collision	00	collision.cell record	5783	92528	c7cfc2bc765e869e4b4769533992de5e4dc1a9de
collision	00	collision.faces	5783	213644	def51e634c8fdd4b80914f221b3f2ac2a3290c5c
collision	00	collision.header	1	8	f7cbb1d8c1b3ea1eec2e945d7fe8b0006c26efba
collision	00	collision.packed vertices	5783	439004	590df11d8ff85033dd1bd6468a6d8115c09f0d5f
collision	00	collision.quad_v3	5783	32773	64e287e9e34b11947e505c3fb92503e3a9a0e315
collision	00	collision.root	1	42	407d07d0fc51ef45b9800b2ca4d380cf136bf40d
collision	00	collision.row	600	39572	18ef39c97785bd6760a988d84cec2a6b5bdc0e76
collision	00	collision.slab	19	3000	60eb0e290ada6cb6b892c86d8fb4828764a533be
collision	00	collision.triangles	1	3792096	ad351b6c8c7be61080f15eb24effc2897d953df6
collision	00	collision.vertices	5783	1317012	65f7f415d01b0a5fd922eb82872fc1863dd37c65
collision	00	collision.words	623	2492	30ea77284302782f0605b386fd606298825373a8
collision	01	collision.cell record	14067	225072	8d43bc76ad51919a933c0e7e756c134f82b49685
collision	01	collision.faces	14067	454920	18cf880c463be9f1aebab19e61ee570919d16179
collision	01	collision.header	1	8	81abac7ea56f43aae070229a1a6774697ef8e988
collision	01	collision.packed vertices	14067	805788	d24c40365d83e63526428529506b34c477c440a6
collision	01	collision.quad_v3	14067	68601	bbf7540f11f0b3179b8d0349d49e516c24cf1100
collision	01	collision.root	1	52	ebba34c2b4a03476e36a0dd48cf3ce317effb966
collision	01	collision.row	1203	149608	86e18750f4fe65d8d990d4e74d09bd2c94951f30
collision	01	collision.slab	24	4976	fd84fa8142ec00b1522b0aa2add260bda8f2f17b
collision	01	collision.triangles	1	8022564	c7b41e89dd56a77f1415e87fdb88815b6dd188fb
collision	01	collision.vertices	14067	2417364	17842ddd00752583f778be0c84770bd212818df9
collision	01	collision.words	1231	4924	6b5d9ad84ce3d3dc61bf175f901ba5ec8220cbb7
collision	02	collision.cell record	9858	157728	f0f0d48023f6c35105dd24a18e9c0df3a8294cc6
collision	02	collision.faces	9858	328032	2027637a2ff77a163fcfc394971796be733cdf23
collision	02	collision.header	1	8	31425361865de1b42d52484ba324d85954f6815c
collision	02	collision.hero group	105	1680	82dac0fdb9955886381042bead94fc6d86a676bb
collision	02	collision.hero sphere	105	1680	adf437be307508b9915a508bbdb2fc813058bd01
collision	02	collision.hero triangles	105	2112	c3f810d12ff92fabd202db14e7cc9c7eb71ecaa1
collision	02	collision.hero vertices	105	5248	532ccc680c171aeba759cbc5692504c13485f688
collision	02	collision.hero world vertices	105	7872	da6c1fccf48d5c36baa1055026647ddfd18047eb
collision	02	collision.packed vertices	9858	561108	e9375754c1db4546d523e05d8b88e5fb737a5e50
collision	02	collision.quad_v3	9858	37811	0870b18bd894e1f8990e9dbec410cacedb8d74d8
collision	02	collision.root	1	46	a5f92e379f022e185bc2e3d646377e5f9c28ca1d
collision	02	collision.row	739	73996	10f68b4403c1ad54a5fca5430307b3bced4e6b61
collision	02	collision.slab	21	3392	afeb16e4050cbebfc38c62d9b72db733f6521a3e
collision	02	collision.triangles	1	5272036	abbaa33c48e9aaa98ed1b663dccb1bcd0afee288
collision	02	collision.vertices	9858	1683324	de49d8c0a0d43cd654c7b44a81978f95d1a76c37
collision	02	collision.words	764	3056	2c7e592e5503b89a2f961069435a1aa1679bebd6
collision	03	collision.cell record	41004	656064	26575af7502a1f707ee95389d93e8bd04eaec4e4
collision	03	collision.faces	41004	576500	2e9f2c4565bb96dcdfcb2c1fb168d5da9fd88cf1
collision	03	collision.header	1	8	da2a24698a0a27d1d59ba2dd71d2229b147cc4bf
collision	03	collision.hero group	30	480	31fee8e47362dc3f5d5707aacb93b82f7abbea69
collision	03	collision.hero sphere	30	480	ae807edbe673d3314dd860b4a887ffa095ee8f92
collision	03	collision.hero triangles	30	2156	e3716781101aa8463e71e50fb52b7b1dc7c45826
collision	03	collision.hero vertices	30	3792	797b5732cdca35e4abb895661ec947e9be2379f9
collision	03	collision.hero world vertices	30	5688	6fa9e70b88a3e5a35ee6e01fae818716f1a63dc8
collision	03	collision.packed vertices	41004	1185628	8b37b782861b460a7418b1a1bfc43d56391e134b
collision	03	collision.quad_v3	41004	68445	66f0c804797a2aed67640886a733e9d4ef9412b3
collision	03	collision.root	1	72	9bc1bfb876db55ab9fa554860fec25112c246e29
collision	03	collision.row	4000	1251584	6827604c400a2f292efcede4eaf3d2bc3bbcda95
collision	03	collision.slab	34	16492	f63a0c1cc6ab62ec70d289905901836fbd0cf92b
collision	03	collision.triangles	1	9353080	04b29a5ff03dfd1d6f850a54196773eaa798770f
collision	03	collision.vertices	41004	3556884	5095a1a2d8868aab402ee3525b4bb6c7bdded68c
collision	03	collision.words	4038	16152	327949097e335f85c766bc7c5d7d579cd776054b
collision	04	collision.cell record	12736	203776	9fed721d9cff46c3459f4aec16187c1cd3a34bb7
collision	04	collision.faces	12736	320600	59967bad8fe4e19ee07b892404e2cb5bfe2220fd
collision	04	collision.header	1	8	990fb2c21d8f8263bc705517e232d33a6edb6013
collision	04	collision.hero group	4	64	5c911b5bde558dbfe17839524e3828b41a4c7f5b
collision	04	collision.hero sphere	4	64	26430d1d48e4a5abb9b985b187ec4048ffd016a9
collision	04	collision.hero triangles	4	128	38a23ce9cefa8d8e93bd047818f7d6b2703f753d
collision	04	collision.hero vertices	4	320	d90b98ae25151216607aceadb1ca44827feed6f1
collision	04	collision.hero world vertices	4	480	8a8322faa9f7879b3d606db4d24b10250c63eef1
collision	04	collision.packed vertices	12736	601776	a2cb146773ecbf2bd7c88c58c3bf19479eb05148
collision	04	collision.quad_v3	12736	50214	e65fae022820979680da3c22be2e5b3823af1d08
collision	04	collision.root	1	42	a832a0bd420ef89f9b865aa996cf7e28c6e9e84a
collision	04	collision.row	851	107900	0dcd2772c11f686480201cd403d689a9a7431c19
collision	04	collision.slab	19	3724	5a40dc376969d50e344934a6a2d675a53b0673c2
collision	04	collision.triangles	1	5736016	3423847f627eeb609d8a6f34533ebf027549a423
collision	04	collision.vertices	12736	1805328	71670fbd5d3c15e2375857a9c985453ace9a3b14
collision	04	collision.words	874	3496	6183b2ca7c060f6441b2ca11f9f6383d187ff9d2
collision	05	collision.cell record	33981	543696	5b39b2c42579ab197c221992811a6639da8f391f
collision	05	collision.faces	33981	593644	b15789675f5a3d083e48c8cb124e887a56cabd89
collision	05	collision.header	1	8	46ee893da6a5909c66a00f32bc1d8670349b5b42
collision	05	collision.packed vertices	33981	1233540	0deb5c383f7260917e0d8f9fb9b6c7bd6958416b
collision	05	collision.quad_v3	33981	70558	77025470df2ae8d25a069d657a05c43241196a8a
collision	05	collision.root	1	78	0a8f88cc7282c57e9cb18082e8ec20ce0f3c81e5
collision	05	collision.row	2119	351364	6aaf176b7ca7fd8127dbfccf33ca353ee02e1ec3
collision	05	collision.slab	37	10200	0aaf75131194072c7d33140eac194eae6f5090de
collision	05	collision.triangles	1	9634636	bd68dc0c3afca4cf9855308d606af5294b83ce16
collision	05	collision.vertices	33981	3700620	4dda22691b4b9ea7714d16c9f7e30483912fdd62
collision	05	collision.words	2160	8640	ee524f9667fea3d8c77eba76a51b7472aec57e37
collision	06	collision.cell record	6071	97136	bec934d51c1a43263aa4d715153910e14f102b1b
collision	06	collision.faces	6071	367140	019fddfd56253da392ebd3b3589099bb1e8e837f
collision	06	collision.header	1	8	646efbc7d47999cbd3562df6bdb4bcbf4b48bbb5
collision	06	collision.hero group	2	32	f673db49a5ffcc0070fdbf33d72a08ad135d4753
collision	06	collision.hero sphere	2	32	9a174681fb8e4da31a614437ad36d6f850ff34d6
collision	06	collision.hero triangles	2	112	1cda93bef3b7e645a4682fb7163bb72b99a94bd0
collision	06	collision.hero vertices	2	224	84fea106e4bdc1573e39cd145c164811387226ac
collision	06	collision.hero world vertices	2	336	3c782b5511381dfc7a082492633765a6be01a761
collision	06	collision.packed vertices	6071	632336	ac2d8806cbb0b415b0b62bc1f32f21c67b99ebf2
collision	06	collision.quad_v3	6071	66276	2d800901fd3b8aa73a90cd889c6f37fc468bfa45
collision	06	collision.root	1	36	55f11a9965e0df5005dd80050dc88efc711ebe2d
collision	06	collision.row	634	51552	96378f815bd519e2d3e60c91c7b998c4863fdc89
collision	06	collision.slab	16	3576	8e7685c0e594ac57f2658405b9289ba9333a7186
collision	06	collision.triangles	1	6954684	62bfb036cbc4c8333d954335d563fe5c6bdfef3a
collision	06	collision.vertices	6071	1897008	42321b96c457e98457cfc5f5f21277c87167d4a8
collision	06	collision.words	654	2616	6fa77f614a24aab9e036efbe20d0cea76d480bd6
collision	07	collision.cell record	18293	292688	403105005b1774e43f35341cc25ae0df3ed9453a
collision	07	collision.faces	18293	456512	834a681a6fe3ab3d593fd37d122cfc2f6ba90f66
collision	07	collision.header	1	8	20d77180d7a25236f1ec70470206e1da45083951
collision	07	collision.hero group	20	320	4e334d699b157e12c633adf46c9b281412cb24c5
collision	07	collision.hero sphere	20	320	bddaa87a9329a49c441bd377d59b934130a7478f
collision	07	collision.hero triangles	20	1120	81f15ca511283b6e01cc213641f4f41f71d72e02
collision	07	collision.hero vertices	20	2360	6a64e7b3b3bacc191126608537ca1544db0497f8
collision	07	collision.hero world vertices	20	3540	d968d5fcd2d056734e90d17967d51590f5d6f87e
collision	07	collision.packed vertices	18293	848332	9bfb56b39320ddab0d4e569e2a7c5825e37eb8f7
collision	07	collision.quad_v3	18293	67282	3de6789a93bfab5057b2d0e21ccc52b6be3caec1
collision	07	collision.root	1	58	78bbda48cd7a11b0c278a1bdf0e945f6be98d9f0
collision	07	collision.row	1288	131156	3ec62783961d11367579d89fbbd29c08664e5e4a
collision	07	collision.slab	27	6004	ff5f33833e22e43d567e8c44faf39600710d0f54
collision	07	collision.triangles	1	7982040	43286e63f87d7153fa08e0c16ce9f9d2a14a36ec
collision	07	collision.vertices	18293	2544996	35fde9cc6fb149f239f71fc837253d7188316312
collision	07	collision.words	1319	5276	48417f89eada01b6fa6c2dfff5c77e3e17300b16
collision	08	collision.cell record	11333	181328	833a43dca2b56250afd4a86a817c4514731cd7bb
collision	08	collision.faces	11333	235040	1fba7c48982ec7960e3f13922cbdb679c4e88a61
collision	08	collision.header	1	8	d58ce61b922d788140fb0aa7d1f7557c51ec94a3
collision	08	collision.hero group	18	288	dba40f6d4ac35ec5948fb667e737fa64c1f2a619
collision	08	collision.hero sphere	18	288	324050ec5768439f83a2a56bac145a30cae12606
collision	08	collision.hero triangles	18	972	d69a753f15f2c51e363fc21dbe95685e63902d82
collision	08	collision.hero vertices	18	1760	d618b1a7521743ede7a680d457e67d973932a782
collision	08	collision.hero world vertices	18	2640	335bcb7c9ae65ceb0d810930f3f2e1c3ed548f1a
collision	08	collision.packed vertices	11333	451720	da03deee3c4b6b003178dc98a3f497ceed478fbe
collision	08	collision.quad_v3	11333	33361	c5a6366462f9f6edea6e51675f00d6f0f1c81eb0
collision	08	collision.root	1	50	3c4ae5cf3c7af82b6956a9d1900c863b6b484f7e
collision	08	collision.row	1069	124616	843b23e34fb81893655e5457423b455e2b3c0e68
collision	08	collision.slab	23	5444	79e17ee2a7849d98ff728e21b2fbdf14e7c0c816
collision	08	collision.triangles	1	4053324	c16bca12b6f722d89e56f7820412d0058ff99632
collision	08	collision.vertices	11333	1355160	139982b61add6e31ac944819b56a5b6beaf608e8
collision	08	collision.words	1096	4384	2c8fc509bd017885b85317816964b42b1664541b
collision	09	collision.cell record	28671	458736	400d0fe53bd7525195a43e123340664a4978e885
collision	09	collision.faces	28671	598580	81ff737a239524accf3999e29f59548f140e91c7
collision	09	collision.header	1	8	de0603e473021097e63bef6d5f5c9ae9f637ad90
collision	09	collision.hero group	8	128	708996dd354f5c42a5d2e2d7b7cb8923ff39f9af
collision	09	collision.hero sphere	8	128	f70555140e222fd7e6fcca3d87e66f7c2d7adb33
collision	09	collision.hero triangles	8	152	a709c84f4d9c48722a526de68b74d28f1a6d25d8
collision	09	collision.hero vertices	8	432	3a89bd507a8180737c089d09fe34b7b745d0c844
collision	09	collision.hero world vertices	8	648	5790d6c93fff89e3a07fc4843faeb2a837d3aa96
collision	09	collision.packed vertices	28671	1167104	69ed617c9cf741208846484a893a793a37de95e3
collision	09	collision.quad_v3	28671	72765	0723a0ce5e91aa54382f8ff516f6b508775c0222
collision	09	collision.root	1	60	2ddeca5a4651b480dceb91a808e1af1bc27fd737
collision	09	collision.row	1325	237684	7bf831b3ebb5cc3816f03d08798fa258c08896b6
collision	09	collision.slab	28	7440	af2ad8f63bda83b73544ca87ccea143d5c17bc04
collision	09	collision.triangles	1	9786040	8094561c1dae105f7d3b324ccf54e17e817bcf6e
collision	09	collision.vertices	28671	3501312	f2e05874287e7f412ee6f0e19a855a7e24c9c2fc
collision	09	collision.words	1357	5428	56e80be6cdf86f627cfd66f49ed7a84bdc2c3eba
collision	10	collision.cell record	16231	259696	8782340dea0ff4dd0270568968d524efebfb1deb
collision	10	collision.faces	16231	536244	93b8d07ab67f1ce268a0a67b942c47afcfab5e68
collision	10	collision.header	1	8	c56ea68e523febd8bf643e11a10bf01beed92155
collision	10	collision.hero group	80	1280	ce4307eca958ddf02c9d6b6f7fc86d98c2e8708f
collision	10	collision.hero sphere	80	1280	d0c0783dd210ae24e34095e572025bac311eb401
collision	10	collision.hero triangles	80	15544	dd2e2d110f4df6e322a32da4c41e4f80424d5fae
collision	10	collision.hero vertices	80	31560	f0637d10d6f11e645306989b9a45f26a552ea823
collision	10	collision.hero world vertices	80	47340	cc58568f0487e4466190821707c9abba203348d3
collision	10	collision.packed vertices	16231	1049812	c88f2ab9f062525a59ac4d6e844d7624803ac440
collision	10	collision.quad_v3	16231	80954	aed732092a0e8329f1e9568a339a3c3daf8d41ae
collision	10	collision.root	1	42	c5c94cf29aa3214338eb2288f842fd58853bd29d
collision	10	collision.row	986	122464	9b39fa533dc6c0ad283fc7eaba3efd186c8af80f
collision	10	collision.slab	19	4632	6fb9f4f9d9544c3d07a8a31cca6eff6da0d29d0a
collision	10	collision.triangles	1	9460660	cb48f3d12ebf89fa560522054657dfc5c9951b73
collision	10	collision.vertices	16231	3149436	1a666b01725cc6fd08621461dc53569b90c686d8
collision	10	collision.words	1009	4036	b7bfad3faf2fb337121b2c0ecc19210cc37d44e8
collision	11	collision.cell record	27239	435824	4598dc5947270eb3a2477d6bd5820e884dad4b8c
collision	11	collision.faces	27239	616064	8e9ec99501e6a5ed5c841fed42e4d9308008ae2d
collision	11	collision.header	1	8	9eae1555b0df81efa0b191fea939d8da7e8be9b6
collision	11	collision.packed vertices	27239	1220144	f7f03c65c835f0ee467ef6b01d40677b8c5f4700
collision	11	collision.quad_v3	27239	73734	8b54bcc948a7eb79acdbb8823dfd350ec10b6dcd
collision	11	collision.root	1	86	9878c8bdd500a4ddfaf242bf54bd817d95482ba7
collision	11	collision.row	1375	210620	bd5bbbae7519e7ce104e0a4da7bdaade3669fd45
collision	11	collision.slab	38	6336	40b707daa37818572b7f0e8ddd7e4cae3a1385b8
collision	11	collision.triangles	1	10021000	94a108f924cad0af753b06e10db72ac771d2b520
collision	11	collision.vertices	27239	3660432	74733808878044aeabf7eeee73512b35fabdd7ae
collision	11	collision.words	1417	5668	efcac198789d0ecebb030346978597631b52cadf
collision	12	collision.cell record	13756	220096	65b299f3164b4644829e09e2fe7bb0f409cea810
collision	12	collision.faces	13756	493700	7d17f1725a3f9daae7492ee34aaf54f63b10aed8
collision	12	collision.header	1	8	fb0ecbb36eab9d05b603f20e8470f558fb2af65f
collision	12	collision.hero group	1	16	0bea83411c52e9131001331ed560f9d26062da8c
collision	12	collision.hero sphere	1	16	9aad4eea085257bca75360b8fa8e2afc3a597c05
collision	12	collision.hero triangles	1	112	b65a09a6b1dc957501b6fdbe7b3c58acd3241457
collision	12	collision.hero vertices	1	160	3477594893530f46ae23643fb9bbfa3d494c1dfa
collision	12	collision.hero world vertices	1	240	4ac14d3b4ec2009d3eec0c325d9eff96efb02286
collision	12	collision.packed vertices	13756	909896	38bf4cd90a34d0f021cbdb40fe81f70afdbb6a2a
collision	12	collision.quad_v3	13756	68138	2539dba889782b507738c5d744feecb2351d9238
collision	12	collision.root	1	52	4bbf882cbede5c1e65759d9f513f4103d1fad62f
collision	12	collision.row	1234	129404	34816e8b15ecf4ccf15f4845afbfa6063b268ebb
collision	12	collision.slab	24	5292	41bf42eee3222e74fdf84be49e46ca535d20475e
collision	12	collision.triangles	1	8428772	fde9d5ccd9f7d27112df7396339a044cdedf8eb2
collision	12	collision.vertices	13756	2729688	3834a7ecc3851ba82db4633fa77dd486f8816038
collision	12	collision.words	1262	5048	babfb406b934f2dfc15e90f17790fadd360df33c
collision	13	collision.cell record	35842	573472	a1baea63b20c00495880c25e308ddcd091e29e9a
collision	13	collision.faces	35842	624224	54031af8ba68c2b810fe6794fb31eac9ed85c389
collision	13	collision.header	1	8	ee63c660ffd3acb8d66295182c79d0b9ad920451
collision	13	collision.hero group	111	1776	8d7c9486968ec86a502f8f8bd359795a7fe7846b
collision	13	collision.hero sphere	111	1776	f2b09f7ee58ab92171fd40b95f5927f2c64e1147
collision	13	collision.hero triangles	111	3692	3af959aa44c83de490684210017617ef59955759
collision	13	collision.hero vertices	111	6904	b44e6ab01edad54d092a81a6b0a9206c54186ad4
collision	13	collision.hero world vertices	111	10356	e4a4d2c992f5fe0c59aa2e7c5e361bc973ebf6ed
collision	13	collision.packed vertices	35842	1313900	8a5fe58f6ba1e6e535698c55d993a2c71f847ff7
collision	13	collision.quad_v3	35842	87032	97d989ed8ee57a9211daa08255e7ff910fc535c0
collision	13	collision.root	1	118	0a7504798bb273e2d8328c38b4111e2305388335
collision	13	collision.row	3967	432992	457b02a3ab1e50985271979573433e45a6609ebb
collision	13	collision.slab	57	26168	692637732ab0f281cf3e17229cc18f8de6b05bdd
collision	13	collision.triangles	1	10695872	220f142178e837a5590cec762cfb2624c78f4767
collision	13	collision.vertices	35842	3941700	918f9f689597783544bd4c722e208b2c5f79de3a
collision	13	collision.words	4028	16112	0829f1f654fd37b4d6e237bd5cc97fe6b5d18016
collision	14	collision.cell record	54258	868128	e45cb88a48eb5b3aa6846f06058649efe8d6ba35
collision	14	collision.faces	54258	745004	9e25034f125949666f2ab00b87002ad77ff76769
collision	14	collision.header	1	8	7243ef0298ff8974b3e9e5f05631a6f9cf4626c9
collision	14	collision.packed vertices	54258	1652596	03d7ef88c158a0b6d66d75d844c7e72a73c0d107
collision	14	collision.quad_v3	54258	89800	16e6f4c93d8c9f54e95b73a8a177559ffd56559b
collision	14	collision.root	1	78	3dbd8f372f063e3d15d91dbd6010818b1395845f
collision	14	collision.row	3703	936316	b7cb7f8b48645fd9d47e82b7d6e74cb8704bf20f
collision	14	collision.slab	37	16872	96fdc18255e10090c78ebcaec69b92f2b103d561
collision	14	collision.triangles	1	12146244	2be0dc914f2adf1ddf9d08967406e4b1e2750e41
collision	14	collision.vertices	54258	4957788	b793567d77b269f44bf36c23d671c81181426e5a
collision	14	collision.words	3744	14976	377b1da1031159a740e3e63f922c951dbf5200d2
collision	15	collision.cell record	14369	229904	e54bbceb810e9701bcc2228d1894c93c794e32da
collision	15	collision.faces	14369	425208	e9c3feb97b3b2e3578b5c4aaec00691e8072280d
collision	15	collision.header	1	8	e22420b968e9f5ee4cc4a33a509f44fdbce3dbc2
collision	15	collision.hero group	104	1664	c816b56c7f2c98e1dadc2bb51b0eabf034e6e91e
collision	15	collision.hero sphere	104	1664	8a5c4263edcadec95e066dcf7c1ffb77ce044793
collision	15	collision.hero triangles	104	1856	d183ca20e8756bd8304246f3893aa5567a7f1d59
collision	15	collision.hero vertices	104	4840	ccb73c2e9143277d0bb527549fc199c5d5709e92
collision	15	collision.hero world vertices	104	7260	88e04633e233a0553ed0614ddbd775190a578407
collision	15	collision.packed vertices	14369	809240	f469efce6d49fb206cec7560eb38e940295c596b
collision	15	collision.quad_v3	14369	60944	1e8b83ea9cfaa04d51a883e7262c83cf4ed4f804
collision	15	collision.root	1	66	005a1e1d3f5a7fbee73eee36801cf6445490a0a7
collision	15	collision.row	1241	110492	02c5ef61fa115454dcf6f503d9f7f2c3f20edce8
collision	15	collision.slab	31	5932	80f0e261c105bd84ef85ab86bd2e43c5860ea2b0
collision	15	collision.triangles	1	7358824	6e89134d2c2abb690b0dc7c0de190108cc155277
collision	15	collision.vertices	14369	2427720	9856e7a0ff6b5a1eb42f58d2c5af3f6b469cc759
collision	15	collision.words	1276	5104	bb6a185a5d4d04b75157ffd05bdbc94904857b20
collision	16	collision.cell record	26200	419200	823945328b49e6fa5d9e7f312e6f3917b0ffa32f
collision	16	collision.faces	26200	595164	07d97521e967c953db5ec04d46e6793c06c07f3e
collision	16	collision.header	1	8	bda1c2cc7f88c1c096cb971032f31511dd91a243
collision	16	collision.hero group	12	192	f70376602a574b10028c5e8a6bf6d046fe97f88b
collision	16	collision.hero sphere	12	192	bcbec693c0c06bda59ede070935a37648e81b634
collision	16	collision.hero triangles	12	264	a988227270afa0c9738ed7b66e4eca3fbd0cee23
collision	16	collision.hero vertices	12	720	c97847b47629e35cfdb92c28a6e8eeef7104874f
collision	16	collision.hero world vertices	12	1080	1fe63b488c59e626769aa28dfee756d4df3d138a
collision	16	collision.packed vertices	26200	1214720	809c3adf03740ce8c82b2a27227faf70fba45099
collision	16	collision.quad_v3	26200	98061	2c785950a92bfee44e814dd69798392e10bbf3bf
collision	16	collision.root	1	72	a2e2ad855727166022dcb4fa2687bca29f4b5e03
collision	16	collision.row	1931	262056	2de5d32e4cff1ba513868b812cae1bbeae574d5c
collision	16	collision.slab	34	9544	31a973f3fb5a6b52ac798ea6da4a5682d65e9641
collision	16	collision.triangles	1	10861488	f1657484353a36db0a2eb8ecc23364151bdd0da2
collision	16	collision.vertices	26200	3644160	711866bc9ceef79a33850f0d27d0b798576914c3
collision	16	collision.words	1969	7876	ce6b7d4fee15d539d976818f339d4a4a551730b3
collision	17	collision.cell record	33247	531952	5d1b6a879b2e16c3bdce2929e0ceb3abf56fda10
collision	17	collision.faces	33247	669860	f5cc376b6f77f6f337e06023b4514e9f7a59d799
collision	17	collision.header	1	8	b820cdb77f996f320f12edf0af33785b1f897e39
collision	17	collision.packed vertices	33247	1364752	2ad49d57937d4f014c8fb7d4695c620fb279d25a
collision	17	collision.quad_v3	33247	104020	0b48e303598d341b3d879ec0f63e333429570328
collision	17	collision.root	1	56	f2f343e891b28ba05eea013d12d09255a18a779d
collision	17	collision.row	2180	385472	6360d5b10c717d54188ae4e724e1afb38610f4f0
collision	17	collision.slab	26	10416	ddaf8a58553102aeb2ddbe5cd131a2e51c4d8b7b
collision	17	collision.triangles	1	11945340	f01ac858c85e0acea834561330dc15eca28c4373
collision	17	collision.vertices	33247	4094256	45629dd800bd0bdfb4639723d742bd90c82e15f5
collision	17	collision.words	2210	8840	2a9c66137e3b65517e8731c335f685f39fcce088
collision	18	collision.cell record	26545	424720	c76401396cc5645a83a01af4b9db03ab37884129
collision	18	collision.faces	26545	644652	a4fdf21abbf2db91e1ac1b0182d73a0bcba1d72f
collision	18	collision.header	1	8	8f61cb254ee29987535ba2e047114b04c03a4119
collision	18	collision.hero group	21	336	1b764da46239b426610bcd244ead5b183deaaae4
collision	18	collision.hero sphere	21	336	6f2ed829a0355b1b0c2f3067a04d6b24a7c6f30d
collision	18	collision.hero triangles	21	1040	ef70dd2acaa42395768a2f03f43097598b826cc0
collision	18	collision.hero vertices	21	2120	d9f92d62aaca0718f8ae2dd42b8ad2b5730f6ca8
collision	18	collision.hero world vertices	21	3180	4b79604dd061af460c9b1d89fd2114bb7cd4a66d
collision	18	collision.packed vertices	26545	1289596	d9cb4727b420def2b04ccec7e4cda51a81676ec5
collision	18	collision.quad_v3	26545	81788	d58a4eefa13c16a0d85b6f0a9ced36eed618f9be
collision	18	collision.root	1	50	0c4dc8e06921fc3efea64fe902bec5cda9034bb4
collision	18	collision.row	1625	225544	09fab364cb0affad89057dda7b536b34541ce523
collision	18	collision.slab	23	9696	cd77682ac68d1dc5cd4daf8739defd9fc8cfcb78
collision	18	collision.triangles	1	10689844	8120d071250e218d780094590fc0a9df07188b88
collision	18	collision.vertices	26545	3868788	0e65398ce3b72f824580ad229038f1038189aa74
collision	18	collision.words	1652	6608	b1c525fc791aa2b05053a042493328eea0c02d23
core_blocks	00	core.blocks	354	10806	e263913cd1ff4763ee8f74f97bd15e80a89f5cd6
core_blocks	01	core.blocks	431	13179	06218884f192f2f019ec815a26c941e377e94e65
core_blocks	02	core.blocks	407	12406	e63159b5b7eeb5bbb08b55d2ef0613e0de4e897f
core_blocks	03	core.blocks	438	13343	a47f3087d22ce81d423956cb7608687f1624f0b9
core_blocks	04	core.blocks	392	11976	159f383af0bfd1d69dd589abb6ca7d8f172ee02c
core_blocks	05	core.blocks	410	12483	1708a19954e65309ae652d52fe2a036692093583
core_blocks	06	core.blocks	408	12442	131c3cae82b71988868100ebf5e632c5a621f637
core_blocks	07	core.blocks	389	11875	de54a7fdd3ed7610a64efacb2789f5714dc9546e
core_blocks	08	core.blocks	438	13343	ab700544cd254b8d9ac67351e3827aa4e9ef6a29
core_blocks	09	core.blocks	360	10978	5148ba44c690a9330a4fe5eb443b504607cf779d
core_blocks	10	core.blocks	432	13163	d5b1b7baf8766122bbf397f37d702574feb9ad18
core_blocks	11	core.blocks	343	10478	a192fdb40332441d4b686ff602f2eda874ea774a
core_blocks	12	core.blocks	399	12157	db4541b95cb7b3f406203453c950847a9336297c
core_blocks	13	core.blocks	462	14109	4a874c8902c2b6eb4e5cc03bb6fbd035c1eccd8c
core_blocks	14	core.blocks	371	11304	f40171bd385c72ba4e63818d5cd565bfb577aa6b
core_blocks	15	core.blocks	402	12233	8cc02609c5f30ce6d3a9e18f78a84ef25b106a42
core_blocks	16	core.blocks	434	13223	418d072c2f7e5c90c6d03c7567ce0a5436d91cd9
core_blocks	17	core.blocks	370	11256	f324870a9704bed4a405e142caef8ea65c04cdc8
core_blocks	18	core.blocks	419	12800	ffa11541408991357c1ae67a6b79a2d27c49c6cd
gadget	00	gadget.class_entry	21	672	22eefd3c54493c062ae6d44c8a5fec0a2ef64c5c
gadget	00	gadget.common_trans	21	5216	f76f252a2e90dcff6fd4ec5a93af0bfb50d8320d
gadget	00	gadget.decompressed_size	21	84	9ea6cd4f55f1931b3b38bd96dd00e23852a1b1e9
gadget	00	gadget.entry	21	336	1b24cd1d7740b08610ff53a6c7bc1c91cdb7f752
gadget	00	gadget.header	21	1512	ada97a29e2b20274b3976c0aa6574778ae0265a8
gadget	00	gadget.o_class	21	84	2976447411cbf76d003e0d38306c6c8da4d9f6f4
gadget	00	gadget.packet.duplicates	358	5234	46a5568946bf5eecca374ab7ec068d7f613c9e92
gadget	00	gadget.packet.entry	358	5728	0cbd0715aeb2a86cd3be217482ae49f1b3150276
gadget	00	gadget.packet.index_bytes	358	43464	887283dd79b632a9d8aae13f885c860d8d6570f5
gadget	00	gadget.packet.raw_vertices	358	474512	d9a06b0c4959818e0de64fba2e84f45d94a499da
gadget	00	gadget.packet.rgba_multipliers	358	115984	347495da8918295c2fd0741fed9580770042fdde
gadget	00	gadget.packet.secret_indices	358	402	b7e59244bc023e13dcb03bc4eb803455adec6f7e
gadget	00	gadget.packet.st	358	114248	dcb163b82d1fad0883c4b2729a1f0afa97ad9d63
gadget	00	gadget.packet.state	358	2864	4040e5c6072bf6e65d333c57dc75cf04a179333d
gadget	00	gadget.packet.table_header	358	10832	dd9e431e5504763b9a50cd688d59afe8baafb240
gadget	00	gadget.packet.texture_indices	358	176	bfe4e9b8200c33f84b3145bd1e2391957604eda7
gadget	00	gadget.packet.transfers	358	156	99dcce6db89e7956da76cf16139d6b447cac94ca
gadget	00	gadget.packet.triangles	358	502960	db2afa250f2e90566e084baf1103882144edd874
gadget	00	gadget.packet.vertices	358	1196164	4d137182335f9179a3ee29dd8819681a037e1402
gadget	00	gadget.packet_counts	21	252	a0311e1fea258126efea63439db660b851b2ff74
gadget	00	gadget.sequence_pointers	21	440	85cb66311077d6c00dee1ce780f38100b14affb8
gadget	00	gadget.skeleton	21	20864	ef234dc3ea5ba1063f32d2c2958f8b706d24a8f2
gadget	00	gadget.textures	21	1032528	f6057a83d4a977ae9fc986f2e1a90061dc8d9bf3
gadget	01	gadget.class_entry	21	672	6ff227ef6e0ced788c29be624b4462f046e79733
gadget	01	gadget.common_trans	21	5216	f76f252a2e90dcff6fd4ec5a93af0bfb50d8320d
gadget	01	gadget.decompressed_size	21	84	9ea6cd4f55f1931b3b38bd96dd00e23852a1b1e9
gadget	01	gadget.entry	21	336	dbc4e4d191ebaab2a5417b5de1605c3e65facef3
gadget	01	gadget.header	21	1512	ada97a29e2b20274b3976c0aa6574778ae0265a8
gadget	01	gadget.o_class	21	84	2976447411cbf76d003e0d38306c6c8da4d9f6f4
gadget	01	gadget.packet.duplicates	358	5234	46a5568946bf5eecca374ab7ec068d7f613c9e92
gadget	01	gadget.packet.entry	358	5728	0cbd0715aeb2a86cd3be217482ae49f1b3150276
gadget	01	gadget.packet.index_bytes	358	43464	887283dd79b632a9d8aae13f885c860d8d6570f5
gadget	01	gadget.packet.raw_vertices	358	474512	d9a06b0c4959818e0de64fba2e84f45d94a499da
gadget	01	gadget.packet.rgba_multipliers	358	115984	347495da8918295c2fd0741fed9580770042fdde
gadget	01	gadget.packet.secret_indices	358	402	b7e59244bc023e13dcb03bc4eb803455adec6f7e
gadget	01	gadget.packet.st	358	114248	dcb163b82d1fad0883c4b2729a1f0afa97ad9d63
gadget	01	gadget.packet.state	358	2864	4040e5c6072bf6e65d333c57dc75cf04a179333d
gadget	01	gadget.packet.table_header	358	10832	dd9e431e5504763b9a50cd688d59afe8baafb240
gadget	01	gadget.packet.texture_indices	358	176	bfe4e9b8200c33f84b3145bd1e2391957604eda7
gadget	01	gadget.packet.transfers	358	156	99dcce6db89e7956da76cf16139d6b447cac94ca
gadget	01	gadget.packet.triangles	358	502960	db2afa250f2e90566e084baf1103882144edd874
gadget	01	gadget.packet.vertices	358	1196164	4d137182335f9179a3ee29dd8819681a037e1402
gadget	01	gadget.packet_counts	21	252	a0311e1fea258126efea63439db660b851b2ff74
gadget	01	gadget.sequence_pointers	21	440	85cb66311077d6c00dee1ce780f38100b14affb8
gadget	01	gadget.skeleton	21	20864	ef234dc3ea5ba1063f32d2c2958f8b706d24a8f2
gadget	01	gadget.textures	21	1032528	222c887791b9fc0366f0dbf87d0ccd2d7af1d63c
gadget	02	gadget.class_entry	21	672	a600183b30e9b4b8965c7251814df93ed4dab359
gadget	02	gadget.common_trans	21	5216	f76f252a2e90dcff6fd4ec5a93af0bfb50d8320d
gadget	02	gadget.decompressed_size	21	84	9ea6cd4f55f1931b3b38bd96dd00e23852a1b1e9
gadget	02	gadget.entry	21	336	09ec80f4ffe72374f73f4c0c25c11d000d17d7c0
gadget	02	gadget.header	21	1512	ada97a29e2b20274b3976c0aa6574778ae0265a8
gadget	02	gadget.o_class	21	84	2976447411cbf76d003e0d38306c6c8da4d9f6f4
gadget	02	gadget.packet.duplicates	358	5234	46a5568946bf5eecca374ab7ec068d7f613c9e92
gadget	02	gadget.packet.entry	358	5728	0cbd0715aeb2a86cd3be217482ae49f1b3150276
gadget	02	gadget.packet.index_bytes	358	43464	887283dd79b632a9d8aae13f885c860d8d6570f5
gadget	02	gadget.packet.raw_vertices	358	474512	d9a06b0c4959818e0de64fba2e84f45d94a499da
gadget	02	gadget.packet.rgba_multipliers	358	115984	347495da8918295c2fd0741fed9580770042fdde
gadget	02	gadget.packet.secret_indices	358	402	b7e59244bc023e13dcb03bc4eb803455adec6f7e
gadget	02	gadget.packet.st	358	114248	dcb163b82d1fad0883c4b2729a1f0afa97ad9d63
gadget	02	gadget.packet.state	358	2864	4040e5c6072bf6e65d333c57dc75cf04a179333d
gadget	02	gadget.packet.table_header	358	10832	dd9e431e5504763b9a50cd688d59afe8baafb240
gadget	02	gadget.packet.texture_indices	358	176	bfe4e9b8200c33f84b3145bd1e2391957604eda7
gadget	02	gadget.packet.transfers	358	156	99dcce6db89e7956da76cf16139d6b447cac94ca
gadget	02	gadget.packet.triangles	358	502960	db2afa250f2e90566e084baf1103882144edd874
gadget	02	gadget.packet.vertices	358	1196164	4d137182335f9179a3ee29dd8819681a037e1402
gadget	02	gadget.packet_counts	21	252	a0311e1fea258126efea63439db660b851b2ff74
gadget	02	gadget.sequence_pointers	21	440	85cb66311077d6c00dee1ce780f38100b14affb8
gadget	02	gadget.skeleton	21	20864	ef234dc3ea5ba1063f32d2c2958f8b706d24a8f2
gadget	02	gadget.textures	21	1032528	42e6138f24b50f6ea7a5d2ae3b1c9fe126c770f4
gadget	03	gadget.class_entry	21	672	51b3d502dec9812f6d8903704ffee6c2125a1147
gadget	03	gadget.common_trans	21	5216	f76f252a2e90dcff6fd4ec5a93af0bfb50d8320d
gadget	03	gadget.decompressed_size	21	84	9ea6cd4f55f1931b3b38bd96dd00e23852a1b1e9
gadget	03	gadget.entry	21	336	af3e421ec862fd7286ea72c32d572f32250e38e8
gadget	03	gadget.header	21	1512	ada97a29e2b20274b3976c0aa6574778ae0265a8
gadget	03	gadget.o_class	21	84	2976447411cbf76d003e0d38306c6c8da4d9f6f4
gadget	03	gadget.packet.duplicates	358	5234	46a5568946bf5eecca374ab7ec068d7f613c9e92
gadget	03	gadget.packet.entry	358	5728	0cbd0715aeb2a86cd3be217482ae49f1b3150276
gadget	03	gadget.packet.index_bytes	358	43464	887283dd79b632a9d8aae13f885c860d8d6570f5
gadget	03	gadget.packet.raw_vertices	358	474512	d9a06b0c4959818e0de64fba2e84f45d94a499da
gadget	03	gadget.packet.rgba_multipliers	358	115984	347495da8918295c2fd0741fed9580770042fdde
gadget	03	gadget.packet.secret_indices	358	402	b7e59244bc023e13dcb03bc4eb803455adec6f7e
gadget	03	gadget.packet.st	358	114248	dcb163b82d1fad0883c4b2729a1f0afa97ad9d63
gadget	03	gadget.packet.state	358	2864	4040e5c6072bf6e65d333c57dc75cf04a179333d
gadget	03	gadget.packet.table_header	358	10832	dd9e431e5504763b9a50cd688d59afe8baafb240
gadget	03	gadget.packet.texture_indices	358	176	bfe4e9b8200c33f84b3145bd1e2391957604eda7
gadget	03	gadget.packet.transfers	358	156	99dcce6db89e7956da76cf16139d6b447cac94ca
gadget	03	gadget.packet.triangles	358	502960	db2afa250f2e90566e084baf1103882144edd874
gadget	03	gadget.packet.vertices	358	1196164	4d137182335f9179a3ee29dd8819681a037e1402
gadget	03	gadget.packet_counts	21	252	a0311e1fea258126efea63439db660b851b2ff74
gadget	03	gadget.sequence_pointers	21	440	85cb66311077d6c00dee1ce780f38100b14affb8
gadget	03	gadget.skeleton	21	20864	ef234dc3ea5ba1063f32d2c2958f8b706d24a8f2
gadget	03	gadget.textures	21	1032528	5d1fc0ce004df87f2aeef22c5940128f56d90a1f
gadget	04	gadget.class_entry	21	672	912f8cbb21a21fdb0e07fa31301368012a50a8cf
gadget	04	gadget.common_trans	21	5216	f76f252a2e90dcff6fd4ec5a93af0bfb50d8320d
gadget	04	gadget.decompressed_size	21	84	9ea6cd4f55f1931b3b38bd96dd00e23852a1b1e9
gadget	04	gadget.entry	21	336	96aa46107a2fa3ef6bf9431140c547cf05b9ca11
gadget	04	gadget.header	21	1512	ada97a29e2b20274b3976c0aa6574778ae0265a8
gadget	04	gadget.o_class	21	84	2976447411cbf76d003e0d38306c6c8da4d9f6f4
gadget	04	gadget.packet.duplicates	358	5234	46a5568946bf5eecca374ab7ec068d7f613c9e92
gadget	04	gadget.packet.entry	358	5728	0cbd0715aeb2a86cd3be217482ae49f1b3150276
gadget	04	gadget.packet.index_bytes	358	43464	887283dd79b632a9d8aae13f885c860d8d6570f5
gadget	04	gadget.packet.raw_vertices	358	474512	d9a06b0c4959818e0de64fba2e84f45d94a499da
gadget	04	gadget.packet.rgba_multipliers	358	115984	347495da8918295c2fd0741fed9580770042fdde
gadget	04	gadget.packet.secret_indices	358	402	b7e59244bc023e13dcb03bc4eb803455adec6f7e
gadget	04	gadget.packet.st	358	114248	dcb163b82d1fad0883c4b2729a1f0afa97ad9d63
gadget	04	gadget.packet.state	358	2864	4040e5c6072bf6e65d333c57dc75cf04a179333d
gadget	04	gadget.packet.table_header	358	10832	dd9e431e5504763b9a50cd688d59afe8baafb240
gadget	04	gadget.packet.texture_indices	358	176	bfe4e9b8200c33f84b3145bd1e2391957604eda7
gadget	04	gadget.packet.transfers	358	156	99dcce6db89e7956da76cf16139d6b447cac94ca
gadget	04	gadget.packet.triangles	358	502960	db2afa250f2e90566e084baf1103882144edd874
gadget	04	gadget.packet.vertices	358	1196164	4d137182335f9179a3ee29dd8819681a037e1402
gadget	04	gadget.packet_counts	21	252	a0311e1fea258126efea63439db660b851b2ff74
gadget	04	gadget.sequence_pointers	21	440	85cb66311077d6c00dee1ce780f38100b14affb8
gadget	04	gadget.skeleton	21	20864	ef234dc3ea5ba1063f32d2c2958f8b706d24a8f2
gadget	04	gadget.textures	21	1032528	b4dd221c5c0fc453b5a0f88deada487d48d85324
gadget	05	gadget.class_entry	21	672	9201ef8015ed1da9dea386e93b5a5f55d1bb4e38
gadget	05	gadget.common_trans	21	5216	f76f252a2e90dcff6fd4ec5a93af0bfb50d8320d
gadget	05	gadget.decompressed_size	21	84	9ea6cd4f55f1931b3b38bd96dd00e23852a1b1e9
gadget	05	gadget.entry	21	336	acdcfc72b8911b22c1e87dde61f64174a3608cc0
gadget	05	gadget.header	21	1512	ada97a29e2b20274b3976c0aa6574778ae0265a8
gadget	05	gadget.o_class	21	84	2976447411cbf76d003e0d38306c6c8da4d9f6f4
gadget	05	gadget.packet.duplicates	358	5234	46a5568946bf5eecca374ab7ec068d7f613c9e92
gadget	05	gadget.packet.entry	358	5728	0cbd0715aeb2a86cd3be217482ae49f1b3150276
gadget	05	gadget.packet.index_bytes	358	43464	887283dd79b632a9d8aae13f885c860d8d6570f5
gadget	05	gadget.packet.raw_vertices	358	474512	d9a06b0c4959818e0de64fba2e84f45d94a499da
gadget	05	gadget.packet.rgba_multipliers	358	115984	347495da8918295c2fd0741fed9580770042fdde
gadget	05	gadget.packet.secret_indices	358	402	b7e59244bc023e13dcb03bc4eb803455adec6f7e
gadget	05	gadget.packet.st	358	114248	dcb163b82d1fad0883c4b2729a1f0afa97ad9d63
gadget	05	gadget.packet.state	358	2864	4040e5c6072bf6e65d333c57dc75cf04a179333d
gadget	05	gadget.packet.table_header	358	10832	dd9e431e5504763b9a50cd688d59afe8baafb240
gadget	05	gadget.packet.texture_indices	358	176	bfe4e9b8200c33f84b3145bd1e2391957604eda7
gadget	05	gadget.packet.transfers	358	156	99dcce6db89e7956da76cf16139d6b447cac94ca
gadget	05	gadget.packet.triangles	358	502960	db2afa250f2e90566e084baf1103882144edd874
gadget	05	gadget.packet.vertices	358	1196164	4d137182335f9179a3ee29dd8819681a037e1402
gadget	05	gadget.packet_counts	21	252	a0311e1fea258126efea63439db660b851b2ff74
gadget	05	gadget.sequence_pointers	21	440	85cb66311077d6c00dee1ce780f38100b14affb8
gadget	05	gadget.skeleton	21	20864	ef234dc3ea5ba1063f32d2c2958f8b706d24a8f2
gadget	05	gadget.textures	21	1032528	cf50b8c617adac2d661c956b7d9cfa3860e4811f
gadget	06	gadget.class_entry	21	672	65a4c1ca7ff709899e522825f27bfccbcee62373
gadget	06	gadget.common_trans	21	5216	f76f252a2e90dcff6fd4ec5a93af0bfb50d8320d
gadget	06	gadget.decompressed_size	21	84	9ea6cd4f55f1931b3b38bd96dd00e23852a1b1e9
gadget	06	gadget.entry	21	336	beea7359d4507e18c7e7771c12f922b3ee387e5a
gadget	06	gadget.header	21	1512	ada97a29e2b20274b3976c0aa6574778ae0265a8
gadget	06	gadget.o_class	21	84	2976447411cbf76d003e0d38306c6c8da4d9f6f4
gadget	06	gadget.packet.duplicates	358	5234	46a5568946bf5eecca374ab7ec068d7f613c9e92
gadget	06	gadget.packet.entry	358	5728	0cbd0715aeb2a86cd3be217482ae49f1b3150276
gadget	06	gadget.packet.index_bytes	358	43464	887283dd79b632a9d8aae13f885c860d8d6570f5
gadget	06	gadget.packet.raw_vertices	358	474512	d9a06b0c4959818e0de64fba2e84f45d94a499da
gadget	06	gadget.packet.rgba_multipliers	358	115984	347495da8918295c2fd0741fed9580770042fdde
gadget	06	gadget.packet.secret_indices	358	402	b7e59244bc023e13dcb03bc4eb803455adec6f7e
gadget	06	gadget.packet.st	358	114248	dcb163b82d1fad0883c4b2729a1f0afa97ad9d63
gadget	06	gadget.packet.state	358	2864	4040e5c6072bf6e65d333c57dc75cf04a179333d
gadget	06	gadget.packet.table_header	358	10832	dd9e431e5504763b9a50cd688d59afe8baafb240
gadget	06	gadget.packet.texture_indices	358	176	bfe4e9b8200c33f84b3145bd1e2391957604eda7
gadget	06	gadget.packet.transfers	358	156	99dcce6db89e7956da76cf16139d6b447cac94ca
gadget	06	gadget.packet.triangles	358	502960	db2afa250f2e90566e084baf1103882144edd874
gadget	06	gadget.packet.vertices	358	1196164	4d137182335f9179a3ee29dd8819681a037e1402
gadget	06	gadget.packet_counts	21	252	a0311e1fea258126efea63439db660b851b2ff74
gadget	06	gadget.sequence_pointers	21	440	85cb66311077d6c00dee1ce780f38100b14affb8
gadget	06	gadget.skeleton	21	20864	ef234dc3ea5ba1063f32d2c2958f8b706d24a8f2
gadget	06	gadget.textures	21	1032528	bbe46c6f1633f679df4318c7e1a753290840bfe5
gadget	07	gadget.class_entry	21	672	4a32e6860754cbb7ccacfe31c7b0a5f878f22cc2
gadget	07	gadget.common_trans	21	5216	f76f252a2e90dcff6fd4ec5a93af0bfb50d8320d
gadget	07	gadget.decompressed_size	21	84	9ea6cd4f55f1931b3b38bd96dd00e23852a1b1e9
gadget	07	gadget.entry	21	336	5b46cd4ee447b0d9e59c20594dd199d14a7fc6c8
gadget	07	gadget.header	21	1512	ada97a29e2b20274b3976c0aa6574778ae0265a8
gadget	07	gadget.o_class	21	84	2976447411cbf76d003e0d38306c6c8da4d9f6f4
gadget	07	gadget.packet.duplicates	358	5234	46a5568946bf5eecca374ab7ec068d7f613c9e92
gadget	07	gadget.packet.entry	358	5728	0cbd0715aeb2a86cd3be217482ae49f1b3150276
gadget	07	gadget.packet.index_bytes	358	43464	887283dd79b632a9d8aae13f885c860d8d6570f5
gadget	07	gadget.packet.raw_vertices	358	474512	d9a06b0c4959818e0de64fba2e84f45d94a499da
gadget	07	gadget.packet.rgba_multipliers	358	115984	347495da8918295c2fd0741fed9580770042fdde
gadget	07	gadget.packet.secret_indices	358	402	b7e59244bc023e13dcb03bc4eb803455adec6f7e
gadget	07	gadget.packet.st	358	114248	dcb163b82d1fad0883c4b2729a1f0afa97ad9d63
gadget	07	gadget.packet.state	358	2864	4040e5c6072bf6e65d333c57dc75cf04a179333d
gadget	07	gadget.packet.table_header	358	10832	dd9e431e5504763b9a50cd688d59afe8baafb240
gadget	07	gadget.packet.texture_indices	358	176	bfe4e9b8200c33f84b3145bd1e2391957604eda7
gadget	07	gadget.packet.transfers	358	156	99dcce6db89e7956da76cf16139d6b447cac94ca
gadget	07	gadget.packet.triangles	358	502960	db2afa250f2e90566e084baf1103882144edd874
gadget	07	gadget.packet.vertices	358	1196164	4d137182335f9179a3ee29dd8819681a037e1402
gadget	07	gadget.packet_counts	21	252	a0311e1fea258126efea63439db660b851b2ff74
gadget	07	gadget.sequence_pointers	21	440	85cb66311077d6c00dee1ce780f38100b14affb8
gadget	07	gadget.skeleton	21	20864	ef234dc3ea5ba1063f32d2c2958f8b706d24a8f2
gadget	07	gadget.textures	21	1032528	d4c423d8d006cf4e79f99d707cc785b887f8b932
gadget	08	gadget.class_entry	21	672	a5af1825ebf25e17d6d5eff7d35d895c539f40a1
gadget	08	gadget.common_trans	21	5216	f76f252a2e90dcff6fd4ec5a93af0bfb50d8320d
gadget	08	gadget.decompressed_size	21	84	9ea6cd4f55f1931b3b38bd96dd00e23852a1b1e9
gadget	08	gadget.entry	21	336	0f173a7f1de469787068d7d09d4d048ea6738f3b
gadget	08	gadget.header	21	1512	ada97a29e2b20274b3976c0aa6574778ae0265a8
gadget	08	gadget.o_class	21	84	2976447411cbf76d003e0d38306c6c8da4d9f6f4
gadget	08	gadget.packet.duplicates	358	5234	46a5568946bf5eecca374ab7ec068d7f613c9e92
gadget	08	gadget.packet.entry	358	5728	0cbd0715aeb2a86cd3be217482ae49f1b3150276
gadget	08	gadget.packet.index_bytes	358	43464	887283dd79b632a9d8aae13f885c860d8d6570f5
gadget	08	gadget.packet.raw_vertices	358	474512	d9a06b0c4959818e0de64fba2e84f45d94a499da
gadget	08	gadget.packet.rgba_multipliers	358	115984	347495da8918295c2fd0741fed9580770042fdde
gadget	08	gadget.packet.secret_indices	358	402	b7e59244bc023e13dcb03bc4eb803455adec6f7e
gadget	08	gadget.packet.st	358	114248	dcb163b82d1fad0883c4b2729a1f0afa97ad9d63
gadget	08	gadget.packet.state	358	2864	4040e5c6072bf6e65d333c57dc75cf04a179333d
gadget	08	gadget.packet.table_header	358	10832	dd9e431e5504763b9a50cd688d59afe8baafb240
gadget	08	gadget.packet.texture_indices	358	176	bfe4e9b8200c33f84b3145bd1e2391957604eda7
gadget	08	gadget.packet.transfers	358	156	99dcce6db89e7956da76cf16139d6b447cac94ca
gadget	08	gadget.packet.triangles	358	502960	db2afa250f2e90566e084baf1103882144edd874
gadget	08	gadget.packet.vertices	358	1196164	4d137182335f9179a3ee29dd8819681a037e1402
gadget	08	gadget.packet_counts	21	252	a0311e1fea258126efea63439db660b851b2ff74
gadget	08	gadget.sequence_pointers	21	440	85cb66311077d6c00dee1ce780f38100b14affb8
gadget	08	gadget.skeleton	21	20864	ef234dc3ea5ba1063f32d2c2958f8b706d24a8f2
gadget	08	gadget.textures	21	1032528	1d915d443ea1dc676bcd1cfb10f9da8972d8a50a
gadget	09	gadget.class_entry	21	672	93eb547d37cdf2fe4f55b3311a5ea44a70565a22
gadget	09	gadget.common_trans	21	5216	f76f252a2e90dcff6fd4ec5a93af0bfb50d8320d
gadget	09	gadget.decompressed_size	21	84	9ea6cd4f55f1931b3b38bd96dd00e23852a1b1e9
gadget	09	gadget.entry	21	336	f8b6338da542e8affeb8beb3c9493c2ef9602bde
gadget	09	gadget.header	21	1512	ada97a29e2b20274b3976c0aa6574778ae0265a8
gadget	09	gadget.o_class	21	84	2976447411cbf76d003e0d38306c6c8da4d9f6f4
gadget	09	gadget.packet.duplicates	358	5234	46a5568946bf5eecca374ab7ec068d7f613c9e92
gadget	09	gadget.packet.entry	358	5728	0cbd0715aeb2a86cd3be217482ae49f1b3150276
gadget	09	gadget.packet.index_bytes	358	43464	887283dd79b632a9d8aae13f885c860d8d6570f5
gadget	09	gadget.packet.raw_vertices	358	474512	d9a06b0c4959818e0de64fba2e84f45d94a499da
gadget	09	gadget.packet.rgba_multipliers	358	115984	347495da8918295c2fd0741fed9580770042fdde
gadget	09	gadget.packet.secret_indices	358	402	b7e59244bc023e13dcb03bc4eb803455adec6f7e
gadget	09	gadget.packet.st	358	114248	dcb163b82d1fad0883c4b2729a1f0afa97ad9d63
gadget	09	gadget.packet.state	358	2864	4040e5c6072bf6e65d333c57dc75cf04a179333d
gadget	09	gadget.packet.table_header	358	10832	dd9e431e5504763b9a50cd688d59afe8baafb240
gadget	09	gadget.packet.texture_indices	358	176	bfe4e9b8200c33f84b3145bd1e2391957604eda7
gadget	09	gadget.packet.transfers	358	156	99dcce6db89e7956da76cf16139d6b447cac94ca
gadget	09	gadget.packet.triangles	358	502960	db2afa250f2e90566e084baf1103882144edd874
gadget	09	gadget.packet.vertices	358	1196164	4d137182335f9179a3ee29dd8819681a037e1402
gadget	09	gadget.packet_counts	21	252	a0311e1fea258126efea63439db660b851b2ff74
gadget	09	gadget.sequence_pointers	21	440	85cb66311077d6c00dee1ce780f38100b14affb8
gadget	09	gadget.skeleton	21	20864	ef234dc3ea5ba1063f32d2c2958f8b706d24a8f2
gadget	09	gadget.textures	21	1032528	c95dd58e894836322e6bfa7dd36aa5a9da27b363
gadget	10	gadget.class_entry	21	672	7fef4bf3e3006286407c6cc1c16babbac980a28b
gadget	10	gadget.common_trans	21	5216	f76f252a2e90dcff6fd4ec5a93af0bfb50d8320d
gadget	10	gadget.decompressed_size	21	84	9ea6cd4f55f1931b3b38bd96dd00e23852a1b1e9
gadget	10	gadget.entry	21	336	6888fb72aef8d06df1fc8ff8bfe1a1cfc3cd1966
gadget	10	gadget.header	21	1512	ada97a29e2b20274b3976c0aa6574778ae0265a8
gadget	10	gadget.o_class	21	84	2976447411cbf76d003e0d38306c6c8da4d9f6f4
gadget	10	gadget.packet.duplicates	358	5234	46a5568946bf5eecca374ab7ec068d7f613c9e92
gadget	10	gadget.packet.entry	358	5728	0cbd0715aeb2a86cd3be217482ae49f1b3150276
gadget	10	gadget.packet.index_bytes	358	43464	887283dd79b632a9d8aae13f885c860d8d6570f5
gadget	10	gadget.packet.raw_vertices	358	474512	d9a06b0c4959818e0de64fba2e84f45d94a499da
gadget	10	gadget.packet.rgba_multipliers	358	115984	347495da8918295c2fd0741fed9580770042fdde
gadget	10	gadget.packet.secret_indices	358	402	b7e59244bc023e13dcb03bc4eb803455adec6f7e
gadget	10	gadget.packet.st	358	114248	dcb163b82d1fad0883c4b2729a1f0afa97ad9d63
gadget	10	gadget.packet.state	358	2864	4040e5c6072bf6e65d333c57dc75cf04a179333d
gadget	10	gadget.packet.table_header	358	10832	dd9e431e5504763b9a50cd688d59afe8baafb240
gadget	10	gadget.packet.texture_indices	358	176	bfe4e9b8200c33f84b3145bd1e2391957604eda7
gadget	10	gadget.packet.transfers	358	156	99dcce6db89e7956da76cf16139d6b447cac94ca
gadget	10	gadget.packet.triangles	358	502960	db2afa250f2e90566e084baf1103882144edd874
gadget	10	gadget.packet.vertices	358	1196164	4d137182335f9179a3ee29dd8819681a037e1402
gadget	10	gadget.packet_counts	21	252	a0311e1fea258126efea63439db660b851b2ff74
gadget	10	gadget.sequence_pointers	21	440	85cb66311077d6c00dee1ce780f38100b14affb8
gadget	10	gadget.skeleton	21	20864	ef234dc3ea5ba1063f32d2c2958f8b706d24a8f2
gadget	10	gadget.textures	21	1032528	5d6ab96255540cbd13b6d0f36037f91bcdbc3534
gadget	11	gadget.class_entry	21	672	47f96cedb38c8a30889710d217e5cc0b9de707ee
gadget	11	gadget.common_trans	21	5216	f76f252a2e90dcff6fd4ec5a93af0bfb50d8320d
gadget	11	gadget.decompressed_size	21	84	9ea6cd4f55f1931b3b38bd96dd00e23852a1b1e9
gadget	11	gadget.entry	21	336	fc532adbdd4a974d72eb02b08a260884c86dddbf
gadget	11	gadget.header	21	1512	ada97a29e2b20274b3976c0aa6574778ae0265a8
gadget	11	gadget.o_class	21	84	2976447411cbf76d003e0d38306c6c8da4d9f6f4
gadget	11	gadget.packet.duplicates	358	5234	46a5568946bf5eecca374ab7ec068d7f613c9e92
gadget	11	gadget.packet.entry	358	5728	0cbd0715aeb2a86cd3be217482ae49f1b3150276
gadget	11	gadget.packet.index_bytes	358	43464	887283dd79b632a9d8aae13f885c860d8d6570f5
gadget	11	gadget.packet.raw_vertices	358	474512	d9a06b0c4959818e0de64fba2e84f45d94a499da
gadget	11	gadget.packet.rgba_multipliers	358	115984	347495da8918295c2fd0741fed9580770042fdde
gadget	11	gadget.packet.secret_indices	358	402	b7e59244bc023e13dcb03bc4eb803455adec6f7e
gadget	11	gadget.packet.st	358	114248	dcb163b82d1fad0883c4b2729a1f0afa97ad9d63
gadget	11	gadget.packet.state	358	2864	4040e5c6072bf6e65d333c57dc75cf04a179333d
gadget	11	gadget.packet.table_header	358	10832	dd9e431e5504763b9a50cd688d59afe8baafb240
gadget	11	gadget.packet.texture_indices	358	176	bfe4e9b8200c33f84b3145bd1e2391957604eda7
gadget	11	gadget.packet.transfers	358	156	99dcce6db89e7956da76cf16139d6b447cac94ca
gadget	11	gadget.packet.triangles	358	502960	db2afa250f2e90566e084baf1103882144edd874
gadget	11	gadget.packet.vertices	358	1196164	4d137182335f9179a3ee29dd8819681a037e1402
gadget	11	gadget.packet_counts	21	252	a0311e1fea258126efea63439db660b851b2ff74
gadget	11	gadget.sequence_pointers	21	440	85cb66311077d6c00dee1ce780f38100b14affb8
gadget	11	gadget.skeleton	21	20864	ef234dc3ea5ba1063f32d2c2958f8b706d24a8f2
gadget	11	gadget.textures	21	1032528	e2a371c3d7d87b8117afff8b6f2ecdf9c1bf2c97
gadget	12	gadget.class_entry	21	672	270af9887e6b2da4cb471a5df3bf239952ef4360
gadget	12	gadget.common_trans	21	5216	f76f252a2e90dcff6fd4ec5a93af0bfb50d8320d
gadget	12	gadget.decompressed_size	21	84	9ea6cd4f55f1931b3b38bd96dd00e23852a1b1e9
gadget	12	gadget.entry	21	336	17ca08b2372f2ff99fd6fe8ec7606292f1dbcbb3
gadget	12	gadget.header	21	1512	ada97a29e2b20274b3976c0aa6574778ae0265a8
gadget	12	gadget.o_class	21	84	2976447411cbf76d003e0d38306c6c8da4d9f6f4
gadget	12	gadget.packet.duplicates	358	5234	46a5568946bf5eecca374ab7ec068d7f613c9e92
gadget	12	gadget.packet.entry	358	5728	0cbd0715aeb2a86cd3be217482ae49f1b3150276
gadget	12	gadget.packet.index_bytes	358	43464	887283dd79b632a9d8aae13f885c860d8d6570f5
gadget	12	gadget.packet.raw_vertices	358	474512	d9a06b0c4959818e0de64fba2e84f45d94a499da
gadget	12	gadget.packet.rgba_multipliers	358	115984	347495da8918295c2fd0741fed9580770042fdde
gadget	12	gadget.packet.secret_indices	358	402	b7e59244bc023e13dcb03bc4eb803455adec6f7e
gadget	12	gadget.packet.st	358	114248	dcb163b82d1fad0883c4b2729a1f0afa97ad9d63
gadget	12	gadget.packet.state	358	2864	4040e5c6072bf6e65d333c57dc75cf04a179333d
gadget	12	gadget.packet.table_header	358	10832	dd9e431e5504763b9a50cd688d59afe8baafb240
gadget	12	gadget.packet.texture_indices	358	176	bfe4e9b8200c33f84b3145bd1e2391957604eda7
gadget	12	gadget.packet.transfers	358	156	99dcce6db89e7956da76cf16139d6b447cac94ca
gadget	12	gadget.packet.triangles	358	502960	db2afa250f2e90566e084baf1103882144edd874
gadget	12	gadget.packet.vertices	358	1196164	4d137182335f9179a3ee29dd8819681a037e1402
gadget	12	gadget.packet_counts	21	252	a0311e1fea258126efea63439db660b851b2ff74
gadget	12	gadget.sequence_pointers	21	440	85cb66311077d6c00dee1ce780f38100b14affb8
gadget	12	gadget.skeleton	21	20864	ef234dc3ea5ba1063f32d2c2958f8b706d24a8f2
gadget	12	gadget.textures	21	1032528	b4aad3d2eb097dbf4a1f6ef609299a8d905dc026
gadget	13	gadget.class_entry	21	672	ee2330082a437bf88f29b0b37f231c65e2e14296
gadget	13	gadget.common_trans	21	5216	f76f252a2e90dcff6fd4ec5a93af0bfb50d8320d
gadget	13	gadget.decompressed_size	21	84	9ea6cd4f55f1931b3b38bd96dd00e23852a1b1e9
gadget	13	gadget.entry	21	336	00a022bd47b1d82ef9b4c74b76e1caea85b84435
gadget	13	gadget.header	21	1512	ada97a29e2b20274b3976c0aa6574778ae0265a8
gadget	13	gadget.o_class	21	84	2976447411cbf76d003e0d38306c6c8da4d9f6f4
gadget	13	gadget.packet.duplicates	358	5234	46a5568946bf5eecca374ab7ec068d7f613c9e92
gadget	13	gadget.packet.entry	358	5728	0cbd0715aeb2a86cd3be217482ae49f1b3150276
gadget	13	gadget.packet.index_bytes	358	43464	887283dd79b632a9d8aae13f885c860d8d6570f5
gadget	13	gadget.packet.raw_vertices	358	474512	d9a06b0c4959818e0de64fba2e84f45d94a499da
gadget	13	gadget.packet.rgba_multipliers	358	115984	347495da8918295c2fd0741fed9580770042fdde
gadget	13	gadget.packet.secret_indices	358	402	b7e59244bc023e13dcb03bc4eb803455adec6f7e
gadget	13	gadget.packet.st	358	114248	dcb163b82d1fad0883c4b2729a1f0afa97ad9d63
gadget	13	gadget.packet.state	358	2864	4040e5c6072bf6e65d333c57dc75cf04a179333d
gadget	13	gadget.packet.table_header	358	10832	dd9e431e5504763b9a50cd688d59afe8baafb240
gadget	13	gadget.packet.texture_indices	358	176	bfe4e9b8200c33f84b3145bd1e2391957604eda7
gadget	13	gadget.packet.transfers	358	156	99dcce6db89e7956da76cf16139d6b447cac94ca
gadget	13	gadget.packet.triangles	358	502960	db2afa250f2e90566e084baf1103882144edd874
gadget	13	gadget.packet.vertices	358	1196164	4d137182335f9179a3ee29dd8819681a037e1402
gadget	13	gadget.packet_counts	21	252	a0311e1fea258126efea63439db660b851b2ff74
gadget	13	gadget.sequence_pointers	21	440	85cb66311077d6c00dee1ce780f38100b14affb8
gadget	13	gadget.skeleton	21	20864	ef234dc3ea5ba1063f32d2c2958f8b706d24a8f2
gadget	13	gadget.textures	21	1032528	ad04bdb753d8873c665d3a2e88a6d38925500f02
gadget	14	gadget.class_entry	21	672	394b5b7d9a9c2f853f6051f5e0885a2cc7a320f0
gadget	14	gadget.common_trans	21	5216	f76f252a2e90dcff6fd4ec5a93af0bfb50d8320d
gadget	14	gadget.decompressed_size	21	84	9ea6cd4f55f1931b3b38bd96dd00e23852a1b1e9
gadget	14	gadget.entry	21	336	7ea5411edc3ee9dea3a4cbc2ff476d4edcb94438
gadget	14	gadget.header	21	1512	ada97a29e2b20274b3976c0aa6574778ae0265a8
gadget	14	gadget.o_class	21	84	2976447411cbf76d003e0d38306c6c8da4d9f6f4
gadget	14	gadget.packet.duplicates	358	5234	46a5568946bf5eecca374ab7ec068d7f613c9e92
gadget	14	gadget.packet.entry	358	5728	0cbd0715aeb2a86cd3be217482ae49f1b3150276
gadget	14	gadget.packet.index_bytes	358	43464	887283dd79b632a9d8aae13f885c860d8d6570f5
gadget	14	gadget.packet.raw_vertices	358	474512	d9a06b0c4959818e0de64fba2e84f45d94a499da
gadget	14	gadget.packet.rgba_multipliers	358	115984	347495da8918295c2fd0741fed9580770042fdde
gadget	14	gadget.packet.secret_indices	358	402	b7e59244bc023e13dcb03bc4eb803455adec6f7e
gadget	14	gadget.packet.st	358	114248	dcb163b82d1fad0883c4b2729a1f0afa97ad9d63
gadget	14	gadget.packet.state	358	2864	4040e5c6072bf6e65d333c57dc75cf04a179333d
gadget	14	gadget.packet.table_header	358	10832	dd9e431e5504763b9a50cd688d59afe8baafb240
gadget	14	gadget.packet.texture_indices	358	176	bfe4e9b8200c33f84b3145bd1e2391957604eda7
gadget	14	gadget.packet.transfers	358	156	99dcce6db89e7956da76cf16139d6b447cac94ca
gadget	14	gadget.packet.triangles	358	502960	db2afa250f2e90566e084baf1103882144edd874
gadget	14	gadget.packet.vertices	358	1196164	4d137182335f9179a3ee29dd8819681a037e1402
gadget	14	gadget.packet_counts	21	252	a0311e1fea258126efea63439db660b851b2ff74
gadget	14	gadget.sequence_pointers	21	440	85cb66311077d6c00dee1ce780f38100b14affb8
gadget	14	gadget.skeleton	21	20864	ef234dc3ea5ba1063f32d2c2958f8b706d24a8f2
gadget	14	gadget.textures	21	1032528	3ce30c5905e93e09df05e13d58c4333bb43151d6
gadget	15	gadget.class_entry	21	672	7ac1f62c05d1453ac46bd53616ca4d2d6bc94ea5
gadget	15	gadget.common_trans	21	5216	f76f252a2e90dcff6fd4ec5a93af0bfb50d8320d
gadget	15	gadget.decompressed_size	21	84	9ea6cd4f55f1931b3b38bd96dd00e23852a1b1e9
gadget	15	gadget.entry	21	336	d75a9965940d467e490c25309a1b6a833191cfb4
gadget	15	gadget.header	21	1512	ada97a29e2b20274b3976c0aa6574778ae0265a8
gadget	15	gadget.o_class	21	84	2976447411cbf76d003e0d38306c6c8da4d9f6f4
gadget	15	gadget.packet.duplicates	358	5234	46a5568946bf5eecca374ab7ec068d7f613c9e92
gadget	15	gadget.packet.entry	358	5728	0cbd0715aeb2a86cd3be217482ae49f1b3150276
gadget	15	gadget.packet.index_bytes	358	43464	887283dd79b632a9d8aae13f885c860d8d6570f5
gadget	15	gadget.packet.raw_vertices	358	474512	d9a06b0c4959818e0de64fba2e84f45d94a499da
gadget	15	gadget.packet.rgba_multipliers	358	115984	347495da8918295c2fd0741fed9580770042fdde
gadget	15	gadget.packet.secret_indices	358	402	b7e59244bc023e13dcb03bc4eb803455adec6f7e
gadget	15	gadget.packet.st	358	114248	dcb163b82d1fad0883c4b2729a1f0afa97ad9d63
gadget	15	gadget.packet.state	358	2864	4040e5c6072bf6e65d333c57dc75cf04a179333d
gadget	15	gadget.packet.table_header	358	10832	dd9e431e5504763b9a50cd688d59afe8baafb240
gadget	15	gadget.packet.texture_indices	358	176	bfe4e9b8200c33f84b3145bd1e2391957604eda7
gadget	15	gadget.packet.transfers	358	156	99dcce6db89e7956da76cf16139d6b447cac94ca
gadget	15	gadget.packet.triangles	358	502960	db2afa250f2e90566e084baf1103882144edd874
gadget	15	gadget.packet.vertices	358	1196164	4d137182335f9179a3ee29dd8819681a037e1402
gadget	15	gadget.packet_counts	21	252	a0311e1fea258126efea63439db660b851b2ff74
gadget	15	gadget.sequence_pointers	21	440	85cb66311077d6c00dee1ce780f38100b14affb8
gadget	15	gadget.skeleton	21	20864	ef234dc3ea5ba1063f32d2c2958f8b706d24a8f2
gadget	15	gadget.textures	21	1032528	7bd40b6b31edad0cc356c128db1e6f08798880ef
gadget	16	gadget.class_entry	21	672	badd51fd52856630176a1e1b77d2f2dd598aac49
gadget	16	gadget.common_trans	21	5216	f76f252a2e90dcff6fd4ec5a93af0bfb50d8320d
gadget	16	gadget.decompressed_size	21	84	9ea6cd4f55f1931b3b38bd96dd00e23852a1b1e9
gadget	16	gadget.entry	21	336	99646ffc9284c1da58ab0fbda5e01f423b9f95aa
gadget	16	gadget.header	21	1512	ada97a29e2b20274b3976c0aa6574778ae0265a8
gadget	16	gadget.o_class	21	84	2976447411cbf76d003e0d38306c6c8da4d9f6f4
gadget	16	gadget.packet.duplicates	358	5234	46a5568946bf5eecca374ab7ec068d7f613c9e92
gadget	16	gadget.packet.entry	358	5728	0cbd0715aeb2a86cd3be217482ae49f1b3150276
gadget	16	gadget.packet.index_bytes	358	43464	887283dd79b632a9d8aae13f885c860d8d6570f5
gadget	16	gadget.packet.raw_vertices	358	474512	d9a06b0c4959818e0de64fba2e84f45d94a499da
gadget	16	gadget.packet.rgba_multipliers	358	115984	347495da8918295c2fd0741fed9580770042fdde
gadget	16	gadget.packet.secret_indices	358	402	b7e59244bc023e13dcb03bc4eb803455adec6f7e
gadget	16	gadget.packet.st	358	114248	dcb163b82d1fad0883c4b2729a1f0afa97ad9d63
gadget	16	gadget.packet.state	358	2864	4040e5c6072bf6e65d333c57dc75cf04a179333d
gadget	16	gadget.packet.table_header	358	10832	dd9e431e5504763b9a50cd688d59afe8baafb240
gadget	16	gadget.packet.texture_indices	358	176	bfe4e9b8200c33f84b3145bd1e2391957604eda7
gadget	16	gadget.packet.transfers	358	156	99dcce6db89e7956da76cf16139d6b447cac94ca
gadget	16	gadget.packet.triangles	358	502960	db2afa250f2e90566e084baf1103882144edd874
gadget	16	gadget.packet.vertices	358	1196164	4d137182335f9179a3ee29dd8819681a037e1402
gadget	16	gadget.packet_counts	21	252	a0311e1fea258126efea63439db660b851b2ff74
gadget	16	gadget.sequence_pointers	21	440	85cb66311077d6c00dee1ce780f38100b14affb8
gadget	16	gadget.skeleton	21	20864	ef234dc3ea5ba1063f32d2c2958f8b706d24a8f2
gadget	16	gadget.textures	21	1032528	457722d97735e165c9f58bc3ad1000218d1b374d
gadget	17	gadget.class_entry	21	672	ebf89fc5d8958f5a12b7386db545031a4d0a74d7
gadget	17	gadget.common_trans	21	5216	f76f252a2e90dcff6fd4ec5a93af0bfb50d8320d
gadget	17	gadget.decompressed_size	21	84	9ea6cd4f55f1931b3b38bd96dd00e23852a1b1e9
gadget	17	gadget.entry	21	336	cecf78b8e9e729d3ed8a46e70be4640d4dddea29
gadget	17	gadget.header	21	1512	ada97a29e2b20274b3976c0aa6574778ae0265a8
gadget	17	gadget.o_class	21	84	2976447411cbf76d003e0d38306c6c8da4d9f6f4
gadget	17	gadget.packet.duplicates	358	5234	46a5568946bf5eecca374ab7ec068d7f613c9e92
gadget	17	gadget.packet.entry	358	5728	0cbd0715aeb2a86cd3be217482ae49f1b3150276
gadget	17	gadget.packet.index_bytes	358	43464	887283dd79b632a9d8aae13f885c860d8d6570f5
gadget	17	gadget.packet.raw_vertices	358	474512	d9a06b0c4959818e0de64fba2e84f45d94a499da
gadget	17	gadget.packet.rgba_multipliers	358	115984	347495da8918295c2fd0741fed9580770042fdde
gadget	17	gadget.packet.secret_indices	358	402	b7e59244bc023e13dcb03bc4eb803455adec6f7e
gadget	17	gadget.packet.st	358	114248	dcb163b82d1fad0883c4b2729a1f0afa97ad9d63
gadget	17	gadget.packet.state	358	2864	4040e5c6072bf6e65d333c57dc75cf04a179333d
gadget	17	gadget.packet.table_header	358	10832	dd9e431e5504763b9a50cd688d59afe8baafb240
gadget	17	gadget.packet.texture_indices	358	176	bfe4e9b8200c33f84b3145bd1e2391957604eda7
gadget	17	gadget.packet.transfers	358	156	99dcce6db89e7956da76cf16139d6b447cac94ca
gadget	17	gadget.packet.triangles	358	502960	db2afa250f2e90566e084baf1103882144edd874
gadget	17	gadget.packet.vertices	358	1196164	4d137182335f9179a3ee29dd8819681a037e1402
gadget	17	gadget.packet_counts	21	252	a0311e1fea258126efea63439db660b851b2ff74
gadget	17	gadget.sequence_pointers	21	440	85cb66311077d6c00dee1ce780f38100b14affb8
gadget	17	gadget.skeleton	21	20864	ef234dc3ea5ba1063f32d2c2958f8b706d24a8f2
gadget	17	gadget.textures	21	1032528	592d205609441918590168ceeb55a59d582aff2f
gadget	18	gadget.class_entry	21	672	5c917af898680b81075f4d422ce5934f42623a6d
gadget	18	gadget.common_trans	21	5216	f76f252a2e90dcff6fd4ec5a93af0bfb50d8320d
gadget	18	gadget.decompressed_size	21	84	9ea6cd4f55f1931b3b38bd96dd00e23852a1b1e9
gadget	18	gadget.entry	21	336	1034a78cc17e4391bfbc8d478e61c72b7273ecf7
gadget	18	gadget.header	21	1512	ada97a29e2b20274b3976c0aa6574778ae0265a8
gadget	18	gadget.o_class	21	84	2976447411cbf76d003e0d38306c6c8da4d9f6f4
gadget	18	gadget.packet.duplicates	358	5234	46a5568946bf5eecca374ab7ec068d7f613c9e92
gadget	18	gadget.packet.entry	358	5728	0cbd0715aeb2a86cd3be217482ae49f1b3150276
gadget	18	gadget.packet.index_bytes	358	43464	887283dd79b632a9d8aae13f885c860d8d6570f5
gadget	18	gadget.packet.raw_vertices	358	474512	d9a06b0c4959818e0de64fba2e84f45d94a499da
gadget	18	gadget.packet.rgba_multipliers	358	115984	347495da8918295c2fd0741fed9580770042fdde
gadget	18	gadget.packet.secret_indices	358	402	b7e59244bc023e13dcb03bc4eb803455adec6f7e
gadget	18	gadget.packet.st	358	114248	dcb163b82d1fad0883c4b2729a1f0afa97ad9d63
gadget	18	gadget.packet.state	358	2864	4040e5c6072bf6e65d333c57dc75cf04a179333d
gadget	18	gadget.packet.table_header	358	10832	dd9e431e5504763b9a50cd688d59afe8baafb240
gadget	18	gadget.packet.texture_indices	358	176	bfe4e9b8200c33f84b3145bd1e2391957604eda7
gadget	18	gadget.packet.transfers	358	156	99dcce6db89e7956da76cf16139d6b447cac94ca
gadget	18	gadget.packet.triangles	358	502960	db2afa250f2e90566e084baf1103882144edd874
gadget	18	gadget.packet.vertices	358	1196164	4d137182335f9179a3ee29dd8819681a037e1402
gadget	18	gadget.packet_counts	21	252	a0311e1fea258126efea63439db660b851b2ff74
gadget	18	gadget.sequence_pointers	21	440	85cb66311077d6c00dee1ce780f38100b14affb8
gadget	18	gadget.skeleton	21	20864	ef234dc3ea5ba1063f32d2c2958f8b706d24a8f2
gadget	18	gadget.textures	21	1032528	a8af035cd6cacaad6f8eca3c70adfc63fc22bd2d
gameplay_sections	00	gameplay.sections	36	1026	5f66e231881221f79c59b760ad8881be9d0c1fbb
gameplay_sections	01	gameplay.sections	36	1026	2643a1041d1ccb53e5e1c0f947d594a1f79b6fbb
gameplay_sections	02	gameplay.sections	36	1026	b9f745e5f232773a3c677924ea0faa2dc643e39e
gameplay_sections	03	gameplay.sections	36	1026	4348b5a23285e7510e5ebbcf1e3011921ebf174b
gameplay_sections	04	gameplay.sections	36	1026	32f0920ef69550828f67a25e51aa5e075365f014
gameplay_sections	05	gameplay.sections	36	1026	612a70c5d4368e9a9ed0e3adaa6cd7a21870e1ed
gameplay_sections	06	gameplay.sections	36	1026	08551ebb06cc7720e36c7d322c4e0615be115d5d
gameplay_sections	07	gameplay.sections	36	1026	b26a98387af3ab520e6baa36220203b7c9b27c33
gameplay_sections	08	gameplay.sections	36	1026	28870d702ed09317eba2f34918e758bff0e8b26b
gameplay_sections	09	gameplay.sections	36	1026	31ab5a4c43dc97ceb5051d309c44f931e35e9515
gameplay_sections	10	gameplay.sections	36	1026	7662b652f79ced514596571f6d568895681398c5
gameplay_sections	11	gameplay.sections	36	1026	c9e0137a21f6036a23550af8a85fc7d1375535d9
gameplay_sections	12	gameplay.sections	36	1026	f4e05c374d93ea4dfbb10f0c7906f2012e1c1aba
gameplay_sections	13	gameplay.sections	36	1026	6d2d0f11ca38733d10b5d446d3fb845a9ec3fc88
gameplay_sections	14	gameplay.sections	36	1026	bd5e6970810748ac1f229d751bfb6efab9142cd4
gameplay_sections	15	gameplay.sections	36	1026	3aae59617ce3c29023e0f42fbc86cfcff63398b0
gameplay_sections	16	gameplay.sections	36	1026	d942e5197d3f3283b2f26e62d7a9b87ba2ac2493
gameplay_sections	17	gameplay.sections	36	1026	8b69a7c9b4ce03098c3e4f854d09f14170ad80b8
gameplay_sections	18	gameplay.sections	36	1026	09a833fd2d7b467c571306eea7ee75980939e656
hud	00	hud.frame_count	1	4	a012a9080c44f30bc972c4650006fed3f6deec30
hud	00	hud.frame_images	326	2315080	4174d2ee15241c9893a7fc427c880c5cfc4016d7
hud	00	hud.frames	1	1308	d6423e064bd9e04763a502a87e014202ed678405
hud	00	hud.glyph_addrs	1	12	aa6dfe851135f1ceea167ef4493fccd0bbc89829
hud	00	hud.glyph_tables	1	2788	b7e655556d8bf1f1b8057830c46f41918a5c1b9e
hud	00	hud.header	1	184	66391d4620385155e76edc91d42860b269d5e190
hud	00	hud.icons	1	460	4fdcdcceaa67ff0744245e45cbfc53494b2bafb6
hud	00	hud.magic	1	4	11342eecdbf633ab02ab93bd839836dd144db1c8
hud	00	hud.message_count	1	4	21ba02bf795516a57cd7b698b951e2650b275f72
hud	00	hud.messages	1485	83858	13bfadf83cfe88ff5b4c5bd1a315ef7b71c1b51d
hud	00	hud.palettes	1	340	463f1cecb947a68bd1ebe10ee68d87ca905ec0a5
hud	00	hud.textures	1	1892	5b4f07b8a069124a97206cbe93262f12f2ceabef
hud	01	hud.frame_count	1	4	a012a9080c44f30bc972c4650006fed3f6deec30
hud	01	hud.frame_images	326	2315080	4174d2ee15241c9893a7fc427c880c5cfc4016d7
hud	01	hud.frames	1	1308	d6423e064bd9e04763a502a87e014202ed678405
hud	01	hud.glyph_addrs	1	12	0dd012e9b7351ce216ebcafcbc5e3e0952fecda7
hud	01	hud.glyph_tables	1	2788	b7e655556d8bf1f1b8057830c46f41918a5c1b9e
hud	01	hud.header	1	184	66391d4620385155e76edc91d42860b269d5e190
hud	01	hud.icons	1	460	4fdcdcceaa67ff0744245e45cbfc53494b2bafb6
hud	01	hud.magic	1	4	11342eecdbf633ab02ab93bd839836dd144db1c8
hud	01	hud.message_count	1	4	6a85071a618caed2b7a719bdda3947c932d95ac4
hud	01	hud.messages	1521	86549	3807ed99cfa8da1facf15475be4006bd3cfc3737
hud	01	hud.palettes	1	340	463f1cecb947a68bd1ebe10ee68d87ca905ec0a5
hud	01	hud.textures	1	1892	5b4f07b8a069124a97206cbe93262f12f2ceabef
hud	02	hud.frame_count	1	4	a012a9080c44f30bc972c4650006fed3f6deec30
hud	02	hud.frame_images	326	2315080	4174d2ee15241c9893a7fc427c880c5cfc4016d7
hud	02	hud.frames	1	1308	d6423e064bd9e04763a502a87e014202ed678405
hud	02	hud.glyph_addrs	1	12	b46797e370466d8432d9094f53fee9cda5ade896
hud	02	hud.glyph_tables	1	2788	b7e655556d8bf1f1b8057830c46f41918a5c1b9e
hud	02	hud.header	1	184	66391d4620385155e76edc91d42860b269d5e190
hud	02	hud.icons	1	460	4fdcdcceaa67ff0744245e45cbfc53494b2bafb6
hud	02	hud.magic	1	4	11342eecdbf633ab02ab93bd839836dd144db1c8
hud	02	hud.message_count	1	4	adc3b28e0cc55d4e13e1e7dd33ef664f32b44769
hud	02	hud.messages	1498	85457	b9a071cca90d63fea325771cf5b6061baa579c99
hud	02	hud.palettes	1	340	463f1cecb947a68bd1ebe10ee68d87ca905ec0a5
hud	02	hud.textures	1	1892	5b4f07b8a069124a97206cbe93262f12f2ceabef
hud	03	hud.frame_count	1	4	a012a9080c44f30bc972c4650006fed3f6deec30
hud	03	hud.frame_images	326	2315080	4174d2ee15241c9893a7fc427c880c5cfc4016d7
hud	03	hud.frames	1	1308	d6423e064bd9e04763a502a87e014202ed678405
hud	03	hud.glyph_addrs	1	12	ea8da4f74039f0e82f102999752bf53bdd0788f5
hud	03	hud.glyph_tables	1	2788	b7e655556d8bf1f1b8057830c46f41918a5c1b9e
hud	03	hud.header	1	184	66391d4620385155e76edc91d42860b269d5e190
hud	03	hud.icons	1	460	4fdcdcceaa67ff0744245e45cbfc53494b2bafb6
hud	03	hud.magic	1	4	11342eecdbf633ab02ab93bd839836dd144db1c8
hud	03	hud.message_count	1	4	0c9dc61eeca0bc1590f9e57cda17f52774fb0bd2
hud	03	hud.messages	1509	85605	8616260456c300ade1afe1cb18e783966480bb9b
hud	03	hud.palettes	1	340	463f1cecb947a68bd1ebe10ee68d87ca905ec0a5
hud	03	hud.textures	1	1892	5b4f07b8a069124a97206cbe93262f12f2ceabef
hud	04	hud.frame_count	1	4	a012a9080c44f30bc972c4650006fed3f6deec30
hud	04	hud.frame_images	326	2315080	4174d2ee15241c9893a7fc427c880c5cfc4016d7
hud	04	hud.frames	1	1308	d6423e064bd9e04763a502a87e014202ed678405
hud	04	hud.glyph_addrs	1	12	a8a1e5aff9da6884d66b2751afed1b662b9f3b9e
hud	04	hud.glyph_tables	1	2788	b7e655556d8bf1f1b8057830c46f41918a5c1b9e
hud	04	hud.header	1	184	66391d4620385155e76edc91d42860b269d5e190
hud	04	hud.icons	1	460	4fdcdcceaa67ff0744245e45cbfc53494b2bafb6
hud	04	hud.magic	1	4	11342eecdbf633ab02ab93bd839836dd144db1c8
hud	04	hud.message_count	1	4	a72ba48096473a2f0742a77d0c2310a432ef3bdc
hud	04	hud.messages	1491	84480	f0fda80192f65659583ec7155b28725b5414cdf5
hud	04	hud.palettes	1	340	463f1cecb947a68bd1ebe10ee68d87ca905ec0a5
hud	04	hud.textures	1	1892	5b4f07b8a069124a97206cbe93262f12f2ceabef
hud	05	hud.frame_count	1	4	16c7e13fb3c1fac3189e520ae50cdcf9e84b20e5
hud	05	hud.frame_images	329	2450284	0dde9ba9d87a160022f1c55d9b3fd92aea3542f1
hud	05	hud.frames	1	1320	67d89a837410a5bcde23db448a8db18f8a88a3a5
hud	05	hud.glyph_addrs	1	12	0dd012e9b7351ce216ebcafcbc5e3e0952fecda7
hud	05	hud.glyph_tables	1	2788	b7e655556d8bf1f1b8057830c46f41918a5c1b9e
hud	05	hud.header	1	184	98811231d54b95dbe23d5a9f192d4221c3bf4570
hud	05	hud.icons	1	468	2ccfc35c76947f39e2a6a3970a2e620db95a1045
hud	05	hud.magic	1	4	11342eecdbf633ab02ab93bd839836dd144db1c8
hud	05	hud.message_count	1	4	3555653976992864370acf2f1bca152ee65992a7
hud	05	hud.messages	1515	85905	410883fd31a7140eebcfc06ee81e7fd153c72646
hud	05	hud.palettes	1	348	6522fe01b9390c20c7766159054139b2ce3cf797
hud	05	hud.textures	1	1916	583e4e53bf87abe3f793856929cd38570997c346
hud	06	hud.frame_count	1	4	c6db3d34a8d842775f716a58b9258c688db8eaed
hud	06	hud.frame_images	339	2365412	fa183b7d52cdf2f5c34008da8a357f2ceb3b20e6
hud	06	hud.frames	1	1360	bf820c07de62e54329b2b2be35b58ee92cdc4bc7
hud	06	hud.glyph_addrs	1	12	7830ee4379803a3774020cef302084bbf1d035ed
hud	06	hud.glyph_tables	1	2788	b7e655556d8bf1f1b8057830c46f41918a5c1b9e
hud	06	hud.header	1	184	69ede916859ea10716bf3f6e451e22e591e79213
hud	06	hud.icons	1	476	0f371240a3d17b9be205255c372c35f41a9cb3da
hud	06	hud.magic	1	4	11342eecdbf633ab02ab93bd839836dd144db1c8
hud	06	hud.message_count	1	4	a68d1eb4d389bc9420c5e3027c6c12132b51fc02
hud	06	hud.messages	1504	84822	da60d2dedc3b19d3c9498f81938fd2c784f48492
hud	06	hud.palettes	1	348	20917af545fd2cd8dfff217475329f2f742b0d7c
hud	06	hud.textures	1	1996	373ab7cf2f535e94ea43fc74d5439a22a068eafc
hud	07	hud.frame_count	1	4	3783fd6bae5cfc3ddb97285bb6da989a52db4a91
hud	07	hud.frame_images	331	2332548	3b071604521273ac578ba08458beef1cf69d3dff
hud	07	hud.frames	1	1328	66d706575f4617791ba47b150b04c853f6d23d10
hud	07	hud.glyph_addrs	1	12	aed6e82c7a6adcfb95aeaa7b69f8a6d6bdab3e8e
hud	07	hud.glyph_tables	1	2788	b7e655556d8bf1f1b8057830c46f41918a5c1b9e
hud	07	hud.header	1	184	8aa78483a2c6e48f3c2369637860273b916e120b
hud	07	hud.icons	1	468	94ef2b32648283677df68759329edc01cd26f82d
hud	07	hud.magic	1	4	11342eecdbf633ab02ab93bd839836dd144db1c8
hud	07	hud.message_count	1	4	0c473d6e3a752505c8f25797c0fc5017b940e778
hud	07	hud.messages	1481	83081	a0a555999a9bfd649ed47d85bd14f4904cb10556
hud	07	hud.palettes	1	348	c54168f1cc8bd0eb1b4f45170838f438e7442515
hud	07	hud.textures	1	1932	76313051d7f661e81e505c09aa9f83b56d80e26d
hud	08	hud.frame_count	1	4	a012a9080c44f30bc972c4650006fed3f6deec30
hud	08	hud.frame_images	326	2315080	4174d2ee15241c9893a7fc427c880c5cfc4016d7
hud	08	hud.frames	1	1308	d6423e064bd9e04763a502a87e014202ed678405
hud	08	hud.glyph_addrs	1	12	f3895ce44fc47bd7431b8cff9e286cca0fb6a605
hud	08	hud.glyph_tables	1	2788	b7e655556d8bf1f1b8057830c46f41918a5c1b9e
hud	08	hud.header	1	184	66391d4620385155e76edc91d42860b269d5e190
hud	08	hud.icons	1	460	4fdcdcceaa67ff0744245e45cbfc53494b2bafb6
hud	08	hud.magic	1	4	11342eecdbf633ab02ab93bd839836dd144db1c8
hud	08	hud.message_count	1	4	4356aa0ad13b68847f6572e2aec4552fce01adad
hud	08	hud.messages	1496	84804	3ab499a7ad3252cd5967a920ae043713b225f239
hud	08	hud.palettes	1	340	463f1cecb947a68bd1ebe10ee68d87ca905ec0a5
hud	08	hud.textures	1	1892	5b4f07b8a069124a97206cbe93262f12f2ceabef
hud	09	hud.frame_count	1	4	a012a9080c44f30bc972c4650006fed3f6deec30
hud	09	hud.frame_images	326	2315080	4174d2ee15241c9893a7fc427c880c5cfc4016d7
hud	09	hud.frames	1	1308	d6423e064bd9e04763a502a87e014202ed678405
hud	09	hud.glyph_addrs	1	12	a8a1e5aff9da6884d66b2751afed1b662b9f3b9e
hud	09	hud.glyph_tables	1	2788	b7e655556d8bf1f1b8057830c46f41918a5c1b9e
hud	09	hud.header	1	184	66391d4620385155e76edc91d42860b269d5e190
hud	09	hud.icons	1	460	4fdcdcceaa67ff0744245e45cbfc53494b2bafb6
hud	09	hud.magic	1	4	11342eecdbf633ab02ab93bd839836dd144db1c8
hud	09	hud.message_count	1	4	0c473d6e3a752505c8f25797c0fc5017b940e778
hud	09	hud.messages	1481	83272	8a7d3075fbf9c21b2f21ed29c515bfa982545129
hud	09	hud.palettes	1	340	463f1cecb947a68bd1ebe10ee68d87ca905ec0a5
hud	09	hud.textures	1	1892	5b4f07b8a069124a97206cbe93262f12f2ceabef
hud	10	hud.frame_count	1	4	2edefb1b7cbea2e2f395cfd4755c2fd7b1dac92e
hud	10	hud.frame_images	334	2347944	98f6b294760398a03b9e8e5332deae04f85aa86e
hud	10	hud.frames	1	1340	9fdcb7cc943b80f3876082e00dcd92a5929d5850
hud	10	hud.glyph_addrs	1	12	0dd012e9b7351ce216ebcafcbc5e3e0952fecda7
hud	10	hud.glyph_tables	1	2788	b7e655556d8bf1f1b8057830c46f41918a5c1b9e
hud	10	hud.header	1	184	b22bb8cd6d0d7f045e56238d5d02be411a998db1
hud	10	hud.icons	1	468	69ae6ae873050a35abdbd15c75f0eaaa1d8e3180
hud	10	hud.magic	1	4	11342eecdbf633ab02ab93bd839836dd144db1c8
hud	10	hud.message_count	1	4	c94805370831e0e8a4a196f1556f8a1c490dc0f4
hud	10	hud.messages	1497	84661	b0307c42e29a2674e8ad8fb4b23f8ff329088c99
hud	10	hud.palettes	1	340	5169b943cf850714308af3316e8c782a3eddc405
hud	10	hud.textures	1	1956	4fdcf5cf1f68c9968681da958044434633ebccf8
hud	11	hud.frame_count	1	4	a012a9080c44f30bc972c4650006fed3f6deec30
hud	11	hud.frame_images	326	2315080	4174d2ee15241c9893a7fc427c880c5cfc4016d7
hud	11	hud.frames	1	1308	d6423e064bd9e04763a502a87e014202ed678405
hud	11	hud.glyph_addrs	1	12	af6a3afbf52c142f7bd7deea134e34ec7b103db7
hud	11	hud.glyph_tables	1	2788	b7e655556d8bf1f1b8057830c46f41918a5c1b9e
hud	11	hud.header	1	184	66391d4620385155e76edc91d42860b269d5e190
hud	11	hud.icons	1	460	4fdcdcceaa67ff0744245e45cbfc53494b2bafb6
hud	11	hud.magic	1	4	11342eecdbf633ab02ab93bd839836dd144db1c8
hud	11	hud.message_count	1	4	2ff10a0e97eab0814d5662815d879d5f2ce58204
hud	11	hud.messages	1503	85051	11a016f2b1fc903ac04053e70aaf8b27a868aa82
hud	11	hud.palettes	1	340	463f1cecb947a68bd1ebe10ee68d87ca905ec0a5
hud	11	hud.textures	1	1892	5b4f07b8a069124a97206cbe93262f12f2ceabef
hud	12	hud.frame_count	1	4	a012a9080c44f30bc972c4650006fed3f6deec30
hud	12	hud.frame_images	326	2315080	4174d2ee15241c9893a7fc427c880c5cfc4016d7
hud	12	hud.frames	1	1308	d6423e064bd9e04763a502a87e014202ed678405
hud	12	hud.glyph_addrs	1	12	0dd012e9b7351ce216ebcafcbc5e3e0952fecda7
hud	12	hud.glyph_tables	1	2788	b7e655556d8bf1f1b8057830c46f41918a5c1b9e
hud	12	hud.header	1	184	66391d4620385155e76edc91d42860b269d5e190
hud	12	hud.icons	1	460	4fdcdcceaa67ff0744245e45cbfc53494b2bafb6
hud	12	hud.magic	1	4	11342eecdbf633ab02ab93bd839836dd144db1c8
hud	12	hud.message_count	1	4	a72ba48096473a2f0742a77d0c2310a432ef3bdc
hud	12	hud.messages	1491	83978	842d794d440fc226c16d2c7a4699d0265613d135
hud	12	hud.palettes	1	340	463f1cecb947a68bd1ebe10ee68d87ca905ec0a5
hud	12	hud.textures	1	1892	5b4f07b8a069124a97206cbe93262f12f2ceabef
hud	13	hud.frame_count	1	4	3783fd6bae5cfc3ddb97285bb6da989a52db4a91
hud	13	hud.frame_images	331	2332548	f81b9b3df3bd63c41b6c26159e41f03b82a588c3
hud	13	hud.frames	1	1328	66d706575f4617791ba47b150b04c853f6d23d10
hud	13	hud.glyph_addrs	1	12	5151114ebc3f17eba48bb67de498e95152eaa562
hud	13	hud.glyph_tables	1	2788	b7e655556d8bf1f1b8057830c46f41918a5c1b9e
hud	13	hud.header	1	184	8aa78483a2c6e48f3c2369637860273b916e120b
hud	13	hud.icons	1	468	94ef2b32648283677df68759329edc01cd26f82d
hud	13	hud.magic	1	4	11342eecdbf633ab02ab93bd839836dd144db1c8
hud	13	hud.message_count	1	4	a68d1eb4d389bc9420c5e3027c6c12132b51fc02
hud	13	hud.messages	1504	84775	4af08f3f2ac5889b448fda9a6e3b7e653a453476
hud	13	hud.palettes	1	348	c54168f1cc8bd0eb1b4f45170838f438e7442515
hud	13	hud.textures	1	1932	76313051d7f661e81e505c09aa9f83b56d80e26d
hud	14	hud.frame_count	1	4	a012a9080c44f30bc972c4650006fed3f6deec30
hud	14	hud.frame_images	326	2315080	4174d2ee15241c9893a7fc427c880c5cfc4016d7
hud	14	hud.frames	1	1308	d6423e064bd9e04763a502a87e014202ed678405
hud	14	hud.glyph_addrs	1	12	145cfdcf8f089dfc14d9cee8fa39cc93c2e13c50
hud	14	hud.glyph_tables	1	2788	b7e655556d8bf1f1b8057830c46f41918a5c1b9e
hud	14	hud.header	1	184	66391d4620385155e76edc91d42860b269d5e190
hud	14	hud.icons	1	460	4fdcdcceaa67ff0744245e45cbfc53494b2bafb6
hud	14	hud.magic	1	4	11342eecdbf633ab02ab93bd839836dd144db1c8
hud	14	hud.message_count	1	4	147eb73769a5b1eac5f433fe5c5f0833427c4512
hud	14	hud.messages	1483	83301	79793a4662c2a4def5719a19a69f492245ff31d6
hud	14	hud.palettes	1	340	463f1cecb947a68bd1ebe10ee68d87ca905ec0a5
hud	14	hud.textures	1	1892	5b4f07b8a069124a97206cbe93262f12f2ceabef
hud	15	hud.frame_count	1	4	16c7e13fb3c1fac3189e520ae50cdcf9e84b20e5
hud	15	hud.frame_images	329	2450284	35b84bff0bf309f6709a5bd1fd8ed04feb561f44
hud	15	hud.frames	1	1320	67d89a837410a5bcde23db448a8db18f8a88a3a5
hud	15	hud.glyph_addrs	1	12	b46797e370466d8432d9094f53fee9cda5ade896
hud	15	hud.glyph_tables	1	2788	b7e655556d8bf1f1b8057830c46f41918a5c1b9e
hud	15	hud.header	1	184	98811231d54b95dbe23d5a9f192d4221c3bf4570
hud	15	hud.icons	1	468	2ccfc35c76947f39e2a6a3970a2e620db95a1045
hud	15	hud.magic	1	4	11342eecdbf633ab02ab93bd839836dd144db1c8
hud	15	hud.message_count	1	4	470306269f9f7172e13f10018be1f4d9c608f2ab
hud	15	hud.messages	1493	84555	2fe63b7e428c6c4808c2dc37a8d7508d8694da9e
hud	15	hud.palettes	1	348	6522fe01b9390c20c7766159054139b2ce3cf797
hud	15	hud.textures	1	1916	583e4e53bf87abe3f793856929cd38570997c346
hud	16	hud.frame_count	1	4	16c7e13fb3c1fac3189e520ae50cdcf9e84b20e5
hud	16	hud.frame_images	329	2450284	0dde9ba9d87a160022f1c55d9b3fd92aea3542f1
hud	16	hud.frames	1	1320	67d89a837410a5bcde23db448a8db18f8a88a3a5
hud	16	hud.glyph_addrs	1	12	0dd012e9b7351ce216ebcafcbc5e3e0952fecda7
hud	16	hud.glyph_tables	1	2788	b7e655556d8bf1f1b8057830c46f41918a5c1b9e
hud	16	hud.header	1	184	98811231d54b95dbe23d5a9f192d4221c3bf4570
hud	16	hud.icons	1	468	2ccfc35c76947f39e2a6a3970a2e620db95a1045
hud	16	hud.magic	1	4	11342eecdbf633ab02ab93bd839836dd144db1c8
hud	16	hud.message_count	1	4	1fd31c045494992cb927f5ad47964d0dadc38b31
hud	16	hud.messages	1489	84134	3b648e54b9610cd1a871a5fe4f6080867d348d3d
hud	16	hud.palettes	1	348	6522fe01b9390c20c7766159054139b2ce3cf797
hud	16	hud.textures	1	1916	583e4e53bf87abe3f793856929cd38570997c346
hud	17	hud.frame_count	1	4	a012a9080c44f30bc972c4650006fed3f6deec30
hud	17	hud.frame_images	326	2315080	4174d2ee15241c9893a7fc427c880c5cfc4016d7
hud	17	hud.frames	1	1308	d6423e064bd9e04763a502a87e014202ed678405
hud	17	hud.glyph_addrs	1	12	ff98fba70c7fe07d15506bf70927ad0b62fd9c8e
hud	17	hud.glyph_tables	1	2788	b7e655556d8bf1f1b8057830c46f41918a5c1b9e
hud	17	hud.header	1	184	66391d4620385155e76edc91d42860b269d5e190
hud	17	hud.icons	1	460	4fdcdcceaa67ff0744245e45cbfc53494b2bafb6
hud	17	hud.magic	1	4	11342eecdbf633ab02ab93bd839836dd144db1c8
hud	17	hud.message_count	1	4	1fd31c045494992cb927f5ad47964d0dadc38b31
hud	17	hud.messages	1489	83656	9e57accb744e6cb8500a543a708a17c4e29d91bb
hud	17	hud.palettes	1	340	463f1cecb947a68bd1ebe10ee68d87ca905ec0a5
hud	17	hud.textures	1	1892	5b4f07b8a069124a97206cbe93262f12f2ceabef
hud	18	hud.frame_count	1	4	2edefb1b7cbea2e2f395cfd4755c2fd7b1dac92e
hud	18	hud.frame_images	334	2467752	4468b5129e3b585e9081680ad55426c55d822f9c
hud	18	hud.frames	1	1340	1dcc889f6247ed42716aeed1cac98a587f851972
hud	18	hud.glyph_addrs	1	12	af6a3afbf52c142f7bd7deea134e34ec7b103db7
hud	18	hud.glyph_tables	1	2788	b7e655556d8bf1f1b8057830c46f41918a5c1b9e
hud	18	hud.header	1	184	d16f7f83340c855049bb793867b1c0dadb5117de
hud	18	hud.icons	1	476	5647f262833ef3b9678cbf47d0684b48bfc27546
hud	18	hud.magic	1	4	11342eecdbf633ab02ab93bd839836dd144db1c8
hud	18	hud.message_count	1	4	e6be05ef283ffe461385ebdf862e8096e4c355bd
hud	18	hud.messages	1486	83482	4859c4373ca82f7c21bc1af441a8a17ed936dfb3
hud	18	hud.palettes	1	356	36db889b7fcb0da541d578cf23ad37a74f338542
hud	18	hud.textures	1	1956	932647a3eef2db586e53165bfa14afad33840300
moby	00	moby.common_trans	96	19088	2f81750bf295f7f266ad0b4ad2211236b57dc2f1
moby	00	moby.header	96	6912	d587ae03aa30123112bec55585be139c4971ef32
moby	00	moby.o_class	96	384	3198e082076ee9fc1682a97d0d95ae8a4f9ca668
moby	00	moby.packet.duplicates	907	18240	2665ac99f4b02a07b19a034319cd4055579effc6
moby	00	moby.packet.entry	907	14512	6cdf372429aba37a157358e7c8b4f6528e9ea58b
moby	00	moby.packet.index_bytes	907	113084	124eb4986885529c87cf2509b1f15ed43521682c
moby	00	moby.packet.raw_vertices	907	1142128	5ceb1161c8f43fdba8fc6729eabe40bc008390d7
moby	00	moby.packet.rgba_multipliers	907	302336	d1165f0bd16906e2829f4f76a63711944c07f401
moby	00	moby.packet.secret_indices	907	1151	d6db6bc0d405a55c764cdcc1a74b54d57fa9f4a5
moby	00	moby.packet.st	907	297240	1ea131ae10cf0074e48191758b90e9d4ec02c2eb
moby	00	moby.packet.state	907	7256	91933087b105f98dad55546fa24a926f413edeb7
moby	00	moby.packet.table_header	907	28224	ce2ecfc428587c883793c60892beda864bfa9f15
moby	00	moby.packet.texture_indices	907	976	c194152e59eaf0782ca7aa2cec5885ee7b380851
moby	00	moby.packet.transfers	907	570	6c385bbcc015a1c4f3291c60058d5de400568c1b
moby	00	moby.packet.triangles	907	1299808	1cee4067c3f9bc37d64768cbbb9543277c84a38c
moby	00	moby.packet.vertices	907	2976540	81e9f1d6f5909191ab89d45820c9b5122c301d9b
moby	00	moby.packet_counts	96	1152	407cc0989b563e7df1a1e27d3c5e656204029b12
moby	00	moby.sequence_pointers	96	2492	2b0e32c23ca9355daf8ced8a5af68a2d8f08b557
moby	00	moby.skeleton	96	76352	54338619c717f4566aad1a433f0b032b0910e3b2
moby	01	moby.common_trans	169	26416	7ec79123a9a0b5b7063aaf8972aafda65527d31e
moby	01	moby.header	169	12168	8bd8dcebee1b58eeea591db4b7003086a134a518
moby	01	moby.o_class	169	676	c0e438ac46c2d9e2bdfb5bedc84c458cfa9b500a
moby	01	moby.packet.duplicates	1780	40186	e224afa0184a68b65d2996ff31a75ff4f6913929
moby	01	moby.packet.entry	1780	28480	e335684fe6c1a31c7f84db221e17b14c2ae07d8d
moby	01	moby.packet.index_bytes	1780	218724	a9e789d4bcdea4dc3b878cb13f7762cfdc4c0087
moby	01	moby.packet.raw_vertices	1780	2208560	a83c32fc91b7f8af842140d9f83b9923c53a2e49
moby	01	moby.packet.rgba_multipliers	1780	592960	6c3686cd52732c04845c84a4e230daacb82a970e
moby	01	moby.packet.secret_indices	1780	2432	ca9abbe1b06083806940238988f64e6726042dd5
moby	01	moby.packet.st	1780	583556	c574d47244613b29de4e7ce4a661dcec266b010c
moby	01	moby.packet.state	1780	14240	11d447e264868b0c0d7ba6c8b38d9ce5df1ae76d
moby	01	moby.packet.table_header	1780	55360	61ea6cda2854fc026429f994311fc3214c8de6fd
moby	01	moby.packet.texture_indices	1780	2608	98d9ba061767cd915e74fc9219aa3160c7bd0008
moby	01	moby.packet.transfers	1780	970	b203fcc668c6a7f7d18c759c70f9ad087cc10fff
moby	01	moby.packet.triangles	1780	2497920	7bc5ffffc43461c83c4d9e1d337e6dff71408526
moby	01	moby.packet.vertices	1780	5848048	34a98900b158983e8d914fe9ce71d0a13299f3b6
moby	01	moby.packet_counts	169	2028	1d19bc842300e319ba7f6207e39ae70aa4a0f97d
moby	01	moby.sequence_pointers	169	3008	2520e121bffe4bbb340034550eb00168121fa28c
moby	01	moby.skeleton	169	105664	ce87601bf02b062d86aeaa7f58b9d35ceac09ab0
moby	02	moby.common_trans	156	26688	0b0df15f89457abd6f547b6fd711ee0bbe8a7c89
moby	02	moby.header	156	11232	29fb9a0f8960ac21a5ec92faed6c92f0bd3efbc8
moby	02	moby.o_class	156	624	055f73a99e89161173a26f3106412e49e4736f64
moby	02	moby.packet.duplicates	1569	34058	e100277905d8c4e24bd6a1d13643fbdc30e11b20
moby	02	moby.packet.entry	1569	25104	d296f36eec8059f57a9751b979665e53d2a9ff83
moby	02	moby.packet.index_bytes	1569	185896	c66b58166eba32b730b48bf738fc13f2311abe1c
moby	02	moby.packet.raw_vertices	1569	1955968	adfc00ff55a84c43aaa98414ac63608471f1e361
moby	02	moby.packet.rgba_multipliers	1569	532160	ba28d747336f5ae06e594c3ee3f7241c3da1b81a
moby	02	moby.packet.secret_indices	1569	2105	d0916fdc636a5cfcfcf7bce5cbab594a0c477116
moby	02	moby.packet.st	1569	524540	9e164cb783e89fa8d8d870869635063c7063d26a
moby	02	moby.packet.state	1569	12552	3d7d83027c8c6a377302dccf69000724c0a72588
moby	02	moby.packet.table_header	1569	49344	d1b0c774c208feaa4c0a11375114bc25f9c3585a
moby	02	moby.packet.texture_indices	1569	2144	45f2431c97d6367d3f916075179ddd70ba1ee417
moby	02	moby.packet.transfers	1569	924	9b8eaf7cdf4bcdb5287daf0265b0baa4c9ab68ac
moby	02	moby.packet.triangles	1569	2069120	24e6391afec507d57bedabf0331b2dc70f018e4b
moby	02	moby.packet.vertices	1569	5148468	7c049d9ba26a210520b61b60ce26081f6dce745b
moby	02	moby.packet_counts	156	1872	946af0d1f2b74179f8e2c7f257bff6c910c6cb7b
moby	02	moby.sequence_pointers	156	3036	f5d91d8da362a093ba1a3350632ae49895affdd3
moby	02	moby.skeleton	156	106752	960df49c9783f107a72a44c2f0754c5346b98bd4
moby	03	moby.common_trans	174	28688	80d6bba8d6c5d012d8129da054fe91e626b1cedc
moby	03	moby.header	174	12528	4b5c89ff1a4d74d5af19cc1466ec8a0c5d09c78a
moby	03	moby.o_class	174	696	1e467e8659b13dad2a927276cd2a1b1fb9b62840
moby	03	moby.packet.duplicates	1517	34738	18af9979925640fb2c0a7047358697cd2290d5a4
moby	03	moby.packet.entry	1517	24272	38c7a442dd2d1955487eada944504c7184388ea2
moby	03	moby.packet.index_bytes	1517	186584	06c7920e9362bd67995bf0f056f834017f88217f
moby	03	moby.packet.raw_vertices	1517	1887680	05d448ba41134f667e438b277a05d1ea49069a07
moby	03	moby.packet.rgba_multipliers	1517	516928	9da08afd1ab552efea849a0ad3574c2a3e26e8b7
moby	03	moby.packet.secret_indices	1517	2038	527044c8e935490bf3c80b3e1b23b8b7a1588124
moby	03	moby.packet.st	1517	508928	f3382472324a68a2a1d8c8195e4cb249d4d015ef
moby	03	moby.packet.state	1517	12136	09c38d16b8e65ab2083ff7f9ed7e70854994781c
moby	03	moby.packet.table_header	1517	47680	9cba8dcd1703a640e2856ea673f749139da30403
moby	03	moby.packet.texture_indices	1517	2084	67f5303843822ed624e259b1138be4400e060b4b
moby	03	moby.packet.transfers	1517	964	1689b94ec00dbd6892c79377c1dd18a37235f4fd
moby	03	moby.packet.triangles	1517	2091184	1472aef2c1568965ae11618d26e1362f5b43d720
moby	03	moby.packet.vertices	1517	5000154	4c36b4f954adb6aa57ac9bdacd38cd44d6be61dd
moby	03	moby.packet_counts	174	2088	9703ee4806925fb01e46f64a10076a5937c2e385
moby	03	moby.sequence_pointers	174	2844	4ef57e66bdbd343e7ec6e8d1f8394a97ce51e526
moby	03	moby.skeleton	174	114752	c0932f69a95c5511c1b9d496cd4c44de3fcc47fe
moby	04	moby.common_trans	160	25104	89bd8ccfb21a8f0f7805f8f9a2067f51823b4c7c
moby	04	moby.header	160	11520	81a778effa80d962ab86c695d6fdc786a23a50db
moby	04	moby.o_class	160	640	e5f960a97b46d2292aba6fc2c45c0c5550cd687a
moby	04	moby.packet.duplicates	1735	41236	49e7ba1a75ca6a38ad7527d07480c1c0f3f13952
moby	04	moby.packet.entry	1735	27760	de266ec342ada021ba57b083fb1a376bf0144699
moby	04	moby.packet.index_bytes	1735	210576	bab036945a200aa82a685e90ec516dc4812d5d57
moby	04	moby.packet.raw_vertices	1735	2176672	9cc765da5f10416f812fab7095fa90ee27355964
moby	04	moby.packet.rgba_multipliers	1735	601408	a90b2d074776cc76d4dad05022db5748cccfb384
moby	04	moby.packet.secret_indices	1735	2565	6c91fd24ca25dfd724252fe64f52ab8c3fe047d4
moby	04	moby.packet.st	1735	591972	53cda40bf734572c7882f3b177f42da2930fad70
moby	04	moby.packet.state	1735	13880	e5caed5a549c3f190619d42d5a955f15280646b9
moby	04	moby.packet.table_header	1735	54656	c5fc6a0473b41f68865ebad61a56399e480ef3f0
moby	04	moby.packet.texture_indices	1735	3320	4f3d30250ed0457c564f626bcaa9cee03b9a18df
moby	04	moby.packet.transfers	1735	1008	9f0e94fc82e1f3d94eb36be436bd1182cc6aa151
moby	04	moby.packet.triangles	1735	2411952	bfc78464aa111f982ad943a45e57c41790ee1892
moby	04	moby.packet.vertices	1735	5789072	c299c12c2e0d3b2f4c2f2c315534a0f963d151fd
moby	04	moby.packet_counts	160	1920	7f388264f23f343324b0f9d054c4d251594cde8d
moby	04	moby.sequence_pointers	160	3052	5823346b53286e796929e68fe69ce9d952f97eb6
moby	04	moby.skeleton	160	100416	8ea12ef4f3d70bf66c212a08c109291bb5be841e
moby	05	moby.common_trans	147	30720	07ef3c34f9c410505257b9391b25bcfd62dff63e
moby	05	moby.header	147	10584	e2e4a5d579923390e63893e84f9a1759b50dc14f
moby	05	moby.o_class	147	588	748b209d0e1c1629a5e84644d33193525e121ae5
moby	05	moby.packet.duplicates	1461	37760	892d0055f5f350e2214cb656e5e24a3168380eca
moby	05	moby.packet.entry	1461	23376	1b2c69d1be1ed0f70de774523a2ef3c86e948a6f
moby	05	moby.packet.index_bytes	1461	180860	d2588eda3ffdbb16bccada787987157fb7d9ff2e
moby	05	moby.packet.raw_vertices	1461	1759104	04e551e45e63b80502b34790ffb268c10f17c8f1
moby	05	moby.packet.rgba_multipliers	1461	490832	daa7afb9ad6cfd3b26dad2a44e0eccee247a3a7c
moby	05	moby.packet.secret_indices	1461	1989	86eca66bc5289113e12e5974675d0bcb308f7d5f
moby	05	moby.packet.st	1461	483464	b1e5ada9ebaf92f13e1e976b84204ea5967a83e6
moby	05	moby.packet.state	1461	11688	db46b4df42ed69159fca086437c768071149da2c
moby	05	moby.packet.table_header	1461	45888	903fa2791f864c280c26362a104a0ca10d9d8873
moby	05	moby.packet.texture_indices	1461	2112	6104f13d138b9470e5f963ea6b5dbc2a0e4c7c54
moby	05	moby.packet.transfers	1461	922	c07422c6534723c37ef01efea3575711b0ca1695
moby	05	moby.packet.triangles	1461	2062944	a21d7263567e70134d04e95b79fe778002b682f8
moby	05	moby.packet.vertices	1461	4758246	724704733caaac67993d80276f434ddba2f5e74a
moby	05	moby.packet_counts	147	1764	9bc5716c97f03c17ded957f8287d171a7ae2393c
moby	05	moby.sequence_pointers	147	2800	2b42206de994543b2077adeff3c24dfcc225400a
moby	05	moby.skeleton	147	122880	c9dd79a4ce098ad80067ee2cfaace311cc6c2a26
moby	06	moby.common_trans	165	21568	13eb33912b2a4310630318620a1f99d8f4314089
moby	06	moby.header	165	11880	9f57239cb3ebcd4f04715dec2ee5f0b5826e9ca3
moby	06	moby.o_class	165	660	7755bc1ccaf4b0d6ca9bcbf64afad3c13c7d6263
moby	06	moby.packet.duplicates	1388	35040	9ef40b9b0605d6c5dbd80cf985d6f3f68ed6d758
moby	06	moby.packet.entry	1388	22208	10e6d8ebcf3d56dd93238d42fe68ff8534dcaded
moby	06	moby.packet.index_bytes	1388	166996	15f56c3fc93e853114fea2246a82f05a4b7751df
moby	06	moby.packet.raw_vertices	1388	1668336	ec0e1ae5e489bda82aa46a57746019aaa68f4854
moby	06	moby.packet.rgba_multipliers	1388	461600	e9e358ce200af8f579876cc35623f88062d07f92
moby	06	moby.packet.secret_indices	1388	2176	e0d42e472e1e3dde080f802db063871416b1458f
moby	06	moby.packet.st	1388	454340	bb337126c8abe524562ec7b463b8aed1624ef2d8
moby	06	moby.packet.state	1388	11104	9d0376a1310768c58507bbfd0d49871c5dc92896
moby	06	moby.packet.table_header	1388	43456	d79ab8fbea322f690a5785502951057b9b90fd0a
moby	06	moby.packet.texture_indices	1388	3152	e4695fdce7800fc914b591b2e5a8063cb1c2f734
moby	06	moby.packet.transfers	1388	674	016e5fea64c6db1e292182c5edf2a8adc064b612
moby	06	moby.packet.triangles	1388	1898736	60696a3a7c9b2719eaba8a1d9b99315d453656a8
moby	06	moby.packet.vertices	1388	4500872	8d3109ce1d68fd023e3ef12639ec260ef679c444
moby	06	moby.packet_counts	165	1980	0beea3a0c34503f6eccb59b16fcac374c50f366c
moby	06	moby.sequence_pointers	165	2964	a94425fcd28aca7f06d8c32c93bc36b12249ad5f
moby	06	moby.skeleton	165	86272	5d3fbd0d40126a42f7080d9a69e3a54135e38784
moby	07	moby.common_trans	181	21968	d03c3c9e0bc19e4eab510c82df2a7a743ab47608
moby	07	moby.header	181	13032	d723bd778fc2f3824ae760faa3d3cc802bfd0225
moby	07	moby.o_class	181	724	5df96248418a398e278b2017ec130e4b6b562674
moby	07	moby.packet.duplicates	1234	24082	185e6bd190125303a38e7f06e7486cd3ca6e5842
moby	07	moby.packet.entry	1234	19744	955cbb83c999cabce39c6a167501fdae5a8b4e23
moby	07	moby.packet.index_bytes	1234	147712	94e6b3699034dd7a22807ea09e843395458278ce
moby	07	moby.packet.raw_vertices	1234	1518592	160b64cafe6566079d08b912d4514ffce62d8522
moby	07	moby.packet.rgba_multipliers	1234	406064	7f92857c513f2c9b876ece7d98b6e8634b81b1d5
moby	07	moby.packet.secret_indices	1234	1663	b649ce5c138da13528441d3436b920280655361a
moby	07	moby.packet.st	1234	399540	f81375137f293c3f33f7b6ecdf8bfa4e393247ed
moby	07	moby.packet.state	1234	9872	0aabdc18063f07fbd207fb2cf085d0748ec3db92
moby	07	moby.packet.table_header	1234	38688	d98f89579e662d6b8395a4f4f199fdf64a0e1fa5
moby	07	moby.packet.texture_indices	1234	1716	cfc205f0067ef6183e7e1b47d1fa69a722000216
moby	07	moby.packet.transfers	1234	798	3a3f878a95a9d3e285a0893d7e3ede4bd75c8391
moby	07	moby.packet.triangles	1234	1684736	bfc2d71b021b8fda45adb546f3874d5f3bfe176d
moby	07	moby.packet.vertices	1234	3948390	a0d9698334e6b7e4cf97f3f7ffb5d8b25eabb28d
moby	07	moby.packet_counts	181	2172	0ea05c9623d0cdd024c8089e4482fec9f0ab6a79
moby	07	moby.sequence_pointers	181	2908	da5a21b7d196d3ec4c68704624a04dd5bc8ba3b1
moby	07	moby.skeleton	181	87872	41645256517e71a047ba27980abdedc90cdbf56e
moby	08	moby.common_trans	181	28880	12431a46dc7f01ea52e437b72f2e9e204d746ddb
moby	08	moby.header	181	13032	20970cbd44c0318fb6683d51aa8aa783209262f0
moby	08	moby.o_class	181	724	e43ca3e5d8d01afd00307822ef5475f83d42815c
moby	08	moby.packet.duplicates	1498	29396	fc6a6862c2e4cfecf3e0221e81297858e579ce92
moby	08	moby.packet.entry	1498	23968	820dbc0412b0e25fa1855e1b6a17c799bf43d41b
moby	08	moby.packet.index_bytes	1498	178752	af9ae5009d2f618bbf38334510f4de66271647ad
moby	08	moby.packet.raw_vertices	1498	1865712	0f10354d7b8e90698885e95064a4ae14c21eb48b
moby	08	moby.packet.rgba_multipliers	1498	501296	db35ae04b7d1bcf6cf0e20502840b978937ac58b
moby	08	moby.packet.secret_indices	1498	2115	2f40853f2da6de9eadb06992b9201a831cb9e778
moby	08	moby.packet.st	1498	493196	5f72746a425a9cde42655677e14a228b0930fb05
moby	08	moby.packet.state	1498	11984	046b071120b4b351cf7d39bf3c0895acad6810e8
moby	08	moby.packet.table_header	1498	47072	848e7729f2305f498ae084788cd964a923b50517
moby	08	moby.packet.texture_indices	1498	2468	1d37014f1795f15b38285c2c03ef46182d38be9e
moby	08	moby.packet.transfers	1498	970	a3de518252e95c128459d9ad9dabb95ad04187ed
moby	08	moby.packet.triangles	1498	2029328	931a03e5dd3cd20919e0c11e069359c6159c691a
moby	08	moby.packet.vertices	1498	4850700	ed86aaab8b055d4bbef6eecbbfa25accbb77c9c4
moby	08	moby.packet_counts	181	2172	a81498b522a8899ae35d8989df3e4cfea142cd32
moby	08	moby.sequence_pointers	181	3168	49ad67c4f78ed606911efbc6467f60360e48a65f
moby	08	moby.skeleton	181	115520	a8c914bbd84d2e5eadf527117b3c3d94d9fd9754
moby	09	moby.common_trans	159	17104	818d9fd1bf30afb028a7180f4c0d179a006c3c1b
moby	09	moby.header	159	11448	3eadd05f36f4d65e63d7037b0b115aafc6b5dfdc
moby	09	moby.o_class	159	636	aa86203a7df5f69e764ee9451537e6d8012f05f8
moby	09	moby.packet.duplicates	1315	26964	6dc0756e0ecf8a6c5045a6852b77a0e7913367c2
moby	09	moby.packet.entry	1315	21040	c83b815fa31196ee840c41c37593b51ce4ab545e
moby	09	moby.packet.index_bytes	1315	152552	6e2d99ce8a41c25fa7157fe086c1819875548f78
moby	09	moby.packet.raw_vertices	1315	1628848	ffd7c0f5e9ea06cf590962be0af6f585df494d02
moby	09	moby.packet.rgba_multipliers	1315	438512	45ad3c4601adb64dbe44ef01cd90fe0fc9af6371
moby	09	moby.packet.secret_indices	1315	1961	56048b60578df19731732e957a82ce791344c072
moby	09	moby.packet.st	1315	432136	07f42ad5d17f812356d793ce32b59eee4fba0c82
moby	09	moby.packet.state	1315	10520	0169ec34662bad160fc2bede4964b1074b98c3a2
moby	09	moby.packet.table_header	1315	41280	5f62d1bc53f5d6a9421d3726841694a888f7bb1e
moby	09	moby.packet.texture_indices	1315	2584	e5214e453f5bc053d8cfe51b0edfbe572eb6288e
moby	09	moby.packet.transfers	1315	832	6603585a63ebf1dd427a2c875c293fe109a9a2a9
moby	09	moby.packet.triangles	1315	1722480	eaf54bcb2cf88873df5677b6d70ebf663120b797
moby	09	moby.packet.vertices	1315	4258052	ef9952bf59b300eb11db2cf271429688516145c9
moby	09	moby.packet_counts	159	1908	46c92e3348502ff52778f94be09c58a2e23a83fe
moby	09	moby.sequence_pointers	159	2844	37f38d6457845d8f64fb5ce9683742baab268d8e
moby	09	moby.skeleton	159	68416	7a340c92ecebfb1faee390f20f8f4f71632b2d72
moby	10	moby.common_trans	158	22544	c9481c7e61aa62de7287408ad0109a70931fd7a2
moby	10	moby.header	158	11376	3bbfae6829cf8d74fee236ad6fd4719784df9302
moby	10	moby.o_class	158	632	639a56b927c280588df168acfcb68342409e98d8
moby	10	moby.packet.duplicates	1235	27298	2ee29460b89a3cfd279cf3e0df46d575f50ed3e7
moby	10	moby.packet.entry	1235	19760	a69170fb026ee3fe626eaadfc938baf787463099
moby	10	moby.packet.index_bytes	1235	150228	71461136d0970c0bd697df79f333a34e83f297ce
moby	10	moby.packet.raw_vertices	1235	1509392	8162f5da491bb887cdee96e2de7bdba7d4ec657d
moby	10	moby.packet.rgba_multipliers	1235	408256	f1fc9ec94b104d0c9b31f12e81bf7a51a4913bdb
moby	10	moby.packet.secret_indices	1235	1797	2ccefdb06b9ac946349f14fe5ccf9b325ecab585
moby	10	moby.packet.st	1235	401872	2ec8f7fee807b64afe4b6ce3fca07941cdfd29df
moby	10	moby.packet.state	1235	9880	b54d5af972513b11b6799a6141d09318b6f405cf
moby	10	moby.packet.table_header	1235	38624	a838971f9176dd1ba2ad13cf349e6284d03b4665
moby	10	moby.packet.texture_indices	1235	2248	4ad05d18dca5554175411e4fce2a6d0a84e82f0b
moby	10	moby.packet.transfers	1235	758	cc0f84a86770b3da1182caa38e8eeeb25857d5f4
moby	10	moby.packet.triangles	1235	1710864	b5ddf69187866efb587357ce6114d23a2b07d97d
moby	10	moby.packet.vertices	1235	3989848	5756627fc0895e6cba372343cce5f3e39321f217
moby	10	moby.packet_counts	158	1896	510ccb8d17b6492b6742235c59d714e59e9c2c4c
moby	10	moby.sequence_pointers	158	2956	33922ed442287c8ab3bdfbe565c042fca9f2cab9
moby	10	moby.skeleton	158	90176	7861178800d896e60f3db3c66c28f80b0f2ea141
moby	11	moby.common_trans	150	25552	971d103f85e07f6b0bd13e9e39424a7ff5e18ce8
moby	11	moby.header	150	10800	7e46acacfb5975a768c0f483c5fbe5d18504408f
moby	11	moby.o_class	150	600	e3d556c7b2fd0c0443bc39f854ba87955571366f
moby	11	moby.packet.duplicates	1262	31550	967f0a38fcde8640f88b62f4c1b1697242af85b4
moby	11	moby.packet.entry	1262	20192	a690b312fd45b9d47eb4915a1b259b00cb194ef6
moby	11	moby.packet.index_bytes	1262	154000	5b427aa9d245a37b8a426ee68ed8bd8e81beb218
moby	11	moby.packet.raw_vertices	1262	1510864	b3445ae06207390deab55617769ff0f3b5a34725
moby	11	moby.packet.rgba_multipliers	1262	416224	c3a6eaeaae4eb0f7c971af6914c1a7a2a726c9f4
moby	11	moby.packet.secret_indices	1262	1705	d6553556c4c9dee94fd9bd85c877fd8f78e4a5c4
moby	11	moby.packet.st	1262	410132	642da9a273f40c6c76901dce8cb95bf47c1e5f30
moby	11	moby.packet.state	1262	10096	8cc3968ba1f5f8ea7826416544b1cdf5bee15b91
moby	11	moby.packet.table_header	1262	39456	b0c5d4451055713dbba38b548149a26eef7d6b79
moby	11	moby.packet.texture_indices	1262	1772	8a18fb33a883eebfa53e804d14e3a70f9e800ef9
moby	11	moby.packet.transfers	1262	868	97a8c6e2f62b063b0752668dd63436872c0e4f1d
moby	11	moby.packet.triangles	1262	1745456	f76749d13f74fe2d4b0468eaee33b01984d41ace
moby	11	moby.packet.vertices	1262	4072004	5b1a3cdab2bc4ce6a8b6eee1629bf366939e2db8
moby	11	moby.packet_counts	150	1800	5a020aa655cbb168ebb63ea9da59a330801a4736
moby	11	moby.sequence_pointers	150	2816	83a7da5c4b3ace9a77f815ea4ec6017f67cc5cab
moby	11	moby.skeleton	150	102208	8b0fac3ab1eca9645c4a95b93db422ce2d28ddd3
moby	12	moby.common_trans	138	23728	761a4b2f2e2192cf16efe98a62c1f5d8665357b8
moby	12	moby.header	138	9936	a2cf963712277bf3c5c0d0e17a117e42ac3b154c
moby	12	moby.o_class	138	552	52d9c4f65ea41e87d2a397b5e79f46984b03de16
moby	12	moby.packet.duplicates	1411	33760	b8e4cc52f4f03e71effee304c4a877c77c104f30
moby	12	moby.packet.entry	1411	22576	055e9dcc9e493e148a883fddf378f77f7d3372b2
moby	12	moby.packet.index_bytes	1411	167524	e66ec0b33748765f9649181167658f7a3effd8d1
moby	12	moby.packet.raw_vertices	1411	1726288	ed2e51e4c2ff3fac9f2df19be7abbbf14d6889c0
moby	12	moby.packet.rgba_multipliers	1411	474528	195f30472ec157ef6cd180bc66355b43ee9f7458
moby	12	moby.packet.secret_indices	1411	2153	588fff7b9e70910842e195ebe1cf0849225164f0
moby	12	moby.packet.st	1411	467252	7e6e4ce0943b7c927c368defc3a94b1f065940d2
moby	12	moby.packet.state	1411	11288	d6c3058b932a82b96e6300974bdafa0a3cc25933
moby	12	moby.packet.table_header	1411	44256	4651ebb3f897991732aa83c2dd6e95ad609cfe17
moby	12	moby.packet.texture_indices	1411	2968	a703e1eb903b0d98d28ce3120e9a4fddef311044
moby	12	moby.packet.transfers	1411	762	2f6f15666d86f311f8e46ba39fddf989a5237519
moby	12	moby.packet.triangles	1411	1914160	5ee4aa3e72be29938fe6ffebf6464387682c7ae4
moby	12	moby.packet.vertices	1411	4609438	4b30b0ea073bf9426a4a83cb9d5ce3f7fa2c47e2
moby	12	moby.packet_counts	138	1656	9be23c2c6c5c18e83414b7c86e7dc324dbe2f6bb
moby	12	moby.sequence_pointers	138	2824	9e1205d10f2c959d17b03050c8cbeba4d1438c07
moby	12	moby.skeleton	138	94912	03ec9254cf1790e44b54b8e4ec07352b499401e6
moby	13	moby.common_trans	183	23040	1693e4c2569108f131c51b09bbf49ce346d1ebd5
moby	13	moby.header	183	13176	d8058c523c4951109eff96495f659b544e78339a
moby	13	moby.o_class	183	732	80785e74cd228198dac24032c1cc1b8495e2fa16
moby	13	moby.packet.duplicates	1744	36874	4f74edda4d5f80753e08e3825485d9eb6fadd63b
moby	13	moby.packet.entry	1744	27904	751e64fdf3013f615b13217157e0b08e55e4d297
moby	13	moby.packet.index_bytes	1744	208060	69d29026cf14abe5fa0582ad31c77a79c84d1ad4
moby	13	moby.packet.raw_vertices	1744	2174912	9bbf2ea672ac5f22e9b0eac9097b7b822797bd42
moby	13	moby.packet.rgba_multipliers	1744	578672	9da2cfe017388cd6a0faacce3df99ed007012255
moby	13	moby.packet.secret_indices	1744	2536	50c68211a79b53c9d9aa432a6d578b29ab085a04
moby	13	moby.packet.st	1744	569848	0571947aebd22a9ecac96564bfb97179dc789424
moby	13	moby.packet.state	1744	13952	a9c8d04129c07a61023001420db8c4c99cdf4e0f
moby	13	moby.packet.table_header	1744	54272	e0600e14c1eec52270bc25ceb182d3af5067e9da
moby	13	moby.packet.texture_indices	1744	3168	d4c39d6f84e31f45fbab971f3978d9e6dded2b8f
moby	13	moby.packet.transfers	1744	822	a09a6f377474310623d65f8824a8258e721aae70
moby	13	moby.packet.triangles	1744	2369248	46fc6af5c02415f074d41acb2fb4247bc788a8b6
moby	13	moby.packet.vertices	1744	5705244	adf75f81d345fda82e664d42115247405644ede2
moby	13	moby.packet_counts	183	2196	1d037b2098990a423e3f682ef357fe386a2d4a47
moby	13	moby.sequence_pointers	183	2904	a6ee4757e6862337011e2965624f332d9f8119b3
moby	13	moby.skeleton	183	92160	d28dd5ee7f75c2dbfc5976534ab36de978738296
moby	14	moby.common_trans	148	24208	8d788b4feda910c13559d2eed140f1a4e79c49dd
moby	14	moby.header	148	10656	4259951482e5b230dcf103ac2066d3980d4175b1
moby	14	moby.o_class	148	592	4aebfef7e9afd17165bd653423a90cfc6075b96d
moby	14	moby.packet.duplicates	1600	35722	cf9a8257c0d2d8f6c632aa9066bd054d31037515
moby	14	moby.packet.entry	1600	25600	ae45065f96136965fc3fdf554edf5dd6f99396be
moby	14	moby.packet.index_bytes	1600	194744	fdce2ad007739460a98eea199c575e5de027e150
moby	14	moby.packet.raw_vertices	1600	2026896	6e02624c2a9980d412821942b636eae06583abd2
moby	14	moby.packet.rgba_multipliers	1600	553136	537b07574275bb45906092f30d1a07ec11c02285
moby	14	moby.packet.secret_indices	1600	2038	7912305e0937c356626734a6cdbd876775b41b80
moby	14	moby.packet.st	1600	544856	cf3013245db30dfa64efd1c613b9a7640afa11db
moby	14	moby.packet.state	1600	12800	c1cbde52b97f716e48805e851048a56513df63a6
moby	14	moby.packet.table_header	1600	50336	cde14d4a0acf285c3b1cb77329093dd728c8a1d6
moby	14	moby.packet.texture_indices	1600	1752	7dcd9a65ebfaa1707fd1ff62cc92a424d5bb46e5
moby	14	moby.packet.transfers	1600	794	b257fffffad553ac03c4a7482ba2f72271e22c49
moby	14	moby.packet.triangles	1600	2189632	0ced9ca456eb4251eb5e451b19edc8c0347f39a3
moby	14	moby.packet.vertices	1600	5341470	6bb2ed47e3193d30120dcb7e2da9bc27a9b9880f
moby	14	moby.packet_counts	148	1776	b9eebdaf41e9947edaa16b997eaaac19b19a7b46
moby	14	moby.sequence_pointers	148	2780	ba1f73e4d62e1182c4955952d22ae819fcd1658c
moby	14	moby.skeleton	148	96832	a93feb1eb4a637e2f8bee4f3c2a42e6d26d9a8ca
moby	15	moby.common_trans	152	22896	fc0812f1b384b8734d0701c0e4667b5411d2a605
moby	15	moby.header	152	10944	08892a370ed537bf056d30e59e24ce67bba39de7
moby	15	moby.o_class	152	608	eb2c6666d360b288559f751a06f52eda1d85ec54
moby	15	moby.packet.duplicates	1448	31590	4b300782cf66f397c76803129abcde5332523864
moby	15	moby.packet.entry	1448	23168	37247a998cea3c601b87629a6898ccb51d956c8d
moby	15	moby.packet.index_bytes	1448	174168	6d0b1367e58cd5160590fb3fb59dad5f9fe34f40
moby	15	moby.packet.raw_vertices	1448	1812896	5e157bae8d22ea489e44532a36eb510eba6ab3da
moby	15	moby.packet.rgba_multipliers	1448	493792	bcf31ef531a7a8dc71b9ce3c3c5ecda18650103f
moby	15	moby.packet.secret_indices	1448	2016	764109a7fca06f95fd2461262c5485084abe5ca4
moby	15	moby.packet.st	1448	486180	ae7f61ef4d611a55d81e5634413bfa5705e1def0
moby	15	moby.packet.state	1448	11584	9867a5c3c047f3a37535a49ac277953d0a6d79ba
moby	15	moby.packet.table_header	1448	45536	59bc91bbe17792fb82f26a25123d1d189740d003
moby	15	moby.packet.texture_indices	1448	2272	efd5a08a41a66a8698b94cfd7a3101903b5c3344
moby	15	moby.packet.transfers	1448	662	71a9b63d0b2a041494d5a2051674d56f5ca2587c
moby	15	moby.packet.triangles	1448	1969808	9b96c3e8a36ba9da356bd93db1d54b014710647f
moby	15	moby.packet.vertices	1448	4771470	5e38f4006dc04f85f6ee63e0625e18a85ba2e574
moby	15	moby.packet_counts	152	1824	2324be170b67150614f1a31bf5f6e51a3ce6e57e
moby	15	moby.sequence_pointers	152	2916	08382578e1bf6524ac7b4defa0bda53a958fc531
moby	15	moby.skeleton	152	91584	74d3442b8c059e9d5d961e24ccc0af560605649b
moby	16	moby.common_trans	155	22192	ad8ca3c2cf175269717162a80046547d65c331c4
moby	16	moby.header	155	11160	c7f9700d442046b08fbeb956ff7bfae844587f61
moby	16	moby.o_class	155	620	4449cdbff6923cac0ba8ab5428d9923ea0882b2b
moby	16	moby.packet.duplicates	1296	27458	4e9ac1488992b5849ba8ed004ce192743839aa72
moby	16	moby.packet.entry	1296	20736	509d367ed8958ce99f928b85e1888d2c8162ae05
moby	16	moby.packet.index_bytes	1296	154540	92435214c6cfbb744e587856b0fc026b348f9b60
moby	16	moby.packet.raw_vertices	1296	1595216	f58f2dc23ec930c1559a73a6ced587ba80af249c
moby	16	moby.packet.rgba_multipliers	1296	428192	54708023602e71a3c740bfb0fabec833c67e9ce7
moby	16	moby.packet.secret_indices	1296	1901	ac9056e4d5bfc48ed439f97a04d37e9442f0fec1
moby	16	moby.packet.st	1296	421300	3314443fd72db408e936e1b76de5ec8b7c916179
moby	16	moby.packet.state	1296	10368	8ea84d87dc064072db49ad45e2252a982a34323b
moby	16	moby.packet.table_header	1296	40496	abb609806177db9e42e094fd2ab79acc826d1507
moby	16	moby.packet.texture_indices	1296	2420	c4314718efb6a5dce3665886215ad08beccf96f1
moby	16	moby.packet.transfers	1296	702	8e888410db969f360c59d66f1359e58ac72e2825
moby	16	moby.packet.triangles	1296	1756336	fbe72c093c4d1e52d91d2181532234e98ca87660
moby	16	moby.packet.vertices	1296	4192198	01febd5c7718049e17b5c89e71c9d849c8c4937e
moby	16	moby.packet_counts	155	1860	ea495c5e953ace4f98643f9dab71442ac20e674f
moby	16	moby.sequence_pointers	155	2884	188e00cec210f00b4c7c991b71f8d15a98e4a283
moby	16	moby.skeleton	155	88768	b57c5fb39987b4bbba13bfd6068549403fe1dd3d
moby	17	moby.common_trans	149	17824	097e9a821e66fec7edf20815460a36edb94dd0ed
moby	17	moby.header	149	10728	0a3289ae2e805ddb1191c0a8cde2a2697928f051
moby	17	moby.o_class	149	596	face58ee06a81273f8c600350476688dbf6daea3
moby	17	moby.packet.duplicates	1117	27216	4c8e1872fdb9e9fd6f3c47cf1d205c27736eb6a9
moby	17	moby.packet.entry	1117	17872	5e1efb94248bc5ea2fdf8740b70a0948062ddd59
moby	17	moby.packet.index_bytes	1117	132400	be34db0855b679cf58a0988c6de63a5ac9d0e50e
moby	17	moby.packet.raw_vertices	1117	1338704	6f590e941e96fc1152fb7c047cb6765f8deef93c
moby	17	moby.packet.rgba_multipliers	1117	368128	4235557836cb069c41c9f0ff8f312b6cbf551db7
moby	17	moby.packet.secret_indices	1117	1654	387400ce7fce45048cb280b9b15d650eec41bb4b
moby	17	moby.packet.st	1117	362248	aa67c20b597d659e3e97d3f9ce422478ba08ae9c
moby	17	moby.packet.state	1117	8936	baa80397aa40a9b80df9eecc89b6e2718f5d82eb
moby	17	moby.packet.table_header	1117	34944	3fce7c8aed2375ac0a3c6a8b9975cc355bc406b5
moby	17	moby.packet.texture_indices	1117	2148	856ec7ef3dcb14922da584d62586d6002eee93c2
moby	17	moby.packet.transfers	1117	632	4f5f42b645692e99f78dbe35c9a1fb445203e5ea
moby	17	moby.packet.triangles	1117	1485376	ce6cc9edee58fc5dd53f6b91f04703956e698d8a
moby	17	moby.packet.vertices	1117	3594116	96da7a591b548a55251d557725fc244fa2e4862b
moby	17	moby.packet_counts	149	1788	e1dd756d2cd04b24a603568ab19ea634d901849b
moby	17	moby.sequence_pointers	149	2776	8c4a766805b18ee66e7ca1de059d0d3310860575
moby	17	moby.skeleton	149	71296	4f7475d18471fd12c59f6e1b713dcdfc37cfd3d9
moby	18	moby.common_trans	147	22880	a2d0d1e0df42a030be3fa3942f83634d7e8793d4
moby	18	moby.header	147	10584	6b01c211e96d2c89b73ba7d5815e7081959819f4
moby	18	moby.o_class	147	588	43ea0a36ebb92f61d6c4b6765266c971bbb3bd88
moby	18	moby.packet.duplicates	1268	28276	42bbf4dae598c8eda8db92d990c6b11059309d92
moby	18	moby.packet.entry	1268	20288	67da86f7b1851dbe06fd9919353cd396f20b3b85
moby	18	moby.packet.index_bytes	1268	150624	88411864bcec21994f284b3c5f2221890cbc737f
moby	18	moby.packet.raw_vertices	1268	1538736	6216f96391581373871e5cc9766bb074aaedd63f
moby	18	moby.packet.rgba_multipliers	1268	415216	9fba601d231d892ce4110fd754046a702f4541a6
moby	18	moby.packet.secret_indices	1268	1877	a22c842a267a2421f033346891291d99abd776e3
moby	18	moby.packet.st	1268	408692	6ac4a264d9722f9c9e2f2ac20c6df22a559d18ac
moby	18	moby.packet.state	1268	10144	d7d00cc66a0571a1b50de4a56a8be179ce1bf438
moby	18	moby.packet.table_header	1268	39584	d7b23478cfe6859686198bd3b342a7cdd1e01119
moby	18	moby.packet.texture_indices	1268	2436	5a88940bffaa81657f4cd80aad1a19952d691496
moby	18	moby.packet.transfers	1268	716	efc2e037eaa60d52c0ccde4ebb837d7bf069647e
moby	18	moby.packet.triangles	1268	1730848	fc5144f0cd594adcb14cad394f77754ab97930d2
moby	18	moby.packet.vertices	1268	4075652	b07b6f3ad2f17cc7a893e044fb5dd29828718eeb
moby	18	moby.packet_counts	147	1764	a76f010e71082c8631e5c43f615f1f1fd779ec75
moby	18	moby.sequence_pointers	147	2816	05edf8ae4243eca25a3f460a0a7bc90e5bf18305
moby	18	moby.skeleton	147	91520	fad876dcf14f292600387386bfb9f80911c69389
occlusion	00	occlusion.cells	1	26008	d4316200efded02eba4b3dd1cb10f54e1db43e7a
occlusion	00	occlusion.mappings	1	13480	cad3b3518fae68511f8c1a9aa95f2fb736c44244
occlusion	00	occlusion.moby bits	1	592	57da48cbc1ea689b37441b8327a159050f05f267
occlusion	00	occlusion.octant override	1	0	05fe405753166f125559e7c9ac558654f107c7e9
occlusion	00	occlusion.raw block	1	426112	9f86f97cb6f605ac16a34afd9d09d4b47f2755f2
occlusion	00	occlusion.tfrag bits	1	920	ebeda97530725d2b310edc0d78f3c8689fa42f8a
occlusion	00	occlusion.tie bits	1	2228	724b8db51b4f2dfd1fdccbe658ea2ad98039f5d9
occlusion	00	occlusion.words	19509	78036	c58b0e77c10b97be830837d43885df5cd3a17f45
occlusion	01	occlusion.cells	1	48312	4d4bf0c7fbde5f920be33eb1001b58a91cca5c44
occlusion	01	occlusion.mappings	1	23280	466e6e9690f54c5c870daee657dea9c977d5bc5a
occlusion	01	occlusion.moby bits	1	1966	38e9d21dc24ca09b98423ab1f4a67568fd5b3e60
occlusion	01	occlusion.octant override	1	0	05fe405753166f125559e7c9ac558654f107c7e9
occlusion	01	occlusion.raw block	1	383616	bb5d83dc396a7df3203dd7125a7ce385d4b4763a
occlusion	01	occlusion.tfrag bits	1	2008	d65368adcd5510e66be15840e7749f861a769540
occlusion	01	occlusion.tie bits	1	3016	b2ba1569b7c0b9e9b03330bc9bcb7e1d29379a61
occlusion	01	occlusion.words	16941	67764	fd6c0eec7a42fd45c803cb267ca50afd57f7901f
occlusion	02	occlusion.cells	1	62472	fd6bcfb25c24847858165f7695bcf60865269e69
occlusion	02	occlusion.mappings	1	37912	96e940a18c1613838ab34e4fdd99d4278dea7eb5
occlusion	02	occlusion.moby bits	1	1550	84674ceb271c619d6fbe49b923e104733f501720
occlusion	02	occlusion.octant override	1	0	05fe405753166f125559e7c9ac558654f107c7e9
occlusion	02	occlusion.raw block	1	608640	faa5cda74e27bad609eb30f6655abbc4646d1081
occlusion	02	occlusion.tfrag bits	1	1390	3a074510c5e032f6d538d38ddb6ca6a2b250ef95
occlusion	02	occlusion.tie bits	1	7502	431fab8438cb598ae0c97eadce9a097e24e42d82
occlusion	02	occlusion.words	27429	109716	a0cdcb74d99729f9e9a69fd4b16c5d1526bd9bef
occlusion	03	occlusion.cells	1	131560	14c9d0968ad485b9faaaa699ab7e0a7cf1e25d51
occlusion	03	occlusion.mappings	1	52264	08fc799d339b17c6971e98ac6d78ea7a61df6dd2
occlusion	03	occlusion.moby bits	1	2058	380ef5e4edcc0ded24ef435dca8a4d6dddda9e36
occlusion	03	occlusion.octant override	1	0	05fe405753166f125559e7c9ac558654f107c7e9
occlusion	03	occlusion.raw block	1	1438720	b89d0be7a004bff16b8b6fc1e5d65c73bb44c190
occlusion	03	occlusion.tfrag bits	1	2012	7116b9a241ec0a5183e536ac112bae90de09dc09
occlusion	03	occlusion.tie bits	1	10210	afb794a492c4481ea20a4c8fb2f4966cfa7a07e8
occlusion	03	occlusion.words	63837	255348	8c590d04037872659c571d81dd34ff6756dde285
occlusion	04	occlusion.cells	1	40024	4fead6c49713e494d1d3c1ec49bf2d35352a40b8
occlusion	04	occlusion.mappings	1	17096	a5edaa9dae3c92c937a616ddfd03046528228ef2
occlusion	04	occlusion.moby bits	1	1072	1a1c12f81199d00bbed7eaea5ad32d4edd9a011b
occlusion	04	occlusion.octant override	1	0	05fe405753166f125559e7c9ac558654f107c7e9
occlusion	04	occlusion.raw block	1	545088	92073c719adec5e36dc3d851f3c30d2294bb36ee
occlusion	04	occlusion.tfrag bits	1	1418	3be243b5c8a492e49da72b6a5438a921afafd942
occlusion	04	occlusion.tie bits	1	2498	0f3e58dc196e2b10dbc6730522e5a7e7ce31370e
occlusion	04	occlusion.words	24711	98844	2e14ae4078845781d65a8002c297f1155ee59fdd
occlusion	05	occlusion.cells	1	127432	ab5276c8eca536ff29fdf69568fbc5ddb3fcfa1f
occlusion	05	occlusion.mappings	1	27032	951e5009035a906860810475644124249df0c9f0
occlusion	05	occlusion.moby bits	1	2862	dd76f2dffeae2230d4f57f7acb039f80e6d00ae6
occlusion	05	occlusion.octant override	1	0	05fe405753166f125559e7c9ac558654f107c7e9
occlusion	05	occlusion.raw block	1	556352	98861da9db8a99029eed967d183f8c5665a63f96
occlusion	05	occlusion.tfrag bits	1	1694	f3b4551dfa7187716d12cebababbdbd13beb8f53
occlusion	05	occlusion.tie bits	1	3710	8d4e411c13a598021af6040bac47b269b1b70fa3
occlusion	05	occlusion.words	22395	89580	e85069b53cde30ac24d37f9e3892c2de9f19d7ca
occlusion	06	occlusion.cells	1	47088	e11018fac7f37fa760295f9a7769ce55d17ec10e
occlusion	06	occlusion.mappings	1	29864	08441f1643c6173e826f91bd407ed5a76a061295
occlusion	06	occlusion.moby bits	1	1532	4d675f189b7df084309fa90d1295e014f54ee355
occlusion	06	occlusion.octant override	1	0	05fe405753166f125559e7c9ac558654f107c7e9
occlusion	06	occlusion.raw block	1	481024	4f7641f069532697d9830c75a631ecfefd21ec04
occlusion	06	occlusion.tfrag bits	1	4288	0e5b4a990ee8a710168e120a6927d14e27b30aef
occlusion	06	occlusion.tie bits	1	2580	9ceb2bf8d4918eca8a57778f612b40626a85b941
occlusion	06	occlusion.words	21099	84396	d36293c9078c734cde7d031e19a271dba25516de
occlusion	07	occlusion.cells	1	72088	070a6da32f81c831c7b82acb9104c12238eab68e
occlusion	07	occlusion.mappings	1	20088	bf78d2cceb20dab67fbf1ffefa77489849622df4
occlusion	07	occlusion.moby bits	1	1298	dcd43a177a4f9af1128af7c834474e3fa451b09b
occlusion	07	occlusion.octant override	1	0	05fe405753166f125559e7c9ac558654f107c7e9
occlusion	07	occlusion.raw block	1	577088	c193b181797260e5523ad1364e65d1e38c49cba8
occlusion	07	occlusion.tfrag bits	1	2054	cfde74538d905bc3219b0d155744af20e73ed041
occlusion	07	occlusion.tie bits	1	2300	afe56845de725107d2268d877c81b7d1b536c8d6
occlusion	07	occlusion.words	25791	103164	98c2d4a7dbe1652b15b12ca79a6c595525af3f4e
occlusion	08	occlusion.cells	1	71856	682adfce32ab9a95723375806cb054002ea486f8
occlusion	08	occlusion.mappings	1	32848	dfeb1ba68b331891547d99767abc51cfb1db93e4
occlusion	08	occlusion.moby bits	1	1694	9a57c035a45e90dac44b9f4db2011f8b3c628e02
occlusion	08	occlusion.octant override	1	0	05fe405753166f125559e7c9ac558654f107c7e9
occlusion	08	occlusion.raw block	1	930944	826a35630b662607a8bdb4b660ab7099b592b2a1
occlusion	08	occlusion.tfrag bits	1	908	0f38b487a557bf4bf9d4b7e653f6fa8afaf06e3a
occlusion	08	occlusion.tie bits	1	6776	9b518e416a8d86c951647f14122dc6440cd7bc76
occlusion	08	occlusion.words	42129	168516	9801cdaf359c3f902f3b98e41db65119bcd3b304
occlusion	09	occlusion.cells	1	190536	c4d2937ae2178846a990094da0c8443c58da3b32
occlusion	09	occlusion.mappings	1	25968	d32309659279905aec7ccc7e41d497e66c680e73
occlusion	09	occlusion.moby bits	1	1816	e30ad096ee2a43f7acd1dbc0806cc9e6c00b1995
occlusion	09	occlusion.octant override	1	0	05fe405753166f125559e7c9ac558654f107c7e9
occlusion	09	occlusion.raw block	1	2959680	2a233219926aeeadbcd538fc0697ca3892249e60
occlusion	09	occlusion.tfrag bits	1	888	ae6615305649d8a5f474ba702fa490694da982d1
occlusion	09	occlusion.tie bits	1	4306	5d146cfe30489ecc63e3ec7185bf9a25d26ed841
occlusion	09	occlusion.words	135699	542796	8944bc4ec9e9d39fa444836dc989f2fa883a734b
occlusion	10	occlusion.cells	1	67184	5a156976e3f0775c6e1d4943a296a5526aa8ac01
occlusion	10	occlusion.mappings	1	25968	8d3199f79259f258539ccd84418bdb5e15f9ff85
occlusion	10	occlusion.moby bits	1	1744	84548fe85fa7c7bbc86bd7b316cf09d554deb97c
occlusion	10	occlusion.octant override	1	0	05fe405753166f125559e7c9ac558654f107c7e9
occlusion	10	occlusion.raw block	1	937088	b5dd5130a68271215b430c3c2cd04f5698f8c86c
occlusion	10	occlusion.tfrag bits	1	1784	2f1c054b9b63d484d08bf99be4d2b7da8d4abaff
occlusion	10	occlusion.tie bits	1	3766	98c9b7f66027795af217cb4ed686d32bd2900d36
occlusion	10	occlusion.words	42471	169884	dbb3d0eae26fc3c78ce7ae243215dbf3771bfd66
occlusion	11	occlusion.cells	1	213808	0fac5bea22be6e36bf6d7f38ee13b4c016ec8f0d
occlusion	11	occlusion.mappings	1	22520	644e37aef6e441ccaaa283ab9fd83581dbd43188
occlusion	11	occlusion.moby bits	1	1440	730f71752d02b824c86b0f125f2c45cb24e47294
occlusion	11	occlusion.octant override	1	1040	f1c95e6b701b6801c85e62e0b98f56d8cf6965ea
occlusion	11	occlusion.raw block	1	2126784	5bacd60281259f2e538d9ed7be45dffd0ae5278b
occlusion	11	occlusion.tfrag bits	1	2340	9d4df251f66196cf8187c85b2a6d3858d1a1db90
occlusion	11	occlusion.tie bits	1	2662	a020f70afa364e8912ab1ec95c540d8d30e0f1fa
occlusion	11	occlusion.words	95337	381348	7152d21f58650c97e53c7470a1a34e8266e85a3c
occlusion	12	occlusion.cells	1	55808	c9af004185296ec89a64caaa8d385197e1d4ac00
occlusion	12	occlusion.mappings	1	47728	f4152784524a2839e8c6edf51e3cd7fa4abdd6ec
occlusion	12	occlusion.moby bits	1	1390	126623b83e0bb8d308198ef23d1aabf0862490f6
occlusion	12	occlusion.octant override	1	0	05fe405753166f125559e7c9ac558654f107c7e9
occlusion	12	occlusion.raw block	1	407232	f2694e4368f0ecdb58ee83ac68eece1d4348ad8d
occlusion	12	occlusion.tfrag bits	1	2216	a58aade709e92774a0724400aad59cb7044dd722
occlusion	12	occlusion.tie bits	1	9208	433ec93d49084a9e6a7503952850f0d6710b700b
occlusion	12	occlusion.words	17835	71340	873715ea28d8a24d5f0f432150e74af969f05624
occlusion	13	occlusion.cells	1	91608	dd61f26020703ee59a7aa0ee1e739f7ff3c9f830
occlusion	13	occlusion.mappings	1	28144	650c957bd2fe37ea94ee550ba4fb19f47cfb9802
occlusion	13	occlusion.moby bits	1	1940	eecee42c440295839fc9eb7652bf4dd65bea0684
occlusion	13	occlusion.octant override	1	1040	0f177ced18c854306f47173b2d560eec80006e26
occlusion	13	occlusion.raw block	1	718592	9b6c3445edc51ad963eab9ec894f126e3a6da9dc
occlusion	13	occlusion.tfrag bits	1	2192	5bfa3c95d85259ee16304134a746d90e8b66eebd
occlusion	13	occlusion.tie bits	1	4080	fadba128c68009c66dcbf0a48ef9f794ae4935a8
occlusion	13	occlusion.words	31761	127044	cd8d187c0ffc625f116ce6b3c4a53e91823c6a77
occlusion	14	occlusion.cells	1	140456	cdeb55ef85520d3b990ebb5434e670582616540f
occlusion	14	occlusion.mappings	1	23256	ab1bc6969ae042eac6c59542034677fdbb8ebc1e
occlusion	14	occlusion.moby bits	1	1102	c837e55b2d2fcef820224aec8364288cc8db671f
occlusion	14	occlusion.octant override	1	0	05fe405753166f125559e7c9ac558654f107c7e9
occlusion	14	occlusion.raw block	1	1605696	e4998ffb4414ca246444db2a79f24c353daa48af
occlusion	14	occlusion.tfrag bits	1	1922	edd018c0e798c883ed46f2c0c16b73f19e36fe39
occlusion	14	occlusion.tie bits	1	3546	2c4769201ebe2573131a647f88416fbc8bca31d8
occlusion	14	occlusion.words	71895	287580	c59026d985ac96f4ddfe3a67ad45b6ab0e54b24b
occlusion	15	occlusion.cells	1	69032	8724504bd8170aeaf11fc98f8eaeda1275cd2096
occlusion	15	occlusion.mappings	1	40056	9461ba43facc1cb5a116446ea114107a217de256
occlusion	15	occlusion.moby bits	1	1820	bd9549ddad95ff8abc1e8ac2cf0f17de2181419e
occlusion	15	occlusion.octant override	1	0	05fe405753166f125559e7c9ac558654f107c7e9
occlusion	15	occlusion.raw block	1	770496	ff890c528ca3bdcb0e6a3c50e8966733d82f924e
occlusion	15	occlusion.tfrag bits	1	4238	e9574300d172f34bd5a07ca6485884f7f4857d55
occlusion	15	occlusion.tie bits	1	5002	ede8a1324d829c41a69207e37ec19c7adbf40d5a
occlusion	15	occlusion.words	34749	138996	9cd3fb781f111283c4dc6f7501eb57f1a29aef11
occlusion	16	occlusion.cells	1	150368	49a3c5d0a7d2a6318d85f26d0bcdfdc87f6ec2b8
occlusion	16	occlusion.mappings	1	42880	786eb255cc0842f6c879999072db1642871d07ac
occlusion	16	occlusion.moby bits	1	3138	25f11f0b2cd50a55f02a329d4f6072568e0b2809
occlusion	16	occlusion.octant override	1	0	05fe405753166f125559e7c9ac558654f107c7e9
occlusion	16	occlusion.raw block	1	1578944	db579ecfcdde9f362e6f1f666b64fe2a96b7dc8f
occlusion	16	occlusion.tfrag bits	1	3538	a62da64bcc22c2cf65a578f3ef07f7d5efc8d782
occlusion	16	occlusion.tie bits	1	6156	3e13225a750f8e1b4a0a0fca1c0aad6a0335c9ae
occlusion	16	occlusion.words	70131	280524	1c6e3d75514cffaadccad23df6eb198a77d3e81c
occlusion	17	occlusion.cells	1	97064	eef0ae18f816b8e6206876644bbdd4777b58aab4
occlusion	17	occlusion.mappings	1	19424	ab1f1d396ec9d0596e5acaf71cd14c88269c9407
occlusion	17	occlusion.moby bits	1	1468	f3cfb87e03b4c4be908f1844e730d78b663883d9
occlusion	17	occlusion.octant override	1	1040	bbb0d05bca2ecfec2a96b801fd887ac97abc045b
occlusion	17	occlusion.raw block	1	787456	a45e2f13f91fb394838d037cb5715b6ca0786d32
occlusion	17	occlusion.tfrag bits	1	1934	5919a9768575b6fb48ff0cc477cee1b53f32afae
occlusion	17	occlusion.tie bits	1	2314	228294c034b9d9cac28dec4eca70c03072f3654a
occlusion	17	occlusion.words	33849	135396	cb0469acef456676f45634180017afabef7bb88d
occlusion	18	occlusion.cells	1	138168	947d6587ade067be54b78b826d613cce13bc1132
occlusion	18	occlusion.mappings	1	41856	cdf5a2210655bbec9de3d3cf330a3193a0075cae
occlusion	18	occlusion.moby bits	1	1982	1aceebb080df75416588017663f5ad86b698cf5b
occlusion	18	occlusion.octant override	1	0	05fe405753166f125559e7c9ac558654f107c7e9
occlusion	18	occlusion.raw block	1	866240	3f84fd1b8280fc3b8e9baa171181f26062f761b2
occlusion	18	occlusion.tfrag bits	1	2288	7262ad2497ab2df32f947131b9a5cfa628acd509
occlusion	18	occlusion.tie bits	1	7564	eb0e67fb71550b228554acf08af207ba3f16795a
occlusion	18	occlusion.words	37263	149052	9c86fe6d4fdc6344e1c41e017cbad4610c682ae7
particles	00	particles.sections	89	1076248	981387afb9b4cecd728b48d5b2327a25d48ace89
particles	00	particles.words	211	844	c4388279e401fb8b54bc2de9f9120f9fc0d480da
particles	01	particles.sections	96	1424520	17df3aec521e27d1f3358ca57b78a00e34d378a6
particles	01	particles.words	231	924	88d2e0b56c66cf2683b447f911ba04221d70c83e
particles	02	particles.sections	152	2158600	24cea81166f08153dc1c8c551036329225b1c99c
particles	02	particles.words	400	1600	cfc3743defbbb99dc90d8358bd8ee0d847f0b9cd
particles	03	particles.sections	111	1175944	6851fcdc825e4976ce347538885f1fb3e85bbbbf
particles	03	particles.words	257	1028	fb41c80ef91cbaed7b1b1a37554489785fc2afbd
particles	04	particles.sections	92	1174600	28830d25af961f18392f120618d6ea8b4864c6e3
particles	04	particles.words	220	880	383820afbfe7e34c3d75edfb377121310419197e
particles	05	particles.sections	124	1515096	ac8e1f09eb30f682eed3479844633b82bcd3f60e
particles	05	particles.words	297	1188	2bd0bb862cdfe14c2204aea65195c02f70ae8fef
particles	06	particles.sections	109	1379688	a20510bed96a7b99f11f9fc848bf7f7e17215b26
particles	06	particles.words	253	1012	e0f441b804b64bc85255ba5bbfb3fb282582ba2d
particles	07	particles.sections	141	1793896	6462b33ae3bf67e749e3b36c4c601962bbd13673
particles	07	particles.words	351	1404	ab68362103626ec6de99585c5bbf10381703be61
particles	08	particles.sections	136	1748776	690959d379670e121198147df1ff0935257e719c
particles	08	particles.words	324	1296	d2165b2d48599e2007f03d08f0ce66ac5735747c
particles	09	particles.sections	107	1494328	1b1daf1eaa8b5dd024cdc6ac6722dc42048325ff
particles	09	particles.words	264	1056	4f74bd2885912e161740264db3c99aa778e44422
particles	10	particles.sections	110	1371512	4cf01fc4753dc3c30a9be0d4ffd03fdb6dee7f38
particles	10	particles.words	255	1020	d25d4f4ea0b37510432aac6041f243b84cd338ac
particles	11	particles.sections	113	1933720	ab6acb5901f19177b603326ac327b97c36f11181
particles	11	particles.words	283	1132	ab348f9c844d67cc2b61d73b453d44098749f528
particles	12	particles.sections	111	1633672	029d8a8cdff030612803e68abe92941d7b0e23a1
particles	12	particles.words	261	1044	68d35b9e0c49b8bdbdb1d0e44f2beabd013c892d
particles	13	particles.sections	104	1749256	64a76345323b6b8a064a3c0e92f26ab54f966db1
particles	13	particles.words	254	1016	b3a2eb692b1b0742f73d5166ff9649fdad8e12d1
particles	14	particles.sections	107	1260872	5a2527b16dee1b40b33de7b07cc4c2a6a0a1c257
particles	14	particles.words	253	1012	197dbd03beef1d323c9d6a004a875b2e537ea448
particles	15	particles.sections	110	1297784	b2058a4eea7a2a7f8b93ecde9e073e7b222dd135
particles	15	particles.words	256	1024	09d69c52f331fe67e2137e70ca2455e261816c3e
particles	16	particles.sections	102	1338600	c6f308e8e9de716423cf7d78440b24a79e7f5b71
particles	16	particles.words	250	1000	e65c177c7cbcbf9bddd6d4fbafe296dde38ee6ad
particles	17	particles.sections	113	1491368	84db0e5bb89b2bb599ed9275e73cb7b53b4d8738
particles	17	particles.words	266	1064	c962cfbaef3147eec8181f2d6a88d1b9b9fa73b1
particles	18	particles.sections	92	1248328	6e6a6c62798a1a7d2aaf8cfda40e43c2835943df
particles	18	particles.words	219	876	4cf8539813941133bf2a9859fd9d9e4205f519fa
scene	00	scene.serialised	1	26131106	9c52d8dcd76e40d3a36bac1326352afa00df606b
scene	01	scene.serialised	1	29626635	9452a9db62012d6347647e02ccedaadf39cc0588
scene	02	scene.serialised	1	25934905	c4015a087726faf3bc5bddc07a9cea9c7c601322
scene	03	scene.serialised	1	36471436	03c2b5150deef20ba6549d63f6b90122968bafdd
scene	04	scene.serialised	1	16049266	09b3b4a77d1abe76c8372b71635755db204bca43
scene	05	scene.serialised	1	47763023	775f7c2094d3e1e010d48d016abca00162be0cc3
scene	06	scene.serialised	1	20699173	19ddf0b77d883310808eabbab05dcfb44c7fe406
scene	07	scene.serialised	1	36086836	929839fda856daa3e72e63e178f03cb62411702b
scene	08	scene.serialised	1	39950770	52b2da3f4d96d4746998d06b33f364774b0cdd44
scene	09	scene.serialised	1	2536032	69e56b978d9bef42b08a5ea116f2c69e00f5829d
scene	10	scene.serialised	1	12529254	6116de9de22ff5f580e53903f563dac90ef3d69f
scene	11	scene.serialised	1	38160164	5fce9cd6bfa31916cbd6555c94f4a9a8b19eeff0
scene	12	scene.serialised	1	23384674	ed583ba107a872dd589018df682c2f5de08efc16
scene	13	scene.serialised	1	12861092	0d07dd695204080c5c007b38f7d6cf10da02dc6b
scene	14	scene.serialised	1	21404804	2c9a18319d501a7751ab2dffc1e05d12ac7f67f9
scene	15	scene.serialised	1	34171886	5c3f63d2fdc0bf06b2e26010d59f3d52e1c8b178
scene	16	scene.serialised	1	26514382	6c03224d7cb3511fd34f6756fe53c69f74080030
scene	17	scene.serialised	1	9390132	189f34086a017003d6629f7beb5345ead4f9bdb7
scene	18	scene.serialised	1	38403906	eaaaf225667c2424606c995f476edffc388d443b
shrub	00	shrub.billboard	33	832	0048fabf0b62e254be4957894a9736c0396da361
shrub	00	shrub.header	33	2112	2ee30a3acc6777275641ae06688ddf8bdf3b8da9
shrub	00	shrub.instances	1	190064	6aa1e62fbb94c70ab2782c91fe8ee2e60d7772b8
shrub	00	shrub.normals	33	6336	37373c4b73885a0baf699a1902ff0cadde19a125
shrub	00	shrub.o_class	33	132	e372aad2e312679c2872064e7d1d972f96badc4d
shrub	00	shrub.packet.ad_gifs	333	26880	635b0a5362cbf4311b2119f8ed096b08a527e2f8
shrub	00	shrub.packet.draws	333	30608	41ac6d2c751e6155f50583894e0065c58fcdf1c1
shrub	00	shrub.packet.entry	333	2664	66eca78364f4f057e2308a45772f5898b05ff26d
shrub	00	shrub.packet.gif_tags	333	12240	91bb178a381869cccc50f7a0261aa42d87d43e72
shrub	00	shrub.packet.packet_header	333	5328	9e008a37045788a9d35f536a71d5159973966768
shrub	00	shrub.packet.part1	333	110224	fc2efd6e1a05ecbd13f4ab8f36f6c81598044306
shrub	00	shrub.packet.part2	333	110224	cbe006bbd335fa27cdb598049fc27a2e26c894a4
shrub	00	shrub.packet.triangles	333	97952	a839c2fff304e89d26af4d8d5d049bedc167228a
shrub	00	shrub.packet.vertices	333	220448	02386e77ecadd6fa819e757f990405c7c51b27e3
shrub	00	shrub.packet_count	33	132	98e762acfc3f887e09e8ff33f61ee0dd66010fa1
shrub	01	shrub.billboard	51	192	ddbb216339139c6c6069beb3d8f23df6493918cc
shrub	01	shrub.header	51	3264	9e2a5b0c01c7891a00f17c8cf1936fb25fcdd2e3
shrub	01	shrub.instances	1	135296	1f9a531d52fe76cc164ef16676217580f56bd9ed
shrub	01	shrub.normals	51	9792	cc60bb36332c7293e4146367279497be929c1841
shrub	01	shrub.o_class	51	204	400f5d8ae87cbc9a6936794248e75b8fa3c486bd
shrub	01	shrub.packet.ad_gifs	682	49344	066189724dae00280b67ac74906634e431dc2f1d
shrub	01	shrub.packet.draws	682	65140	4d4536cba4e17172f17f2e29fd5976f656e7b015
shrub	01	shrub.packet.entry	682	5456	bc105ccd0182edf5112e4fec185a51137b59fde9
shrub	01	shrub.packet.gif_tags	682	34000	9ea1de3bdab6d1e6f9ffe744f04ddedd2eda81b8
shrub	01	shrub.packet.packet_header	682	10912	ffb02d20fed867f4479dc9945a7786a0524f1c73
shrub	01	shrub.packet.part1	682	226592	a8abc9cb6aecbcc8cff59aece77c1b640b00c698
shrub	01	shrub.packet.part2	682	226592	9de0d07ed95ab36b67b221539ebdb976f7017e40
shrub	01	shrub.packet.triangles	682	192560	9107fa0aeefc243473192e7cbbbb30a12bab29dc
shrub	01	shrub.packet.vertices	682	453184	a92f3a0f3d614fea69c3a7e84eb35a6ceb7d624e
shrub	01	shrub.packet_count	51	204	9ef7560298914941ae23e12e14298548a45b01fc
shrub	02	shrub.billboard	32	64	184bb2dae7da2adbff54ee41926552804486b7a2
shrub	02	shrub.header	32	2048	bba72b4701ec40f8ae417d25154711486f05baad
shrub	02	shrub.instances	1	134288	23125c4755dc8c6e1a39c57b48eaef1f1e43a7a3
shrub	02	shrub.normals	32	6144	edaf7b001f893d74551e38e6640682a283935f4f
shrub	02	shrub.o_class	32	128	35da89bb5e284d462e73a2cd0488111946cf1c68
shrub	02	shrub.packet.ad_gifs	276	19264	bc03fdc9119f4ed8298a57512f2417d976716986
shrub	02	shrub.packet.draws	276	30678	780823e1bc2ac4e7b8ac169b98805db92cd412bc
shrub	02	shrub.packet.entry	276	2208	b6d53be76927747f32768e4a89110781bf7af849
shrub	02	shrub.packet.gif_tags	276	24720	81b456cace2ddc76be211d4ef3af583b426e4c0b
shrub	02	shrub.packet.packet_header	276	4416	f9cbbb9999d1f0e7d7a9efb35c3f10370863210b
shrub	02	shrub.packet.part1	276	98024	ba4e0c71a15c1a1dc6fc77488565c8fdb46ce999
shrub	02	shrub.packet.part2	276	98024	bcd3ff432db150783a80bdd80bda82fd0cfd81e7
shrub	02	shrub.packet.triangles	276	73272	9a4c9d4010322850102a196603058ecc71cc1b9f
shrub	02	shrub.packet.vertices	276	196048	50ff210b83a80aecd2df0351f0636720cf760c3b
shrub	02	shrub.packet_count	32	128	90ed1c540415341c294881afd510e54b0e0af4c1
shrub	03	shrub.billboard	30	448	6a31b823c67e6a8b31c5d6cdf77f86be09913ec2
shrub	03	shrub.header	30	1920	4abc8f6858ed22f098bdbb36308c5561f2be098d
shrub	03	shrub.instances	1	110320	30e723a8513f14f8a05942b34f526dbbeea379fe
shrub	03	shrub.normals	30	5760	5a68bf8382ccddd180f474a6d20edfdfa1951d76
shrub	03	shrub.o_class	30	120	6784e7dd7c4386355bcbe6ecf882dcb18e9e9d61
shrub	03	shrub.packet.ad_gifs	231	16704	2dd075cd9d2e5272664939f59cd003dee064000a
shrub	03	shrub.packet.draws	231	24544	436a95b6948fa3c1c422acad90bebb72ec8374c7
shrub	03	shrub.packet.entry	231	1848	2a7eb10c5e021f2f3b41e1b2e60ff21723fc30d1
shrub	03	shrub.packet.gif_tags	231	15296	9d8487e6976df2cb5e9707e58a9f2af81bdd9fd4
shrub	03	shrub.packet.packet_header	231	3696	e9348570bb80eb1a7061e78a2d3b4212316ac35f
shrub	03	shrub.packet.part1	231	82920	ab417badf5cc575d1b265f89675c4b26ebbe5c7b
shrub	03	shrub.packet.part2	231	82920	d70fbfcc69c05d7b0681cd0bb42c8e1b6d063f0c
shrub	03	shrub.packet.triangles	231	67584	4daf76d3cf34f796f35c7f9e3b5abebf651d445c
shrub	03	shrub.packet.vertices	231	165840	647a1ee2e03beea930ae2c88fcf9b962842f3464
shrub	03	shrub.packet_count	30	120	4e67e88cbf2363ea775c90bf69fbe73d473049dd
shrub	04	shrub.billboard	41	192	9d18daf718da46c459351847f33d003876deec73
shrub	04	shrub.header	41	2624	65db6df50f36f9f6883cd68d431531ed4c233f22
shrub	04	shrub.instances	1	93520	4c37044557848a2f8fb1f25e3b77873ca12c62ef
shrub	04	shrub.normals	41	7872	1433141228e14d2a7113cb0f5ae7765b49c197c2
shrub	04	shrub.o_class	41	164	b5d607cad12bd2fc6b2b5420313485d413b99059
shrub	04	shrub.packet.ad_gifs	450	35264	91b484a114041e97a9e91c0ce0b70c94db1ac5bc
shrub	04	shrub.packet.draws	450	46640	f2c5b44d6be6e1caf4348e964fa126699044bdef
shrub	04	shrub.packet.entry	450	3600	7e86abcd18d7f259563a57130c9aeb7b43b9905d
shrub	04	shrub.packet.gif_tags	450	31552	a375c7da41ff9d08660ff1b08aa9430b21cd26cd
shrub	04	shrub.packet.packet_header	450	7200	48023e893aabbbb2da5521648e11bfc797fc8ad1
shrub	04	shrub.packet.part1	450	155056	3a4d394d215469de6b4f69d1514e5f1d32d135a3
shrub	04	shrub.packet.part2	450	155056	9670f3b6c6aedd60a41948fc33abda2fd371e310
shrub	04	shrub.packet.triangles	450	123456	50fe214d442b8bea9e5e0b2751d738dbe1b81ffc
shrub	04	shrub.packet.vertices	450	310112	5f4f422bb73c14889dcc9239ff6312efe961707e
shrub	04	shrub.packet_count	41	164	0c0fb81651667a7666df54d22f9ab46c6b41bbae
shrub	05	shrub.billboard	23	320	95f97175340699d96b03938d34ec683b1d503df1
shrub	05	shrub.header	23	1472	5001f2cbd63876daef76567a9978877bd006d008
shrub	05	shrub.instances	1	136192	a3465fe0e0e32f5324bd2a79d0856fedad7e065f
shrub	05	shrub.normals	23	4416	93dcb957e0dbbd5bf4b1b454a7f78b984caf59c5
shrub	05	shrub.o_class	23	92	99f0f803ac6ad0f1ccf7349a8a3b951cc1f1cd67
shrub	05	shrub.packet.ad_gifs	223	17536	39279eeca96961eda3aabe457d8221e7a9dcbbf9
shrub	05	shrub.packet.draws	223	21756	b9bd69f2118d771642080876ca418cdba172ee25
shrub	05	shrub.packet.entry	223	1784	891a155f69f3ea8652230abadeabdaaacf22a972
shrub	05	shrub.packet.gif_tags	223	11296	c54dba2f8cc08850e5e8b24dca61426972775110
shrub	05	shrub.packet.packet_header	223	3568	32602601d551bb3ec14e6d86098b375b7f34b0dd
shrub	05	shrub.packet.part1	223	75744	5ca42c08f6361154a7db325232c315c66e94ec5d
shrub	05	shrub.packet.part2	223	75744	501a3b00edd61dd08257e45fbe52b80f4115e292
shrub	05	shrub.packet.triangles	223	64432	a039ca23054e91365a3eceb35d03bd9bf2570c59
shrub	05	shrub.packet.vertices	223	151488	90ae02c699663132c495bdf182528e26f68e1e36
shrub	05	shrub.packet_count	23	92	5e56f501e84610870c1a9cfc3268a17898a1054c
shrub	06	shrub.billboard	29	128	0b38a08c8b341fef84343badd34f242f1d77af72
shrub	06	shrub.header	29	1856	fa891d4fa792957bc367cf5dab1374ab33cac360
shrub	06	shrub.instances	1	58128	d2e7b197bfb613a03679d66bb48bdbc5f50e3171
shrub	06	shrub.normals	29	5568	73f6afba15771a212ab44e9f233934de61acb5bb
shrub	06	shrub.o_class	29	116	b4b32bcdd56e817456c6158b5943b05ebc04b442
shrub	06	shrub.packet.ad_gifs	421	31552	92579a000d81c8414c4d5066f2d31479d1c67d65
shrub	06	shrub.packet.draws	421	41138	0a46d775fa712c862f7bf46bed43f837af83073a
shrub	06	shrub.packet.entry	421	3368	ea904381a9003237ec6ec2e1077ba6f2c3f5295d
shrub	06	shrub.packet.gif_tags	421	22704	3383c54c0528c97e5c8ea70faaf41797328bb0ad
shrub	06	shrub.packet.packet_header	421	6736	f5e747f34c7cca6f53f9476149600a2fc73aeb83
shrub	06	shrub.packet.part1	421	141872	b690400c3e1e1a4d348a0255eac1e44bc9fa41c4
shrub	06	shrub.packet.part2	421	141872	99cea3a23dae56631d8ab8f98654ce8960ff7501
shrub	06	shrub.packet.triangles	421	119144	df694826f101630b9585b073c6ff41e1463dc9c6
shrub	06	shrub.packet.vertices	421	283744	1e8cd76b3ef8dc7db02ca3eb493054d2d191cc7e
shrub	06	shrub.packet_count	29	116	0f2fa4ecd9699d0d467e8b64af1795aec24edeea
shrub	07	shrub.billboard	18	128	ff4c603ab81bede7ffb4bce25a0b94ca0275ee94
shrub	07	shrub.header	18	1152	00fc13f83e8315c2fc7735c765162ea3f7fbba70
shrub	07	shrub.instances	1	91504	cf2c5681e86ad184f99f8077f44e5d3d0172fc68
shrub	07	shrub.normals	18	3456	139fe0f92abb011b4aecf51b8b72bc4d8ff5652c
shrub	07	shrub.o_class	18	72	0c6fa1cbb713248aea6f8509971054a758051691
shrub	07	shrub.packet.ad_gifs	287	20032	453964faf666f42fffe23e95ca5ca6e13a89e0d1
shrub	07	shrub.packet.draws	287	29686	ef61fbd60c499f0950262b79f5884b597fe955d9
shrub	07	shrub.packet.entry	287	2296	149d5fa187ba4788da4c2267091702facfb51dda
shrub	07	shrub.packet.gif_tags	287	14496	bfe2cabd992e7f4f570af5bc9bd3f942cdbf1748
shrub	07	shrub.packet.packet_header	287	4592	352f7dd275c4bca699aa37145467b3d938d026b1
shrub	07	shrub.packet.part1	287	104272	1bc08b8684911ceba8305e3031f256096721ad28
shrub	07	shrub.packet.part2	287	104272	ed34a45a18e4b0a28d9684c77f1ec242155cf7bb
shrub	07	shrub.packet.triangles	287	89752	be54b66b02022a20e87ae10f486a7a2f27480edd
shrub	07	shrub.packet.vertices	287	208544	cd64b64e3889b70c45e5b6a7a1e930a3187d2a5f
shrub	07	shrub.packet_count	18	72	394634bd0f4fe4a93005d30453e4aaeff5157dad
shrub	08	shrub.billboard	12	128	7dce0145a0c2b17c9b10e1437512c21bc24ff2d9
shrub	08	shrub.header	12	768	63e0452c7dd9f3d15aaf7390722724375e9f8737
shrub	08	shrub.instances	1	119504	26dde97058583aa8a342bf4f238995a9a00ba147
shrub	08	shrub.normals	12	2304	cb3f266597b5ce4b45335a3520eb9cc4d9b69487
shrub	08	shrub.o_class	12	48	878297c252b8000eeb2145f80220e05bcf91c06f
shrub	08	shrub.packet.ad_gifs	65	4160	03824e3f4d30546789db0b1568bdb3204c5b9f46
shrub	08	shrub.packet.draws	65	6476	ea1ea7465720aa694a78512445e6a7ece3fac77c
shrub	08	shrub.packet.entry	65	520	eb82ed94d39ab14d3ccec57d0869518abd09967f
shrub	08	shrub.packet.gif_tags	65	2496	51618c9991e2acbd12d31eec9ff986ca4c860f1a
shrub	08	shrub.packet.packet_header	65	1040	07cc40dfd392819dddadcd57a546913c5c8aee9d
shrub	08	shrub.packet.part1	65	23408	7cdd65ac6088e16a00129f301153ff4c4b9b5318
shrub	08	shrub.packet.part2	65	23408	f62c6f39a9001c953e9744741c4906378eb22db6
shrub	08	shrub.packet.triangles	65	20912	2982aff10623808f3912ff0a054ff7a9cae646f5
shrub	08	shrub.packet.vertices	65	46816	0196f43729f51c301fe7a4dab4723ba92a66ef3c
shrub	08	shrub.packet_count	12	48	7e59dcab9bab9ecb7f67b97c9797062d290ee470
shrub	09	shrub.billboard	25	576	267630d676eae9b924b4f20794e860b92a8d5baa
shrub	09	shrub.header	25	1600	9b0146bcd5c40da13afd54d8cf87a41f802a0999
shrub	09	shrub.instances	1	393232	5ab89b3c10540085df6622f5b2dee5e1dc82a0cb
shrub	09	shrub.normals	25	4800	5be55239cdee2c21b0625f7d5d8d2cbb53fde64c
shrub	09	shrub.o_class	25	100	17707500ed0a5906b7c05b51c2883b709ac35e73
shrub	09	shrub.packet.ad_gifs	199	14336	ed5b08c9d2a2fb64653da085698c6371f398a4eb
shrub	09	shrub.packet.draws	199	20960	a860aac065bc71265711d235d78a6ecb3d751dad
shrub	09	shrub.packet.entry	199	1592	3ae48ddfe2e21355b8149185f5e85bbe7853378d
shrub	09	shrub.packet.gif_tags	199	15760	dc9deaba0a2773ad4f1b4f1eb548a378bcfb45c6
shrub	09	shrub.packet.packet_header	199	3184	421ca4061f299e9c33ddad83ea4807b15e03c891
shrub	09	shrub.packet.part1	199	68136	50b0d5317fa98a5a93870091d0e87ffdebafe711
shrub	09	shrub.packet.part2	199	68136	a353b576f62ef86cc6e44d56fba7c944e9d07c88
shrub	09	shrub.packet.triangles	199	52320	425a59d41ce1982ef73d795318e4058e1e95c1c9
shrub	09	shrub.packet.vertices	199	136272	c456d54993c370d7748a0dbf10f189ad4beaf631
shrub	09	shrub.packet_count	25	100	92123697de8e6d82b172e629ed81d8ab0647ccee
shrub	10	shrub.billboard	36	192	860e83fd5551eda9a2e1eebfb69ca58bfa06c02f
shrub	10	shrub.header	36	2304	4e3ce908210f2da85c2c6424609b265cfbb10c7b
shrub	10	shrub.instances	1	183344	5c93611e0b79e79cd1bf2b4557b9d36436838565
shrub	10	shrub.normals	36	6912	039adb3c74c64d6209cc9c28a5e7922a5109d1f0
shrub	10	shrub.o_class	36	144	b5cf161e91218aacf23bdd8216bb7f73e96b95c7
shrub	10	shrub.packet.ad_gifs	310	22080	08839a9b776db16535e6f7bd51e1f5822de09ed1
shrub	10	shrub.packet.draws	310	30328	16fd7487e0ab39a36a5cc6deedd0587e7a0db239
shrub	10	shrub.packet.entry	310	2480	da2788a9041226dcb5e0eba9cad04bc7b5842073
shrub	10	shrub.packet.gif_tags	310	16960	6b018d335f8d8f42e1e501a6a3449f7646f05415
shrub	10	shrub.packet.packet_header	310	4960	b8e8739d09d43581881b9d4c2443272c5e638299
shrub	10	shrub.packet.part1	310	104392	18450a912fa7ebcc8a6b89c1bd8e5569329163d6
shrub	10	shrub.packet.part2	310	104392	bce2787ca951a00819a36173eae2e7d81f14b185
shrub	10	shrub.packet.triangles	310	87392	0db9c580ab9478c3d834d6e88bdfed8914ed73cf
shrub	10	shrub.packet.vertices	310	208784	676cf9c0fa9dae2c1c8c8e4dec27ab072401f18b
shrub	10	shrub.packet_count	36	144	65938464d96f832fb30a02d11060e3e030ae094e
shrub	11	shrub.billboard	26	128	ee8db71747632ab16dcd99bcec5c7661adfd41c7
shrub	11	shrub.header	26	1664	562ea5858639a48dcbdc6fbe2f0813ee7972f404
shrub	11	shrub.instances	1	146384	84c2925bae61faecd7f626acfd1deed06290d144
shrub	11	shrub.normals	26	4992	cabcacc4a28b2b2169c3ac3663fb3ab72296073d
shrub	11	shrub.o_class	26	104	8ec67d5389a47de57ffd6aec21bf45498d0952fa
shrub	11	shrub.packet.ad_gifs	300	21120	a770558184c5c4d62e04ae61e6b285f77a203e48
shrub	11	shrub.packet.draws	300	28232	0717ef56bb67452b7ea4d358ae9b2ee4fae4b069
shrub	11	shrub.packet.entry	300	2400	946f5478bd03a5b3db12ff4236720419d73045c9
shrub	11	shrub.packet.gif_tags	300	16032	248cbdac8c9ef9c86ad94231f1195fbcf6113b9f
shrub	11	shrub.packet.packet_header	300	4800	3fac25e9f6bfed2503576dfd25476db194498403
shrub	11	shrub.packet.part1	300	96896	3e96afc74c1aab291626bd93bd0b935420804d62
shrub	11	shrub.packet.part2	300	96896	184e015871050c3bbee06a058bb79a7b5b4d9c4e
shrub	11	shrub.packet.triangles	300	80864	18446344e63d9ccdae3f1f5c106a3b427644a42b
shrub	11	shrub.packet.vertices	300	193792	97a5b0cf76b78562198a568d37a0771a7bba71e8
shrub	11	shrub.packet_count	26	104	70642b488509c769c9e557cf372fde96b4a19a5e
shrub	12	shrub.billboard	27	384	2e95148b20b046e36ea82da30d4edf608e4d8ded
shrub	12	shrub.header	27	1728	dc52c94e4b9f274e550df6bb4d5045ef5d818847
shrub	12	shrub.instances	1	196672	b48515cc524b2dc07b7a6d05764d6f966afae7ee
shrub	12	shrub.normals	27	5184	62127f5c020a3f73a158e2c8a9c9cfbb86cb6949
shrub	12	shrub.o_class	27	108	bb92e9d1594bce3190efa11dbb46d08a1e790d61
shrub	12	shrub.packet.ad_gifs	169	12864	2cd3fcb29266dc0e19f8d5e7d6afd613a8147ce6
shrub	12	shrub.packet.draws	169	16362	151214f1cb4c479b5c37dd4f85d47474df6698ab
shrub	12	shrub.packet.entry	169	1352	8caccbdcb707a0bc8e57b4006fbfb3f91460ec50
shrub	12	shrub.packet.gif_tags	169	10432	2724bea8b9b6aa5cc347b484436e494e3c15b599
shrub	12	shrub.packet.packet_header	169	2704	e35b89cee5043b77d7921824a26b464d22ec00b7
shrub	12	shrub.packet.part1	169	55056	10f974878f143e3a9916495d5d4af9f5e9ca570c
shrub	12	shrub.packet.part2	169	55056	a7d0495d9469c2aedec93d4b19853d0244f47c37
shrub	12	shrub.packet.triangles	169	44584	b1e76ae62cfed8ad6eea713eb4796b29cc575bce
shrub	12	shrub.packet.vertices	169	110112	ee5437eae60fa68b01866d0117792eb9137b1e58
shrub	12	shrub.packet_count	27	108	d532db0d0fa658b7c7d1676111df7ebfc9f6d450
shrub	13	shrub.billboard	45	0	9dc8bdc46ff61d18490195696a729e5cad0584f1
shrub	13	shrub.header	45	2880	a23803915674c63cc0aa6ad2a0c6dfc2dc917891
shrub	13	shrub.instances	1	109312	ad249392de5cd09c88b933caadf5182b78fee9c2
shrub	13	shrub.normals	45	8640	b6b63b9f0b4a9cff43c078b52133d9cef5f8be21
shrub	13	shrub.o_class	45	180	610684eae0198cc2ea727346f56179667d89c0c9
shrub	13	shrub.packet.ad_gifs	314	22912	3913622bd74708f194106ac878006657a3c2c5f8
shrub	13	shrub.packet.draws	314	29884	9cf6cb2f18f1884ce3acaed5d9dcf671dbdda513
shrub	13	shrub.packet.entry	314	2512	f5eb172d60b18bf1192ca4ecad02a861f3449c3c
shrub	13	shrub.packet.gif_tags	314	16576	bf817ec4e5638f43a3912951aa882d289ff5505b
shrub	13	shrub.packet.packet_header	314	5024	2641058310b849e86499c91d5cda0b49bd13a8c6
shrub	13	shrub.packet.part1	314	103024	d3efeb146a8d446e6fb1650fff46874225febf9f
shrub	13	shrub.packet.part2	314	103024	4665cc64ab6ec19e31eef73511207c6e18b98d7d
shrub	13	shrub.packet.triangles	314	86384	8d628a9d9a36af69605d1c173a302c86c89da2dd
shrub	13	shrub.packet.vertices	314	206048	80a575e72e58791bb1b0be5776dc3da585259a93
shrub	13	shrub.packet_count	45	180	149da22a9a79e878192a9c0cad919f3356117dc2
shrub	14	shrub.billboard	21	128	bb975842b3a7d24b4be5bd61e7652099ff552267
shrub	14	shrub.header	21	1344	7a60b8c22f9596a6e225ce5a5c50234b337fd597
shrub	14	shrub.instances	1	62272	09e733505a4675c0781c743cfd57f4d947e8a08a
shrub	14	shrub.normals	21	4032	fd73d165c27eac3d2a1c4e5ffb787e1da4fc63d7
shrub	14	shrub.o_class	21	84	db52cf7b350238176bbfea2dc510fbace437c929
shrub	14	shrub.packet.ad_gifs	232	17408	6cfec4137111ad6315c02c411d85ff2a9948aa27
shrub	14	shrub.packet.draws	232	24458	e57f84253517bcb919e6a8eb23a5bc0ebb49ae6d
shrub	14	shrub.packet.entry	232	1856	7a8dbfea55f5e9b487ad0c801cf62532f7bd83b4
shrub	14	shrub.packet.gif_tags	232	14080	47c989593b015903ca7581afcb936dd144e04ceb
shrub	14	shrub.packet.packet_header	232	3712	097c32cd86f3e5434127b74d81ed557bd55eff51
shrub	14	shrub.packet.part1	232	83792	e37d55758be5e826d844ee1e567a9842c0ffdebc
shrub	14	shrub.packet.part2	232	83792	7ed36ed9bb628d3a7ff91a861113396e2457c409
shrub	14	shrub.packet.triangles	232	69672	af971426b188b957564475615fa6f3a018b2ecc1
shrub	14	shrub.packet.vertices	232	167584	ca9c680e9500d0bae0e4f2f4c1080469ab7853a7
shrub	14	shrub.packet_count	21	84	06767a4fabf702b7903a716c964c14ce700c5c0e
shrub	15	shrub.billboard	21	192	04752434b88dd2f3ed94c8109351cfe5c99bd96b
shrub	15	shrub.header	21	1344	fc693c66df41de64716ec240261abe9b6ca039ce
shrub	15	shrub.instances	1	122640	b37482eb11855e836fa16ed1d752435377ca7f39
shrub	15	shrub.normals	21	4032	82ba905568e00d980ceb6edd7fb806a774ca846f
shrub	15	shrub.o_class	21	84	4aecedcc0f86a26b8c8f6abd51af66a2abcad6c3
shrub	15	shrub.packet.ad_gifs	200	17024	9f82ad20d02c94f18c1b7515afcd11382d19d9a6
shrub	15	shrub.packet.draws	200	20184	cfac0eb51bf33517b9f6e5669254f37c9c02d50d
shrub	15	shrub.packet.entry	200	1600	5c7a1d97f7af3bc6394e025aeef9fa1dc3fd4dd7
shrub	15	shrub.packet.gif_tags	200	9664	66f7cf63a6c92346e82525d6e26ba9694e39cdb5
shrub	15	shrub.packet.packet_header	200	3200	4c554101915c773d5489856677364cdeef1491a8
shrub	15	shrub.packet.part1	200	71096	ca0d43202bdaa5a0e09794ede38f539622097dc0
shrub	15	shrub.packet.part2	200	71096	752d0ff4ab2ba5567345927657e4d479aaf02d72
shrub	15	shrub.packet.triangles	200	61408	4968cd01c24208309baa4978030cf79fce4d65b0
shrub	15	shrub.packet.vertices	200	142192	93b0d03274afc15f1de93de7a7b645734195b229
shrub	15	shrub.packet_count	21	84	f34fb7c247553467019ca82fd7ea87ca89a1a4e0
shrub	16	shrub.billboard	31	512	2e1574bae20d9f5c0af5dc432483205b26ffec31
shrub	16	shrub.header	31	1984	986c76ae3344d4b60a44cfba66c57808401e36a8
shrub	16	shrub.instances	1	181664	1f4945a55ab96301cb5db477f0b0b3ed9e2f40f2
shrub	16	shrub.normals	31	5952	af09c3428c9a9909f0ae9cd3aa9db8475ceb17e0
shrub	16	shrub.o_class	31	124	6efbb472193c8162bfb962fd69a23fe683bc1ab4
shrub	16	shrub.packet.ad_gifs	224	16640	453b72139449aa4af47d9627d45d0256ecc4ea21
shrub	16	shrub.packet.draws	224	22354	b8836c8fbe4725526b495011d8145ff2d9f3f535
shrub	16	shrub.packet.entry	224	1792	822e09b22ed7481cb12a62e8c1869e197bcc0ea2
shrub	16	shrub.packet.gif_tags	224	12640	2e2ea24bd8d53966ecd371143e01058c2e1ccd28
shrub	16	shrub.packet.packet_header	224	3584	b7e68440436bbbc6830c850608299ec5bf72a98a
shrub	16	shrub.packet.part1	224	76792	f04d6596489b0bbba4fa3ee09a119203945cb06b
shrub	16	shrub.packet.part2	224	76792	f8965a464d0fc76e394e85b184fce9246085ca2e
shrub	16	shrub.packet.triangles	224	64136	3ff493d1faccfa238ea350bf62502f5844774a27
shrub	16	shrub.packet.vertices	224	153584	fe5f2c1c782f8bec23e79a77a5974a83c978d328
shrub	16	shrub.packet_count	31	124	8b7e55e743f0f9a27a1131909ef04e749b61614b
shrub	17	shrub.billboard	9	128	95eba5ee414d2578467777abc33f43c6388ab253
shrub	17	shrub.header	9	576	d6f8acfd19a72cfd61b206ec9bad9367c6d27692
shrub	17	shrub.instances	1	57232	1a40d6d8756c3311a0c8c25dcf1e8dd4871d497d
shrub	17	shrub.normals	9	1728	134b7684271c3a55a5949990069cc9dbd7d5e5f5
shrub	17	shrub.o_class	9	36	f51c79d8bd14f9c12a64c421f4a67f2e5f84306f
shrub	17	shrub.packet.ad_gifs	60	4544	dae092322b05d48ca2e44ca7d2897d3d1807f5d3
shrub	17	shrub.packet.draws	60	5234	0aed31013faacad8ba27df5e02eaa3749034c478
shrub	17	shrub.packet.entry	60	480	ef46935bdd168bf09fbb5bc067e297fb9842275c
shrub	17	shrub.packet.gif_tags	60	2240	7106d8a51f0bb9f2d7371b5fc0051d2c7184d3c9
shrub	17	shrub.packet.packet_header	60	960	30a0389535ce80ba0b7700f9f4f2305d55e64807
shrub	17	shrub.packet.part1	60	18696	0a6f2185f0f9ee33aba8f2b0e81d63eaae758092
shrub	17	shrub.packet.part2	60	18696	95ccb1ff09b9be8d0f884ce1719e3ece2e2ebd12
shrub	17	shrub.packet.triangles	60	16456	234386a407a240a85bbb1b85f613b2d652e2e458
shrub	17	shrub.packet.vertices	60	37392	272bffd4568c626d71d5cf66c59d28e9aefd2c48
shrub	17	shrub.packet_count	9	36	172376cf1c3ddcc307937a099fb00ce09f9bc0a6
shrub	18	shrub.billboard	41	640	3b91a7450be37196f3da339c85595f289f591260
shrub	18	shrub.header	41	2624	da232c2cd7d04d1f33a949e4bd47a9e3e955aa0d
shrub	18	shrub.instances	1	342496	cdf340781016fd66332cfae6ff6dcbb036e38b0a
shrub	18	shrub.normals	41	7872	ba7ec61f5556b1fcb5af571401e35fef78563047
shrub	18	shrub.o_class	41	164	f2766e33eb445c9bc2c3e9f7690e854f8c4c88e6
shrub	18	shrub.packet.ad_gifs	398	32512	fec3c16c7e51d18bf9008e8af450a9868729c9b5
shrub	18	shrub.packet.draws	398	37100	23d2ca2826576911b6fbeb773f7cdb716e45659a
shrub	18	shrub.packet.entry	398	3184	b462172e4bf4feacf96b31c178e3f6cf70a496da
shrub	18	shrub.packet.gif_tags	398	17344	98c60a00ef5421bacf34668b8b4692c6212ad994
shrub	18	shrub.packet.packet_header	398	6368	f1f6ddfe43352a56ea44aa5414890705326df210
shrub	18	shrub.packet.part1	398	131072	0efa9d8822eac9ba055545972d38dafa93e89bb6
shrub	18	shrub.packet.part2	398	131072	9ce1ff247ac054fb735a38d57ab78dea70c8dfb1
shrub	18	shrub.packet.triangles	398	113712	4c9313aea56a3f5089bf43b707c203abd0d26eff
shrub	18	shrub.packet.vertices	398	262144	fbe246271198fbea2b46df1639e4b16681679972
shrub	18	shrub.packet_count	41	164	0a175e832fb1bc3f570e9c007e96c4bc74685b0e
sky	00	sky.cluster_headers	5	3776	28c0fe46bf9ac1037f631521b6be55f1f904c4da
sky	00	sky.faces	118	9464	aabd87a73fa37f32e912b9cf0d01b9305f1fa0fb
sky	00	sky.fx_list	1	2	8da483b8bdff14c9cb74dcd79aa939cbe491617b
sky	00	sky.gs_vertices	118	141960	2455a5528461d15448ac2b9bfff1d57cbc764353
sky	00	sky.header	1	64	8441677131b4f979a5dacf423556312dc771c7a0
sky	00	sky.shell	5	40	059b1a3b79cf85ea2c4f0ff0b60eefbcdf7d0183
sky	00	sky.shell_count	1	4	e69b607c4a5dc77b8073e82e7ac39bc19741c2d0
sky	00	sky.st	118	8844	88d4024781208b998f47b69d8540a9bc85bb3eb3
sky	00	sky.texture rgba	8	1908736	e0d9c4624c879b8edb7e9e7725e5c7d1ea6fdf08
sky	00	sky.texture_count	1	4	fb9f9c6071a07564fd69c247d2e3678cf4360475
sky	00	sky.texture_defs	1	128	a66497e4b038fd67c3c013d26e5933038ea922a8
sky	00	sky.texture_size	16	64	fa5f044d89b056953bd07ff594ab4ba62cffeaff
sky	00	sky.vertices	118	17688	2791ec0139e09f092799c142b2e8a4215d44bf44
sky	01	sky.cluster_headers	5	3136	e3d0cbe128649bcd3e42e5161238fa563a0915c0
sky	01	sky.faces	98	4096	ec6588df886f26bf8b23493252c936d8a8acadc8
sky	01	sky.fx_list	1	0	05fe405753166f125559e7c9ac558654f107c7e9
sky	01	sky.gs_vertices	98	61440	c0c09e84a5b4d7fc95292a73a0e63bb1b5d16960
sky	01	sky.header	1	64	151bef8680ba68cdde8b2103ddc301a05c2f7735
sky	01	sky.shell	5	40	b32fb10e94e3f29367cb724ec426f2bd6db434f4
sky	01	sky.shell_count	1	4	e69b607c4a5dc77b8073e82e7ac39bc19741c2d0
sky	01	sky.st	98	4472	b3e534a4b5e83a73f3d3a25386cd5cfd6b34e3af
sky	01	sky.texture rgba	4	786432	71cc3e885315bc39b99df3c87c2391ee9ab6cad0
sky	01	sky.texture_count	1	4	e731531f76e6293ea5611b2f3b971a67ab7b1420
sky	01	sky.texture_defs	1	64	1e922c32ea27b0e18d087c757aebaa3fc1b6a517
sky	01	sky.texture_size	8	32	709dab2e458b9d4b7e0423fa21eb936bc5edb9b0
sky	01	sky.vertices	98	8944	d61f2afd2cd2a8d56fedd7efae0e9ca549f8851f
sky	02	sky.cluster_headers	4	2976	9671495832bb09c8a60066c3a30d0106b1521015
sky	02	sky.faces	93	5888	9bc3ab46ca38b4734e3be273588041e1147ad106
sky	02	sky.fx_list	1	4	e54d6bd19642667627f7050979782279d76f11f9
sky	02	sky.gs_vertices	93	88320	b465977a6890eafacedcbc749dd0144e6a2efb5c
sky	02	sky.header	1	64	42814df0043eecaef71f99e4c95315785ea5591a
sky	02	sky.shell	4	32	65b1ce16631ce0e835584af1fde4ab1917f8f77d
sky	02	sky.shell_count	1	4	e731531f76e6293ea5611b2f3b971a67ab7b1420
sky	02	sky.st	93	5964	7fe225651fcb431c189df583d6883a9044e678de
sky	02	sky.texture rgba	8	1142784	842c7e520a0bd367271e21c81305954e0aaf0057
sky	02	sky.texture_count	1	4	fb9f9c6071a07564fd69c247d2e3678cf4360475
sky	02	sky.texture_defs	1	128	a150e5117fa5d852b54ca8e261e37289ba0c776e
sky	02	sky.texture_size	16	64	14425b50d93f1b343e5db60179807154686d5e44
sky	02	sky.vertices	93	11928	062bb12acbf5d73731768291d4486c134adfbbdd
sky	03	sky.cluster_headers	3	2368	eaa56ccae0f2d260b39620c111a2c65c3f1e8628
sky	03	sky.faces	74	3584	8f219a7df9e9c98859bddde8fa8ca349d5b9b776
sky	03	sky.fx_list	1	0	05fe405753166f125559e7c9ac558654f107c7e9
sky	03	sky.gs_vertices	74	53760	e0fd3f93b287a4676e07395974f5fc19638fd869
sky	03	sky.header	1	64	956fc0328e526c0683b0e6ed0210663cb165da57
sky	03	sky.shell	3	24	7b8fb292cd4eefad1ccd7a9562925d50b9e04006
sky	03	sky.shell_count	1	4	a5db00f8991459246dd01fc3be8ba49db34b9423
sky	03	sky.st	74	3704	b6474ee74735990f32c2c71c66c66b7be2177158
sky	03	sky.texture rgba	2	524288	bb7bb3ad30c756507e766b8b5a94a9b60d292d85
sky	03	sky.texture_count	1	4	27a36f0e3b8eb5220768665be00851ef47475602
sky	03	sky.texture_defs	1	32	ecb030035307637292f6d2466cfd308196bcb5b8
sky	03	sky.texture_size	4	16	f6ee3ab2fa47b4014c8b48fdfa7d9b96c6f8a884
sky	03	sky.vertices	74	7408	b00cf2c26e0e7743f8b1241c5a7b3d493ed19d3a
sky	04	sky.cluster_headers	4	3168	5a095283df87e1cd8d22a0bb9254810284797fa5
sky	04	sky.faces	99	5120	699450ffa80d671252ee37c5cb259583cedf1364
sky	04	sky.fx_list	1	0	05fe405753166f125559e7c9ac558654f107c7e9
sky	04	sky.gs_vertices	99	76800	d9bcc08ae7d4c8c920acd7758a6ebed3d6cf62c1
sky	04	sky.header	1	64	73288de57141a34a88043e4fcd1a0a17b5a89de1
sky	04	sky.shell	4	32	28d3885c5d396930a91c8f1f577042f3b72c8c35
sky	04	sky.shell_count	1	4	e731531f76e6293ea5611b2f3b971a67ab7b1420
sky	04	sky.st	99	6820	2565237cd088033bcdbf8e0607392027e1763153
sky	04	sky.texture rgba	4	528384	10df12fc34ae66671c529ec40adade76f8caa2fd
sky	04	sky.texture_count	1	4	e731531f76e6293ea5611b2f3b971a67ab7b1420
sky	04	sky.texture_defs	1	64	d42206f47d38246e900211d1f27bfcfa14b1f665
sky	04	sky.texture_size	8	32	dcd6d65e7ecc4f60586148471e91b2ed6baa391a
sky	04	sky.vertices	99	13640	273358747162ed316145cdb80dce2cbd47611a24
sky	05	sky.cluster_headers	2	1600	30f986c6cef18b497c9eacf193da95a87b91f6f2
sky	05	sky.faces	50	3072	de317deeaf5647805680d0f6dbb93ad0dd83f282
sky	05	sky.fx_list	1	2	8da483b8bdff14c9cb74dcd79aa939cbe491617b
sky	05	sky.gs_vertices	50	46080	50fb5bed6bd4072736c08781a0e1803778547810
sky	05	sky.header	1	64	26925dc392a0f49fcfb427d3e74b721ec2f84daa
sky	05	sky.shell	2	16	b6a6ee7f2aa7bc445f5e677c9ac27635395e6271
sky	05	sky.shell_count	1	4	27a36f0e3b8eb5220768665be00851ef47475602
sky	05	sky.st	50	3344	189d758c97d997db5c70a62a95a962f42f206489
sky	05	sky.texture rgba	5	860160	b1c8b538cb915cd7e2d0988dbf19b71a68b070b1
sky	05	sky.texture_count	1	4	e69b607c4a5dc77b8073e82e7ac39bc19741c2d0
sky	05	sky.texture_defs	1	80	bfc527e8f68dc6774b420fb114075e83a98cb9d6
sky	05	sky.texture_size	10	40	15a35154cf8012db43328125a0a6ddb04a8e6503
sky	05	sky.vertices	50	6688	67fcced24f35444c464fade3362194dd0a5918f9
sky	06	sky.cluster_headers	3	3136	de7fe21aa0a3aaaf4c41c887e948b9bb3d04cc33
sky	06	sky.faces	98	10752	6f810c962f555940ff02ef6652cf8b8f29c2652c
sky	06	sky.fx_list	1	3	9c0ad9dbf7948c68b958d57025cfc874c8a8ecdd
sky	06	sky.gs_vertices	98	161280	66f64184a0389b48f7404d865544f0c8642d0af0
sky	06	sky.header	1	64	80aa7a53cbbee96e2d4dcf85fa60e6399eda3252
sky	06	sky.shell	3	24	77bbf6652ad83219d4088bf7090044adf2250ce3
sky	06	sky.shell_count	1	4	a5db00f8991459246dd01fc3be8ba49db34b9423
sky	06	sky.st	98	9704	a98961aae59277a0803cb2c9cde53ce6645bd770
sky	06	sky.texture rgba	8	536576	ddaa23e11c5612106b0052f8289a404652a37446
sky	06	sky.texture_count	1	4	fb9f9c6071a07564fd69c247d2e3678cf4360475
sky	06	sky.texture_defs	1	128	5853dd5ac913708a259c98fc25040ef1a78f0f14
sky	06	sky.texture_size	16	64	4976aa4cd535017114f5ed5768092cbb3fbd3cea
sky	06	sky.vertices	98	19408	cbba17759e7733077d469cb1792b7a5fb00d1c76
sky	07	sky.cluster_headers	3	1824	2f928f6ed4fcb4a394c27bea47da21a0fd176ca4
sky	07	sky.faces	57	3848	ef6297308d531ca8af2f803db9ac39dc9282a511
sky	07	sky.fx_list	1	2	8da483b8bdff14c9cb74dcd79aa939cbe491617b
sky	07	sky.gs_vertices	57	57720	1437c3ab975b73546ca486c8637c03eea24f5429
sky	07	sky.header	1	64	5e8c23101f78ff02363f01259664ba9fd3c026fa
sky	07	sky.shell	3	24	0b48557f1faf4a1a3d679a6bdb2d2f2d938c96a0
sky	07	sky.shell_count	1	4	a5db00f8991459246dd01fc3be8ba49db34b9423
sky	07	sky.st	57	3976	dc5d162d54e35d846abf1338b556ef7925019936
sky	07	sky.texture rgba	7	1187840	937011260b2146f5d8adbe349412ad72551d6a43
sky	07	sky.texture_count	1	4	eb6e0674a19c02ae00c2e92c7dd435f5407ca9d7
sky	07	sky.texture_defs	1	112	1e9180c877bd4fea3148a71b4473c4ce404cf66e
sky	07	sky.texture_size	14	56	ed6961872d48ef9655780ccb634bae5a9f3deecb
sky	07	sky.vertices	57	7952	9a785e3464cab91f2fb79dc51cd24126f5487903
sky	08	sky.cluster_headers	3	2368	fc32aa31caa7908c1e893fb008ce24e63bb37939
sky	08	sky.faces	74	3584	5f6c386b146d3d26f24f62d309fb8a506982107c
sky	08	sky.fx_list	1	0	05fe405753166f125559e7c9ac558654f107c7e9
sky	08	sky.gs_vertices	74	53760	a009ab86c9b9e235444f4b1dec344e0ec8fef5a9
sky	08	sky.header	1	64	4328f087f8905f534aa888a998ad041a09ab61fa
sky	08	sky.shell	3	24	7b8fb292cd4eefad1ccd7a9562925d50b9e04006
sky	08	sky.shell_count	1	4	a5db00f8991459246dd01fc3be8ba49db34b9423
sky	08	sky.st	74	3656	c561e6f89a5191ffa879fa5e2a155013753ddd8b
sky	08	sky.texture rgba	2	589824	e4dcf880eb3649916d903729ae1e194bbd4d43c6
sky	08	sky.texture_count	1	4	27a36f0e3b8eb5220768665be00851ef47475602
sky	08	sky.texture_defs	1	32	b1a98b033885000e381956c1534a615e90ce2381
sky	08	sky.texture_size	4	16	488b18dc060e57c0dc0a18058077f89638aadd9e
sky	08	sky.vertices	74	7312	fbbcafe5b44c0be9719108f7d516f3c20562d79d
sky	09	sky.cluster_headers	5	3840	e57c2d25655c63d2c878a82bd433522f7f51a940
sky	09	sky.faces	120	6656	5b8694e560f145706405f11a460bfeda17a705ce
sky	09	sky.fx_list	1	0	05fe405753166f125559e7c9ac558654f107c7e9
sky	09	sky.gs_vertices	120	99840	c5c2d24998a0e676227d793b221a9fbb34cf0892
sky	09	sky.header	1	64	7102bdd2abce34f9075ef44460668593781996bd
sky	09	sky.shell	5	40	803782dab83205fb79c653a0c776868af510b561
sky	09	sky.shell_count	1	4	e69b607c4a5dc77b8073e82e7ac39bc19741c2d0
sky	09	sky.st	120	7544	679f18eb026cf6c2d8230dd600d200f7919cf520
sky	09	sky.texture rgba	7	1052672	e4765a674a1f9786b1bb3f6f51378601210b9ee5
sky	09	sky.texture_count	1	4	eb6e0674a19c02ae00c2e92c7dd435f5407ca9d7
sky	09	sky.texture_defs	1	112	0d96a59db9e3ebf547f17318ffb07d57fdc65601
sky	09	sky.texture_size	14	56	741b7bb81debcc3836fe7dfd366dc72753ce875b
sky	09	sky.vertices	120	15088	9bf9bffd0ad6e84503a049266c19ec5a74c22fc7
sky	10	sky.cluster_headers	5	2880	9f0000dd119b21f86afe75bc19c9f4e105f1814c
sky	10	sky.faces	90	3840	ce6a7affad1b2aceca05798bde01ff7ddff3cc38
sky	10	sky.fx_list	1	2	8da483b8bdff14c9cb74dcd79aa939cbe491617b
sky	10	sky.gs_vertices	90	57600	335cb6ee191843aeadfbf246d6abb6c70e876373
sky	10	sky.header	1	64	1bf3384546b3455065e8f361e0bfee11ee0ebc10
sky	10	sky.shell	5	40	ea1e0cf8229b6fe28e58fb8d61dcdcbbec381556
sky	10	sky.shell_count	1	4	e69b607c4a5dc77b8073e82e7ac39bc19741c2d0
sky	10	sky.st	90	4832	51cf703272d13138db815e5f6aa3eb8db596cec3
sky	10	sky.texture rgba	6	860160	23591bdb026b7763b2edf42162aab222accefe7a
sky	10	sky.texture_count	1	4	e4b486cabe20ae911181c07881ceea3f0ecd8014
sky	10	sky.texture_defs	1	96	660c983b39e99f230e077c9a9837562b082bde90
sky	10	sky.texture_size	12	48	7fd32077f5061f7b32b931e6bdaf6521449da38a
sky	10	sky.vertices	90	9664	606c8c54410f1047613524777a00e824410843fc
sky	11	sky.cluster_headers	5	3136	ed2eabb0762e306f3967d8d222b7fa6d054ac175
sky	11	sky.faces	98	4096	46255a0c1db0f1cf8d277f8cf1d7a38319b984c3
sky	11	sky.fx_list	1	0	05fe405753166f125559e7c9ac558654f107c7e9
sky	11	sky.gs_vertices	98	61440	93f3839a548b98ae929a7fce26e7aded1c0be2a3
sky	11	sky.header	1	64	2d9f511d8987f146915ba91b25e71e7355c0bbb7
sky	11	sky.shell	5	40	b32fb10e94e3f29367cb724ec426f2bd6db434f4
sky	11	sky.shell_count	1	4	e69b607c4a5dc77b8073e82e7ac39bc19741c2d0
sky	11	sky.st	98	4376	4b1db9e488ab86db05b9457c0d932ccc5da7a7f7
sky	11	sky.texture rgba	4	786432	ab1f1a2128665aba21158ddb10bd7496f1f168e4
sky	11	sky.texture_count	1	4	e731531f76e6293ea5611b2f3b971a67ab7b1420
sky	11	sky.texture_defs	1	64	1e922c32ea27b0e18d087c757aebaa3fc1b6a517
sky	11	sky.texture_size	8	32	709dab2e458b9d4b7e0423fa21eb936bc5edb9b0
sky	11	sky.vertices	98	8752	dc28814105f9fcb3bc0d6a0bc4bec82d0c94a456
sky	12	sky.cluster_headers	5	3552	37ff8899be5866f01a56161659b80a773b6cdbe1
sky	12	sky.faces	111	3072	66ed68c02089d8a742e9a795b5df57e8105eb745
sky	12	sky.fx_list	1	0	05fe405753166f125559e7c9ac558654f107c7e9
sky	12	sky.gs_vertices	111	46080	ef6e084ddf9ba50775c580f53ff45724280ab04e
sky	12	sky.header	1	64	f35204755b10de3f4ebc5aa69b48b397fdba8c5a
sky	12	sky.shell	5	40	eddfd6fdbf9b9849051dec04193ffcc364d825b6
sky	12	sky.shell_count	1	4	e69b607c4a5dc77b8073e82e7ac39bc19741c2d0
sky	12	sky.st	111	4104	a6b2bb7e4ef39bd1a99aa9553dcc68dae9b05358
sky	12	sky.texture rgba	4	917504	191553355532444f130139c55010af180e433b2b
sky	12	sky.texture_count	1	4	e731531f76e6293ea5611b2f3b971a67ab7b1420
sky	12	sky.texture_defs	1	64	5f5d4aa7aad39ce941dda1e963df45cfcbe2d5eb
sky	12	sky.texture_size	8	32	c4830ddb0e9223e0c5680893c4e73da9cce54260
sky	12	sky.vertices	111	8208	353291aa5b2c51a98f8c6067d94f190f5024640e
sky	13	sky.cluster_headers	3	2816	990683b98cee575e3ea70022198653589d2eab99
sky	13	sky.faces	88	8704	77b14e06e9deb99f5ca6babf364e33f793a688e0
sky	13	sky.fx_list	1	2	8da483b8bdff14c9cb74dcd79aa939cbe491617b
sky	13	sky.gs_vertices	88	130560	3f3407434a941a2eb0412f398794bb0ec58a298b
sky	13	sky.header	1	64	dc8d642d048bae20d0988d76ef5db65d02c6b546
sky	13	sky.shell	3	24	c92dafe26987657dbf220df3c35d16dc4dd1e295
sky	13	sky.shell_count	1	4	a5db00f8991459246dd01fc3be8ba49db34b9423
sky	13	sky.st	88	8248	56d655e101f2b2ec526504f325d17e095a51f758
sky	13	sky.texture rgba	8	794624	26284a419b6b31e33eb72eadbc2e8f57d18f2238
sky	13	sky.texture_count	1	4	fb9f9c6071a07564fd69c247d2e3678cf4360475
sky	13	sky.texture_defs	1	128	035613051adf2019a5dd12056db2d2214b0cea88
sky	13	sky.texture_size	16	64	289f836f72ef9bcebde427ca9713713221e8301b
sky	13	sky.vertices	88	16496	ecbf32601e4e23f94d1155fc5a2bbd1b31cb39f3
sky	14	sky.cluster_headers	3	2784	f3ede8545499dcc440ad32b7eba80eef4cb1bac9
sky	14	sky.faces	87	6144	72bb0bc7e0be50706867b01df95b52ef26d3c5d3
sky	14	sky.fx_list	1	0	05fe405753166f125559e7c9ac558654f107c7e9
sky	14	sky.gs_vertices	87	92160	600ca17d38d6c13d6f67e83f89b78c91e7e0851b
sky	14	sky.header	1	64	fea459065b10d70b6e2895e0a012d03b6001a954
sky	14	sky.shell	3	24	60822a95c3d52e84771361d6a9376c8f48cc74ec
sky	14	sky.shell_count	1	4	a5db00f8991459246dd01fc3be8ba49db34b9423
sky	14	sky.st	87	6104	bb277c5da8626fe68c653ac0774bdfdbf19e4d9d
sky	14	sky.texture rgba	2	589824	3a0c084b2da5af0efdd75b739d11e9a53374111d
sky	14	sky.texture_count	1	4	27a36f0e3b8eb5220768665be00851ef47475602
sky	14	sky.texture_defs	1	32	f1492c92c588a2fe8972ba4114159ed74f8171ed
sky	14	sky.texture_size	4	16	53170e92a744a1cfab3ce8ac0f1a34f6a46844cf
sky	14	sky.vertices	87	12208	7d6ba437360b484926d00f74514548aa37381d2d
sky	15	sky.cluster_headers	2	864	83f2593bfc780f546a86d69a182a1f439769a8da
sky	15	sky.faces	27	2816	27bc8a1cbed30b82ef356d60ff63c8489e643f97
sky	15	sky.fx_list	1	2	8da483b8bdff14c9cb74dcd79aa939cbe491617b
sky	15	sky.gs_vertices	27	42240	f55e0f348862ab7e742ad18b83b5c28a87ab377f
sky	15	sky.header	1	64	dff9f98bb1b0a94af638da6ecfcb4029610e1abe
sky	15	sky.shell	2	16	bb336a5eb0673f770cf7a676d242f89af52a9c60
sky	15	sky.shell_count	1	4	27a36f0e3b8eb5220768665be00851ef47475602
sky	15	sky.st	27	2600	a29d8079056399770e2a7792d5ba90627b088f4a
sky	15	sky.texture rgba	6	729088	eba8bf3fd23e68bbdf83cf0c07e95022437c3e31
sky	15	sky.texture_count	1	4	e4b486cabe20ae911181c07881ceea3f0ecd8014
sky	15	sky.texture_defs	1	96	7909c1c8af2abbe7ffdc6bf634a97c201835fd3e
sky	15	sky.texture_size	12	48	3a4e818431e943aace3eaa4a19f87d95778baddf
sky	15	sky.vertices	27	5200	e7defa9e13c98e2f0a1d77aa6f3e3e1cef6a4035
sky	16	sky.cluster_headers	5	3136	17273f56676c4c6adf77176f4c3620690adb3ff7
sky	16	sky.faces	98	4352	a6a748aa0254ec44744a714bb554c3dc74258407
sky	16	sky.fx_list	1	0	05fe405753166f125559e7c9ac558654f107c7e9
sky	16	sky.gs_vertices	98	65280	ea2289d28ab1b8ceaa706c34d253d2bbcf3636dd
sky	16	sky.header	1	64	aebf0caf36c42c912a5b7a65e995cc0ec3c4cb8d
sky	16	sky.shell	5	40	b32fb10e94e3f29367cb724ec426f2bd6db434f4
sky	16	sky.shell_count	1	4	e69b607c4a5dc77b8073e82e7ac39bc19741c2d0
sky	16	sky.st	98	4728	787f2bc9b1aa64d4abc78f86df2e3b5677953347
sky	16	sky.texture rgba	5	802816	5560cf7612fbac68d02e2bf531d753466a8b175c
sky	16	sky.texture_count	1	4	e69b607c4a5dc77b8073e82e7ac39bc19741c2d0
sky	16	sky.texture_defs	1	80	3828e447306e5c4147fa59bccf7532ffcf66d223
sky	16	sky.texture_size	10	40	789df218e853ea3d9376ccba48eea5d4ceb1c21a
sky	16	sky.vertices	98	9456	88b0c113f9e91ecb24e939c2487ac9463f3e0dbf
sky	17	sky.cluster_headers	3	2720	16cf079d9d614655b4430440f0c195ada1a7a2f5
sky	17	sky.faces	85	8704	877f9e90e2d55681538627b36cb881d9f7b65ce4
sky	17	sky.fx_list	1	2	8da483b8bdff14c9cb74dcd79aa939cbe491617b
sky	17	sky.gs_vertices	85	130560	d9534ff01b6b99f674bd4d93fae6b52f40b8d6f9
sky	17	sky.header	1	64	d01b7ef73e425443159fd9820b5e066f0b775d5a
sky	17	sky.shell	3	24	2c7699e6f52c0a4c7c69fdd41e17fc1bad48f11c
sky	17	sky.shell_count	1	4	a5db00f8991459246dd01fc3be8ba49db34b9423
sky	17	sky.st	85	8164	7f5776bf27f608f296bf55661c276524bb6ac0ff
sky	17	sky.texture rgba	5	794624	5ae82ec5eb996d1cff9ed695a1612002454eb225
sky	17	sky.texture_count	1	4	e69b607c4a5dc77b8073e82e7ac39bc19741c2d0
sky	17	sky.texture_defs	1	80	7c57d8a5add4306c50b5b9d4c4bb70f671d658ea
sky	17	sky.texture_size	10	40	442c72ebce5d448dd8af396b7be13a5f4b6664bd
sky	17	sky.vertices	85	16328	5a96dd57f81f1ecb7aef1373a05fa5335feade39
sky	18	sky.cluster_headers	7	4320	522a53b12b7f74282911da2c88d4ac3786dd052f
sky	18	sky.faces	135	8192	02cd012ba4e2f647c52c06e35f44d8a37931ea54
sky	18	sky.fx_list	1	0	05fe405753166f125559e7c9ac558654f107c7e9
sky	18	sky.gs_vertices	135	122880	f228035ee32c3fa6ea52ad4cfa15b7257b3f4f75
sky	18	sky.header	1	64	288aea52977caf6e2097be0a338e2c9b2245812c
sky	18	sky.shell	7	56	1420aa7693a45584cb0be44fcdeaeeb21c6df4cf
sky	18	sky.shell_count	1	4	eb6e0674a19c02ae00c2e92c7dd435f5407ca9d7
sky	18	sky.st	135	8212	95cb8b8b9d5ea450e1ead51a3c40431e8231404c
sky	18	sky.texture rgba	7	1769472	a97a794535c5fef472888b25628ba3523e7ad53d
sky	18	sky.texture_count	1	4	eb6e0674a19c02ae00c2e92c7dd435f5407ca9d7
sky	18	sky.texture_defs	1	112	7f2bd0157847b69b685a8704282fb214d19a7d26
sky	18	sky.texture_size	14	56	a5c2035b02591717fba41e288ec30851514ea064
sky	18	sky.vertices	135	16424	c0d2692f5add092ce4f0aa35e33b61c33f1fd023
sound	00	sound.classes	1	7308	6ffd92c17d1be3307ec8fca88b3ca707eb58028c
sound	00	sound.grains	1	18240	d001f5faa9cb2caeba36e01303adfc75d4ac2977
sound	00	sound.header	1	76	286a9fd3a7382d5c59104d4cb4f8c3b42813b159
sound	00	sound.level_defs	1	736	1ddb1ae569ba0c5f59d0961c4d9cc114f4353e5d
sound	00	sound.map	1	40	4375f365c7e2bf67fa08174bf80285a621433fb6
sound	00	sound.music	1	60	d68418bc88d1daa38aed122f096c06063755d96b
sound	00	sound.pcm	1	4849768	85f96281c45b40c5a97c552b742b391e484debfe
sound	00	sound.pcm_opengoal	1	4849768	c01f3f62234ae85ea63b46a0c6a13bb4fcd6ce21
sound	00	sound.sounds	1	6608	5ddaae61b7caf3c55144cb547b95912cfdd82624
sound	00	sound.vags	1	4360	60bdeb0fe2528882e3aaeb5a1d7b78cb3420d68f
sound	01	sound.classes	1	11182	3d8badf2f37fdca4cb181de87f9334ec5c7d9c36
sound	01	sound.grains	1	24040	f23088eeaf98c99ab2a0744c6e8bdca3d22eadbd
sound	01	sound.header	1	76	645e6e41d12cea037d2e374c82072c870586b906
sound	01	sound.level_defs	1	1728	49db73de574bbcf5d132c426e9be40227a196e88
sound	01	sound.map	1	44	08b3551e7508fe35c4345970af469aea76353e9d
sound	01	sound.music	1	60	e24993226a3f4697dcafb8bd54d9b2ff4bcff95b
sound	01	sound.pcm	1	5909792	3fcf8e0039a6afebb3a41b4f7dea45891843a282
sound	01	sound.pcm_opengoal	1	5909792	c43733107d2135ae12ea770bd2c2c8374ce9fa45
sound	01	sound.sounds	1	8120	5e51a069e7c682799dc7fb88aeaaa581525ac8f8
sound	01	sound.vags	1	5220	aa544e26c5cda339b9345111604df5d8e01e1222
sound	02	sound.classes	1	10544	ac71c5df6f8f972a9645c91c0de10c3f012ed261
sound	02	sound.grains	1	19880	1e272d91dd86a42a5103f1efe663b545ff72923e
sound	02	sound.header	1	76	4b6c3710ab9fd20a1afdff285a1bf1e37e911f26
sound	02	sound.level_defs	1	1664	6a7aba92194b7c9bf64251d6e61e9d88df0a33a5
sound	02	sound.map	1	54	4e060d29cd5183b3ff963f7c814d56dde375ba74
sound	02	sound.music	1	60	e267eedfa81709340701ef67b45d7b0820c1410a
sound	02	sound.pcm	1	5932416	31c91b9427950312c64080939875c380e120f729
sound	02	sound.pcm_opengoal	1	5932416	d426049de2c6cf5453fb6223fe10fe4df8db7657
sound	02	sound.sounds	1	7924	30d77b020d103302208c8b3ad1bbf2ea84dd005b
sound	02	sound.vags	1	4840	eb5148027ad0e98dd8a76f04b1fbf4fc1399f243
sound	03	sound.classes	1	10812	3d9fe88779f8d6120e77002ae1b3f6b7d335ea89
sound	03	sound.grains	1	25160	9cca8738e77c3a53d41df1fbe159279e9ecc422b
sound	03	sound.header	1	76	e077c4377e14b1c1803c0827d84d96423ef411dc
sound	03	sound.level_defs	1	800	459c74b27d4b48f49b807ad349abaebe426091c4
sound	03	sound.map	1	40	4375f365c7e2bf67fa08174bf80285a621433fb6
sound	03	sound.music	1	60	7f03afb30c77217df5a1e3cc8fc6738f88f70a88
sound	03	sound.pcm	1	5909064	81ddf8172e054fa0edc418520c5044c3c6237b56
sound	03	sound.pcm_opengoal	1	5909064	7b72b4ce5f5aaff570f9fcf1f10ef75ca38f60ee
sound	03	sound.sounds	1	7392	14f051dd598cc32dc6549d8cad7c90e8b3351628
sound	03	sound.vags	1	4980	3f057a980978fe01f9e9894b10e6e851d72446da
sound	04	sound.classes	1	11050	a961f77ed741820941381c3cfbef3ca128ed8e41
sound	04	sound.grains	1	17240	eea7a31979e57b667046f07a69a195b280264be2
sound	04	sound.header	1	76	86fbf539347ac9bfff1978085b9e54889b72ad39
sound	04	sound.level_defs	1	576	d93b7b155f0b0cb85c710866f5be424c769b91b0
sound	04	sound.map	1	36	3b306c898fc0e887a4c9b5d093759ab60ba477f4
sound	04	sound.music	1	60	e97c2e8dd7a9db036530dc18431a03fc7de05aec
sound	04	sound.pcm	1	5412960	3ab70997849c44efdeec7f7752d1b3c5e0920cad
sound	04	sound.pcm_opengoal	1	5412960	913c19ae0050fa07029ebe07d8e90b65c7f8ab9c
sound	04	sound.sounds	1	7952	17e6587b6a54180dd6010d17099f9234a5992230
sound	04	sound.vags	1	4540	50ae27e5553cf909038859e14bd0371c6aef0777
sound	05	sound.classes	1	10092	2a8c8d8f6e09d263a228fdd6a948a2fbcf59ac85
sound	05	sound.grains	1	23640	9681f84e0e4e76db44d974489c7b7c4cdebca9ad
sound	05	sound.header	1	76	469be0ed7a27961a5954fa6db8ac7261207019f0
sound	05	sound.level_defs	1	928	9a683140b112996fafd7889ba8a7a5006416df03
sound	05	sound.map	1	36	3b306c898fc0e887a4c9b5d093759ab60ba477f4
sound	05	sound.music	1	60	7e527f594993d854ff926cc5d83b9adb2b22eade
sound	05	sound.pcm	1	6054776	d89db3339a1d82e79c496217ea2ad376ec3465bb
sound	05	sound.pcm_opengoal	1	6054776	1fc75212f86eecb2f6639b32b2d979bae7c4da9c
sound	05	sound.sounds	1	7672	62ba1aca76ae60cc17b502289270b85b95030436
sound	05	sound.vags	1	5240	02d1e0893d69dba2eef1ab7fd9f179c5de00d46d
sound	06	sound.classes	1	11568	b700a393dd76d7c1ff42c5eebabe0f105a71648f
sound	06	sound.grains	1	22200	ac22b911bd77d32869df6ec4feddea7809e243e9
sound	06	sound.header	1	76	332dadf9ad81c1fde49c771d1b29c2ef7dbe9694
sound	06	sound.level_defs	1	512	c7aff68d63b61805e670877f0f105ee3b5909cb2
sound	06	sound.map	1	32	413faef5c3ee4dfdd06b1a4d4fc40020114fd787
sound	06	sound.music	1	60	680e68bc0fb55650d5de85427ae4e938a5cbf0e5
sound	06	sound.pcm	1	5969040	add1cfde03eee3803a18ebb273f20487946fdf91
sound	06	sound.pcm_opengoal	1	5969040	1bf724059abb6cf05b80456ff2a5b07e0e5a62ed
sound	06	sound.sounds	1	8176	6ed8dfcbe16a9ca44f67579ba8fafc5e6a031036
sound	06	sound.vags	1	5120	5f419f7ab6cbe17c393e5e299ca32d261cd98081
sound	07	sound.classes	1	11296	0fa60e89159766724a0591ba73a9b3af700410dd
sound	07	sound.grains	1	18000	b1514ad2db91fc28b0b8b999626384ab4509c7ad
sound	07	sound.header	1	76	93fb5db431173ec2dd80a00c5ae362f30c1dda8c
sound	07	sound.level_defs	1	448	9105e38a5685abb28d2b68b810ddac3d6fe702d8
sound	07	sound.map	1	28	8f5db3fb9802fba919eacd6a32e7d49ec1970d27
sound	07	sound.music	1	60	1cf00160789bc0f3b56c00612203321529de9d3a
sound	07	sound.pcm	1	6237560	2f9a8df4e339ad06f254e3d7d1fa040150c4a3ce
sound	07	sound.pcm_opengoal	1	6237560	327bd0715878d8bfcc7860e7e3badd915e665a2b
sound	07	sound.sounds	1	7784	6b6d3528926bd5ac263e38f62ec40262003f45ed
sound	07	sound.vags	1	4880	67cc6bd9a134074b600cd0353e4de94eb41a192e
sound	08	sound.classes	1	11294	9b4216f58b68b6e2862a0f64c6497d5b6c8c68ff
sound	08	sound.grains	1	18720	01ad510e3eb6e30c10ed360d079b868fd117f804
sound	08	sound.header	1	76	2463123dea0618575641826a51aa82c3b6236d14
sound	08	sound.level_defs	1	1152	b592808ddd9d425e69c513d761723d86b6606135
sound	08	sound.map	1	42	d4ea550ec79e6474de96d33dc8e9270ac73f51aa
sound	08	sound.music	1	60	23fe223c770a0da38f699f5cf2b97f3c3852c273
sound	08	sound.pcm	1	6211856	e6e016d7d8441af8db43c0c8ddc27a94e63cf544
sound	08	sound.pcm_opengoal	1	6211856	aeec8bf2c55624889949d9daf00aac969a205af4
sound	08	sound.sounds	1	8260	32a1d5012481f3578e39375d0b7e5731756c4e50
sound	08	sound.vags	1	5180	bdc0934cd2651e7b418041b227180fd229a0a3b1
sound	09	sound.classes	1	10984	34b425e229b2a4fffa87c5ce8931d962b3ffb550
sound	09	sound.grains	1	20640	b299d63c9ba1ae125cb6100dec33e506359eee6d
sound	09	sound.header	1	76	3d227c5c879dfbbea867ce9ddcdec4f721b5daa0
sound	09	sound.level_defs	1	1024	d48dd45edb15517040f06cb5162fd60c2c7408e5
sound	09	sound.map	1	32	413faef5c3ee4dfdd06b1a4d4fc40020114fd787
sound	09	sound.music	1	60	14962dbbd60c11c7db1c4e615ff633eb1b476e52
sound	09	sound.pcm	1	5609744	2836425755c7194529faf2c5c9fce3085f4be59b
sound	09	sound.pcm_opengoal	1	5609744	8540777b10367d6b729c706a1a831f54b5bf35ff
sound	09	sound.sounds	1	7168	6bfbb7b248af1086f25fc8945dddaf09299284ce
sound	09	sound.vags	1	4540	8ad5bfb266ee65ae4a1e2a0581e88f508f6ee653
sound	10	sound.classes	1	11866	8e5ea5e738ea6924cebd1c912e2689e0cf1d47b9
sound	10	sound.grains	1	23720	c12afcde259a54da3143f367e2fb1a4b4b1cdc90
sound	10	sound.header	1	76	33653f60365f60e7037c6d2d7cd95a69de8b0aed
sound	10	sound.level_defs	1	640	8d0c2fb5fe4cb8e2daf34d01bb7a25fd60788bda
sound	10	sound.map	1	38	7ceee09518f1eda7f8e0660709c53a8827fc9b66
sound	10	sound.music	1	60	2cd62642d5880512d562e6e38d6bc4c14591a333
sound	10	sound.pcm	1	6121752	45d4d3072f2d41dcb8c01a032a162b530be447ed
sound	10	sound.pcm_opengoal	1	6121752	2598707856c0459755406d79d4423b080e39f5f3
sound	10	sound.sounds	1	8512	508d93015f413841c31b6ace3f5972aa6ee5a1c9
sound	10	sound.vags	1	5480	c69421567a38fa5cacf57998dca7594dd053ab70
sound	11	sound.classes	1	10736	5abb491e7dfc3c849fb7bcdc05a3d89847109222
sound	11	sound.grains	1	30600	7fbc0958ee4296df02bed7e34e3565365842c97f
sound	11	sound.header	1	76	6d2be1118ef3bb7b261a9bec369e1ee31ccb306a
sound	11	sound.level_defs	1	2176	a551fad8e8a0cff7810e021189c2dae18f75abf8
sound	11	sound.map	1	54	4e060d29cd5183b3ff963f7c814d56dde375ba74
sound	11	sound.music	1	60	e94d5e53adb51088b4ee736c904cf9ff04b386cf
sound	11	sound.pcm	1	6119288	bf00cf7ede96a378345c77004c01bf671ecd3318
sound	11	sound.pcm_opengoal	1	6119288	c707b594c6df34c9d26af53330bf70b3031bd000
sound	11	sound.sounds	1	8372	37719d2757e30abf6dd1b4369f7a62c314421cc8
sound	11	sound.vags	1	5540	89f641679755993d8fd8795158918df1c4726dac
sound	12	sound.classes	1	9980	9a3ffdbe993a3cfc3fef02222fc9417f340db435
sound	12	sound.grains	1	21960	e3fc5b0995172b62ec0f4bd885a93ac4a39452f3
sound	12	sound.header	1	76	a60869cea8dd238de0173ea89fbb825b00cece25
sound	12	sound.level_defs	1	1088	ba0103c415780e7de7442035bf260e4c558a43f3
sound	12	sound.map	1	40	4375f365c7e2bf67fa08174bf80285a621433fb6
sound	12	sound.music	1	60	751f16c2474577660cbb6469f577c806cc499212
sound	12	sound.pcm	1	6220480	ff01396ad919603a3ced15b01ff74584348671cc
sound	12	sound.pcm_opengoal	1	6220480	2ef05ac0d69358ddc5a8080d78a1840e4a657a11
sound	12	sound.sounds	1	7980	0b426aef690797065622c09048eb4dfbd579bcce
sound	12	sound.vags	1	5240	ada4e820c0fad1cf75fa000aef78f8bdba3be2d3
sound	13	sound.classes	1	11514	f4e2b9a3b1a5a8a9f55c9b685622d812e668e064
sound	13	sound.grains	1	20320	eff0e3f91afa3ff2f8180bd3a1c105ab7a956e1b
sound	13	sound.header	1	76	76df9a70425f14808f820226b02e5ea5f4f1f6ec
sound	13	sound.level_defs	1	832	46f128b8a3d6eaf59127c5301f05b97d6340674c
sound	13	sound.map	1	34	7e03bdac6056011cee9b7683a8780a80ad562146
sound	13	sound.music	1	60	24a50fb3a81b633b1e4038558baddb32f0f54125
sound	13	sound.pcm	1	5973016	7dbf22a2da032d804cd9b330c97dab4d5aa48a8f
sound	13	sound.pcm_opengoal	1	5973016	9e17e124f7979d13035b0772913cf149207e904a
sound	13	sound.sounds	1	8036	749ee5b5cb53b3a575292ca81206610927ecd8f0
sound	13	sound.vags	1	4860	20931fcb2b47ae9365ce0559dadad8fae9432842
sound	14	sound.classes	1	10610	68682b07cde175d87402ba0d3d8af9cda90e962f
sound	14	sound.grains	1	19960	c73dfddffc2f9b8d7d77855bbf9b5d7e55240660
sound	14	sound.header	1	76	4f67e96d7e786115e99a26fa5616fb214e981cc8
sound	14	sound.level_defs	1	1344	4bd89d85bfc64f146892ebb2e41ec76d45449892
sound	14	sound.map	1	46	ae0f6804442edb498a4b39b3a4a7159ae1dc3f16
sound	14	sound.music	1	60	2364de8f9e02cc27aa332fd0409da4eacd5aefbe
sound	14	sound.pcm	1	6209448	3eb683829ad6465bac047c5182bd53bbabd34080
sound	14	sound.pcm_opengoal	1	6209448	415c80aac346f18f468c528ed685e1e1b0467aa5
sound	14	sound.sounds	1	7952	10b29a9f7c435adea4a8f8de72d10252d087d23c
sound	14	sound.vags	1	5060	40b3fc688fb973a7020cc436fcb8e219ba99d33c
sound	15	sound.classes	1	11288	ce7587d3d893138115ac506f232816581a5263ab
sound	15	sound.grains	1	26440	f0d0c5f02a74e41ddbd818ec93d1dd56ead7471c
sound	15	sound.header	1	76	0df54e0d97dfaf4099238fe31be5b783209d9b0f
sound	15	sound.level_defs	1	608	715216501303d64f0f68aa24caeb75ed21ede8d3
sound	15	sound.map	1	38	7ceee09518f1eda7f8e0660709c53a8827fc9b66
sound	15	sound.music	1	60	4f9dfcfe3520dab74e69d42419938b7c739a84c1
sound	15	sound.pcm	1	6176408	4f5485e6690be143fa03493191c9dcd02066974a
sound	15	sound.pcm_opengoal	1	6176408	2db29fb28fb24532a20b4fc89314c5e2f83613a4
sound	15	sound.sounds	1	8540	cc65442647b94dadeff46780df440c49800edd13
sound	15	sound.vags	1	5300	2a4c8d6cd257b042e1863deca0821689fdfa9a53
sound	16	sound.classes	1	10762	ed1e9a2c313d4983b10cba6d5e4a69f53067d64b
sound	16	sound.grains	1	19240	734eb6ba9356a2ecc45458074aca3c9de43c6dc3
sound	16	sound.header	1	76	0ba10d18749fb962a782378fbe76a9fb6a76eb68
sound	16	sound.level_defs	1	640	36798ae6c805b2118d853e07d341b343e0b5c13a
sound	16	sound.map	1	38	7ceee09518f1eda7f8e0660709c53a8827fc9b66
sound	16	sound.music	1	60	bc4ca711e5f71f6c362089fc022b0033321ff30f
sound	16	sound.pcm	1	5424944	bd17a76dcdd827790a51235675ae43b8bbd08552
sound	16	sound.pcm_opengoal	1	5424944	cd8b9ba29851a60be8b3f0cff5d7fd253258ce2e
sound	16	sound.sounds	1	7672	b4d639caf0ebc1435c1eef80d62a70327a4f5c7d
sound	16	sound.vags	1	4820	82fe3c59494ef9cf813ff08db1c10b07b8b65841
sound	17	sound.classes	1	10782	1c60d00b921f00ce7df4de06e8a726f9b0c2aa5b
sound	17	sound.grains	1	23800	1a8b0b71a1b4945744f9c651f079e8747b85bf91
sound	17	sound.header	1	76	f0bd67da4eb1a10b75ae149ca25d77631e7454df
sound	17	sound.level_defs	1	480	77d9f12affb96dc1550bafd294e0a365b832baf9
sound	17	sound.map	1	30	d51be9ec2c2c7469265f5d05db3a79653e91dd9a
sound	17	sound.music	1	60	7ad7b9a895021c8ee14359fc629aaa67bb78d0b2
sound	17	sound.pcm	1	6204856	30efc44bd04553d63b3493820bce4fdcecbaf894
sound	17	sound.pcm_opengoal	1	6204856	53d00a4264d7ce22b7ef0e288a257f64a8763504
sound	17	sound.sounds	1	8204	2464bc5d07f180f712f3d7c04dc43eb2981b8468
sound	17	sound.vags	1	5420	599a1ca56100019d621ff3391f27731db88123eb
sound	18	sound.classes	1	10920	e4e3662c0120ee33b39263c1ae1b34b8548f4a28
sound	18	sound.grains	1	24840	4121fa8168fa68b0c61765ea017524f20c088718
sound	18	sound.header	1	76	ff91acee341a77e0f484633b3902dd0a05acf914
sound	18	sound.level_defs	1	768	fb99fcb810d3649dced131f0acf5341597bfeb9f
sound	18	sound.map	1	44	08b3551e7508fe35c4345970af469aea76353e9d
sound	18	sound.music	1	60	1f5084e5ec817d163e3db08712bc53d9e1fac179
sound	18	sound.pcm	1	6204240	0e00421948ddc0680e554079b08cb0ae1fd8286e
sound	18	sound.pcm_opengoal	1	6204240	8cf5c3430c0bd3b076e4242b3195c2149f467aae
sound	18	sound.sounds	1	8372	044a69763e644428335dbb18e6f1d626ef681af0
sound	18	sound.vags	1	5140	50ea090dcb7a885c0c85a8ced84ecf71b6105cf0
sound	global	sound.classes	1	0	05fe405753166f125559e7c9ac558654f107c7e9
sound	global	sound.grains	1	4960	d1c88f6792d11c99bc9024258c1b81e47610f10d
sound	global	sound.header	1	76	51a3f848e34715f0c0588d1774f31f9c06b70156
sound	global	sound.level_defs	1	0	05fe405753166f125559e7c9ac558654f107c7e9
sound	global	sound.map	1	0	05fe405753166f125559e7c9ac558654f107c7e9
sound	global	sound.music	1	0	05fe405753166f125559e7c9ac558654f107c7e9
sound	global	sound.pcm	1	515984	28ca895840d63f2a7f002be36c7b5a22a1e64973
sound	global	sound.pcm_opengoal	1	515984	e88a1b1ae3441837437f5fdb3f10f2389c72d238
sound	global	sound.sounds	1	280	7db2283869deb275ec4884061e291f48dd440315
sound	global	sound.vags	1	360	316abbb8f7bceafe1480a7e641f16ab83b77de33
textures	00	texture.billboard	13	250222	0ef2671d7e88a06a8fde645a4aeca466c3ef978d
textures	00	texture.moby	123	6306931	7b8fcad81f24b521b2145c00ca09ceafffc1c1e6
textures	00	texture.shrub	70	2230092	849f50dcc82d0c2f3573dbf10149d1e1417615ea
textures	00	texture.tfrag	78	3516488	0d173039c7125920e94b9aed452a5201942dc87e
textures	00	texture.tie	131	4705460	716b7b7b459719e0a67cec015b3eacb477f8cf27
textures	01	texture.billboard	3	24660	0e8592c2b144f2699f4ac4ecd7c9f610ac515369
textures	01	texture.moby	237	9369581	61470d7647f4b6a329291eaad821f4dce7f7a866
textures	01	texture.shrub	90	3246450	5fa089ce3c3abbab6356a541058356c417e76bca
textures	01	texture.tfrag	87	5249394	812a7bf56ab88fc1eb5eca1fb44d806894a51e6c
textures	01	texture.tie	202	8721360	2016747c2ce8f8cf6f0e20ec66a5189f2b46e16a
textures	02	texture.billboard	1	16412	bb96233ae641b6e59463c662d1b890b138b8c081
textures	02	texture.moby	194	10040268	07371b6fb5b5e87998c016a847582b3798810454
textures	02	texture.shrub	52	1996156	2f6a3816f0003ad06b8be26e4b1effc7183c2bed
textures	02	texture.tfrag	79	4872344	492bd47829dd3dec23a94994c7e46bd200fb07d6
textures	02	texture.tie	114	7031660	08b045842e36c6d39833d1b41bb5c62b26850a64
textures	03	texture.billboard	7	151750	574541c7fd20606b818a589ba5465c81fdb205b3
textures	03	texture.moby	180	7205426	b93a7ec6bba723bbb5607f807d9ffeab252ed106
textures	03	texture.shrub	58	1799692	3be332300bbf23c09afde9b57a3ac458e14127f6
textures	03	texture.tfrag	66	4130608	a298b1cd4338fcc29ae09487223918355e531349
textures	03	texture.tie	127	6639782	d06dc0e23e5a9da7fe95f9b5d18d2febb5bffcea
textures	04	texture.billboard	3	147544	418cc7520f8cde12d98928b0562917ee41352617
textures	04	texture.moby	178	7710196	f0886bf5b0c82bd4dd8a531a6be1ba7f1ec444b1
textures	04	texture.shrub	86	2394350	51724f86e2542408e8f04cb27ce282325b5fa971
textures	04	texture.tfrag	47	2245890	d19ec1eb159b9815b4e266e77d9b3eef2e1bee8f
textures	04	texture.tie	170	6598796	464207d97e3df94561270b4035d3f0beb97a6fd9
textures	05	texture.billboard	5	69772	0a0d9156f383e12f6f76812bb6995eff3df36bbd
textures	05	texture.moby	207	8358109	4cbc15073106c0601e295100eab487063460c726
textures	05	texture.shrub	43	914538	a2167b41fec5ef5335613c1ae6ce8b92c36095a1
textures	05	texture.tfrag	82	3250338	6e11267bc768e09bfeab40454619e91492a82bc6
textures	05	texture.tie	169	6299758	3cebd5b7866f6dec37fc8815d1c779421f441d0b
textures	06	texture.billboard	2	32824	4882225c163fadd56d675e704f149edd61141e59
textures	06	texture.moby	222	9234058	51f3a7f6e510a1375479fc4e5c41b8daf90d2e4a
textures	06	texture.shrub	63	2115222	d94abbf542fe4bd157c37db05d128ccff1f5f6f8
textures	06	texture.tfrag	138	6762178	2337738170f45e73dec35fb5f24dab4f45ad0b3b
textures	06	texture.tie	162	7254006	ac004db1d7593b0ee0fe05aea98cd0636c919ee4
textures	07	texture.billboard	2	32824	39472894c691fad63e38db4b80070c94ad7b2972
textures	07	texture.moby	200	9680982	0bc25659e4b2fe67757ffa38914ca7bae6063b9c
textures	07	texture.shrub	33	1278840	b281e2bd91f4189b0cfd1510d83bd56f81ff8065
textures	07	texture.tfrag	66	4167474	03e682fdde50c27ee57711d43ff9548654d945ad
textures	07	texture.tie	85	4515960	e87d26c5da912b08cb54eb48aa5df2a0853e3e39
textures	08	texture.billboard	2	32824	947d7b4b2b39c123b6df61d5f8b899ef6a17efa8
textures	08	texture.moby	216	9903610	bb749c18216e1bf129d9c723d160a1cad9b04fe2
textures	08	texture.shrub	11	303398	74cc27f97792d13959ad070aa507f41cb46ecb3f
textures	08	texture.tfrag	42	2249860	56ebee4afd6f678129e00d8a22a163824d7abbd9
textures	08	texture.tie	148	6397578	06b40ec5a3d0a5d07b6124bb6d75ebd5513e82dc
textures	09	texture.billboard	9	123132	3051e8740d3402582d22e4feb1112070ab3a4a3a
textures	09	texture.moby	192	8870774	edbe6b6267f3a70cbdcda70efe6d7aee9e6b8494
textures	09	texture.shrub	43	988274	07bb41eb2ed1af9521f3dc6b59cba5e64ec0e943
textures	09	texture.tfrag	59	3561064	5197e8a533b1e949630f2b0d5ae2990e22773aba
textures	09	texture.tie	94	4639056	75b22ba91934effef1cc2e654511a9593cf3ea0f
textures	10	texture.billboard	3	36948	7f4e605374fc2454a3cfdf409faff6f6d0b5a443
textures	10	texture.moby	196	8143832	c453afa9ce793995ff3a8776e4af1b86519b4dd0
textures	10	texture.shrub	58	1787404	53a1fc45f5f7dd7bdfaba0fe6c02c5bfae3510d5
textures	10	texture.tfrag	75	4278298	d7aeee43f6092da806fad52fa2bacc0eaea2654a
textures	10	texture.tie	93	4253992	6ec1490c6f163cbf7a278354fc333b83ff8f8a03
textures	11	texture.billboard	2	32824	627220e8d8cc0091b6f6123c9a11bd051a699aec
textures	11	texture.moby	198	8348688	5556d09b28934a87427e1201d22f2e5a13441334
textures	11	texture.shrub	48	1217782	09424f7e1994948cdc7d2d72065872874c434630
textures	11	texture.tfrag	72	4573146	25f900a68632f36565747da25f5b22621145f894
textures	11	texture.tie	117	5716888	a246c688426c34686db560dfee4cc0e6701f59ec
textures	12	texture.billboard	6	98472	1add4ef3f7b201b2c64338844399b73aea4971ce
textures	12	texture.moby	221	8329783	240c3b99b4f46318aea69085a1c03d90b370d79c
textures	12	texture.shrub	37	373700	3f7769fc67a07bf0334988b0db4e6b43615f8cb4
textures	12	texture.tfrag	142	6274832	68caae0ba62e3f04946b0c2168fc0de3c90d0b02
textures	12	texture.tie	160	6029200	580e27bc783e8b83dde1e00a6e9f23ff92e8b2dc
textures	13	texture.moby	232	9911168	f2eaa0d0d9c9902356614654c0679b474c815d94
textures	13	texture.shrub	35	2098110	5baab07b874c994301080af2082c0c9c604aa812
textures	13	texture.tfrag	89	5540272	c1bd1371d2318cc5452e198f4d956748bcf0bfa7
textures	13	texture.tie	145	8179334	79b81b221781bc438dc0f623f6b3d200d7eff34d
textures	14	texture.billboard	2	20536	b8b7ae7a6689aaadd992b2d9b3386fbaa00a7cf3
textures	14	texture.moby	183	8262291	3a9dabeed158415dfe821f4b66e54b7930b06e3a
textures	14	texture.shrub	43	1639558	ce38385d70afc2e6eade63e42bd105c210fc3752
textures	14	texture.tfrag	58	3028538	7a2566a5e9b5a1d0115203b7ab9be0aab993834c
textures	14	texture.tie	116	4926304	8f50131532e3ee772c6564fd0f73763a50937ca3
textures	15	texture.billboard	3	36948	883b8300ce0f1171769395ed369a48b31f44be43
textures	15	texture.moby	209	8295711	89356018068c047cb4983567796089ce23529229
textures	15	texture.shrub	48	1660166	f760f5f0a2260c0f23697e3103a79643563b4526
textures	15	texture.tfrag	155	7299202	9e1f3ad05a051e3fabebb994dee98b98266f2497
textures	15	texture.tie	166	6311980	1f3e0035bc6c8656dc10850d6f0462a5e1f0c44a
textures	16	texture.billboard	8	131298	6ddc5b8005ab51f05aa0e90c7c92bfd8c69d5aa5
textures	16	texture.moby	222	9501328	ecb6a7d9b9ea21dee0f18e9e50f94bbb5fe4f277
textures	16	texture.shrub	55	1357230	00d992121f6b4fa5da65a48976c926840c66a508
textures	16	texture.tfrag	73	4491248	81d4561c3bb171ebe6ae1fba1a5be99a3888ab96
textures	16	texture.tie	109	6064872	fc7e8e0d382b98fe772922198cb04a549ff281ad
textures	17	texture.billboard	2	20536	ba1bd0ebfc115a81ce93d3fa0bb0ea2fae208ab8
textures	17	texture.moby	223	9103005	a23575a80b23aae25de9fe8b8832e3750da5e9ff
textures	17	texture.shrub	20	500242	3c13e1b54ca13031658784d0cfb087ef204cb8c3
textures	17	texture.tfrag	92	6007288	23d0c931061a56f654edf2ce42964597a350740d
textures	17	texture.tie	82	5056560	40bbc6b17de8c780b4bad34ffa6ccfe88fef0cba
textures	18	texture.billboard	10	200986	aea7d039bde26bc0713d605e48c062b3ac090fe4
textures	18	texture.moby	237	10570767	ef499dded6b41f07389212122f9846915c809369
textures	18	texture.shrub	70	2316112	00dd63ffb570d40f919c0edff52623a45a97e6c2
textures	18	texture.tfrag	139	6323910	716e216d317d5d8d72687343727be55d87073892
textures	18	texture.tie	159	5914484	fd93d6c8f800122c8cd20a03ac3683c1428c2edf
tfrag	00	tfrag.ad_gifs	460	98000	6e968ea4203570fd76f746e181be2f44743030dc
tfrag	00	tfrag.block_header	1	16	46acc0d0bae4c26afbf53c44193816763d14084d
tfrag	00	tfrag.cube	460	29440	5db6ddc3176470ff18ac429946afdc193299767c
tfrag	00	tfrag.header	460	29440	41fa3d0f47442948d7d12b108a0ac2b0d92f7b65
tfrag	00	tfrag.indices_lod0	460	29772	04b7cc93dcaee7ededf0cb032c8ccdd980fde100
tfrag	00	tfrag.indices_lod1	460	12444	b873ba82af1c4877a78a6222e553e8aefe6ffc33
tfrag	00	tfrag.indices_lod2	460	12444	d5b03142f780f192e349766bfea3b0d0e8692e6a
tfrag	00	tfrag.lights	460	187200	71e5882145cf4abfe77e83d3343554f77282d9c6
tfrag	00	tfrag.mspheres	460	69536	7636d21f022ea34b0936ba34975d2bd02fbfb64c
tfrag	00	tfrag.origin	460	7360	a16e5cb39b8f7c735664a80afd39b9ee852e01b1
tfrag	00	tfrag.parent_indices_lod0	460	12768	2279d24528080822aaabc59021fd7e6702695cfb
tfrag	00	tfrag.parent_indices_lod01	460	1840	e341d3cd3cd0ed5bd0424ea46519bc270e63c54f
tfrag	00	tfrag.positions	460	140400	c8219062d67f441a23455e62e2b77afe47629c61
tfrag	00	tfrag.rgba	460	96256	4468b07440400ff72d0dd7c26cd0eab5f48344b6
tfrag	00	tfrag.strips_lod0	460	11572	c09f90937bc74dcfb7897d82b8cee0b63b8ebe2a
tfrag	00	tfrag.strips_lod1	460	8624	8ae1d6f2ec7a32aa26a42f3ed0746f0469787a92
tfrag	00	tfrag.strips_lod2	460	8624	9ad30a627b84b715d6e68004b43015f82b865356
tfrag	00	tfrag.tier_counts	460	11040	f74ec4cb44182c5aca8fa08da2d1715a818f221d
tfrag	00	tfrag.triangles_lod0	460	196160	10382ea27efb313afc01731ff7213db6cf506cf4
tfrag	00	tfrag.triangles_lod1	460	69536	46af19a0cbd5841ae081a737760cd1aed7804cf2
tfrag	00	tfrag.triangles_lod2	460	69504	8e7383299c743209fafc6abca40a7887f73fd7a4
tfrag	00	tfrag.unk_indices_2_lod0	460	856	88c2a291034fc092e196778ace117f87ae7b15e0
tfrag	00	tfrag.unk_indices_2_lod01	460	0	9f6cb43f61ffc30b41e4abdf13fcbeebc6c9bb71
tfrag	00	tfrag.vertex_info	460	198064	4e1b462c7c213bd1dc30df2b7ee905a6b9dad569
tfrag	00	tfrag.vu	460	18400	77f68476df43fbe5d880037a84d68b0a06eb74a4
tfrag	00	tfrag.world_positions	460	297096	a03e4954c9654420773513c5f7eb8a47caf7a38f
tfrag	01	tfrag.ad_gifs	1004	173360	652290f2307462de063ce6a6925dca051576b6cb
tfrag	01	tfrag.block_header	1	16	dd0e957857f0b5f0c0e538df808b17c2bd0dc913
tfrag	01	tfrag.cube	1004	64256	c08df6a2e5fde4578c4b88959d6136e36f7720a4
tfrag	01	tfrag.header	1004	64256	c446b45886c98b529af030572a72a4b0b8459a96
tfrag	01	tfrag.indices_lod0	1004	74392	c4c8b102a6ddc91eecabbc42a5cd6628c17b5cc7
tfrag	01	tfrag.indices_lod1	1004	25672	67140040ed0a0541413cb05d1e861c23d6d1ef5c
tfrag	01	tfrag.indices_lod2	1004	23840	99a232f38890684c4490640e6ea73beae04abc00
tfrag	01	tfrag.lights	1004	410648	e0987a0877dc95075b438b8647e04cebc8b6a292
tfrag	01	tfrag.mspheres	1004	131552	29f058d8470ee2ee598da4f59aaf411a2686965e
tfrag	01	tfrag.origin	1004	16064	0f9fecbf61d81839b08a196d6e2d39a4270d965d
tfrag	01	tfrag.parent_indices_lod0	1004	31796	39c444e62356c26a1840a393ff84f80e4453d0bd
tfrag	01	tfrag.parent_indices_lod01	1004	4968	3e0f7481463f80bf07ba5c1ce41b5b97529326fe
tfrag	01	tfrag.positions	1004	307986	61cd90e30d07801ffdb4511fdb6d30061f37a3a4
tfrag	01	tfrag.rgba	1004	211440	3baa1c64e2b36314042913f5e2dc0f49f6379075
tfrag	01	tfrag.strips_lod0	1004	27968	31dfc5be7abf76e5f0153a53e9766191dd477951
tfrag	01	tfrag.strips_lod1	1004	17908	e6e7e125e68770dea4386bc7ef2431bbd30c7c96
tfrag	01	tfrag.strips_lod2	1004	17352	657b305a37e65382840a8039948b55c714c806fe
tfrag	01	tfrag.tier_counts	1004	24096	def10e962fb55717c85a027992f17ed9895531ab
tfrag	01	tfrag.triangles_lod0	1004	495352	c3cabd3556e1099e6856f434fbe2dcf32d8a21cf
tfrag	01	tfrag.triangles_lod1	1004	144904	7eb4f6867a93065059c0970cceeae655b3422019
tfrag	01	tfrag.triangles_lod2	1004	131544	8fe5ca64cdddb8fd8cbea790769021cdd306cefd
tfrag	01	tfrag.unk_indices_2_lod0	1004	2308	2d3c2d4754d6b60dacd156f14bb4248a3e541847
tfrag	01	tfrag.unk_indices_2_lod01	1004	16	e125b202f6526ae36fd26332089d17a630e62774
tfrag	01	tfrag.vertex_info	1004	443136	42640605938b32aa857837cc9a852445123a3ea0
tfrag	01	tfrag.vu	1004	40160	0550c5bb13c15fc2277db42e3d3d93521ff6b221
tfrag	01	tfrag.world_positions	1004	664704	f2eb53a2e6857f3be5497fe73fddfd93fe2f7db8
tfrag	02	tfrag.ad_gifs	695	163440	8dc7f09072e9078601e0122c05e20a18a229f951
tfrag	02	tfrag.block_header	1	16	33b60e567848ef1700ab1269f020cd237f618cf2
tfrag	02	tfrag.cube	695	44480	9383245e0b777b231b5b20a34c7312d1f9c471b3
tfrag	02	tfrag.header	695	44480	d3e7b78690c2c517045091bfb0129bea6455dbe0
tfrag	02	tfrag.indices_lod0	695	52920	0be9a31abe85ddf274a14eabfa327838762263b7
tfrag	02	tfrag.indices_lod1	695	22360	52a89354560d5a3fa67d78b4014592e8daec1363
tfrag	02	tfrag.indices_lod2	695	20484	4704c2b808e07dee54e12a21eb7e1da82fdff018
tfrag	02	tfrag.lights	695	300888	3bc2eddf17d4a09ce4e9d9b49d7e3d9a7ad0142d
tfrag	02	tfrag.mspheres	695	103760	db0b708583e55583768030c477f107b316143b4d
tfrag	02	tfrag.origin	695	11120	3841f2b4376af20845ece972cc3b7362dd444e73
tfrag	02	tfrag.parent_indices_lod0	695	20288	0b9c9e7cb76a500e66efd534f06eb17a8f9a4d46
tfrag	02	tfrag.parent_indices_lod01	695	3680	60b0295e34455416940fb832674bc9cbcf1e038a
tfrag	02	tfrag.positions	695	225666	38cdace275572bf6b4406b8f1c012c0643f1625b
tfrag	02	tfrag.rgba	695	154416	92f96ca1d0976064ee2c71b70f7f73c206f3df3a
tfrag	02	tfrag.strips_lod0	695	24336	e0d522d18cfa41d02aa8ffed5fc20e188b1852c5
tfrag	02	tfrag.strips_lod1	695	17288	43dfb3f794c8483cad390ef123fa6d231e14fcec
tfrag	02	tfrag.strips_lod2	695	16864	89faa1beaf7a9de92cebe43197330e5f8f6f6621
tfrag	02	tfrag.tier_counts	695	16680	9788cdc41c4872fc2c5d6f78bd88a495bd20c691
tfrag	02	tfrag.triangles_lod0	695	333944	7c291201d8c3c0551a73ab50a3458071a3e7fb22
tfrag	02	tfrag.triangles_lod1	695	116776	e969ec2805e09facfbd4029e61756ebcf47b246c
tfrag	02	tfrag.triangles_lod2	695	103752	82cda2975073c4413ed79446ed08691e0ad0cdcc
tfrag	02	tfrag.unk_indices_2_lod0	695	1700	938fab39f5a86670977fbae1c37758be60893d94
tfrag	02	tfrag.unk_indices_2_lod01	695	112	3429802de710326376b3633c38242dbb2d7a2384
tfrag	02	tfrag.vertex_info	695	329936	631af2653245f61448f4dfc8aed3c17973f8ed4d
tfrag	02	tfrag.vu	695	27800	50743044e3bb32fadb8d517d5a455c23a34995d3
tfrag	02	tfrag.world_positions	695	494904	9053a1f17fbe0e3e53511260b550cd8df632fe20
tfrag	03	tfrag.ad_gifs	1006	201440	737b4f8cc6380998a3c36ac1c84cc4bc3a8251c8
tfrag	03	tfrag.block_header	1	16	29460dbbd087ba6ce3533464cab44253d5d41e1a
tfrag	03	tfrag.cube	1006	64384	fc9ac53a53c144b4faa97eacb550ec9914f0c8fc
tfrag	03	tfrag.header	1006	64384	6f45330ee55bd1f0146b08b18a227fb8d3616f3a
tfrag	03	tfrag.indices_lod0	1006	75064	7549c91b62d33aa43f8d360631ef596317b8564c
tfrag	03	tfrag.indices_lod1	1006	33360	2a2045d525a48ce80358c98bb0b2b08b18cdcfb8
tfrag	03	tfrag.indices_lod2	1006	28096	7de0d684cb55901c29fa9e62fb67737d08407a5d
tfrag	03	tfrag.lights	1006	461264	45d548c18bc6a10ea76a0b3c22e6c92aafc06a99
tfrag	03	tfrag.mspheres	1006	150464	46e5cfdc6c7bc0a6716c7fdaf3e72da79dd40246
tfrag	03	tfrag.origin	1006	16096	d1869542467a77ccabc7b82a7e996c441c587389
tfrag	03	tfrag.parent_indices_lod0	1006	29852	66875068d7f4ca4df0e8089da16968c3a1efcfbb
tfrag	03	tfrag.parent_indices_lod01	1006	6716	224a70e80b879e79244dbba4dbe829bacff9d057
tfrag	03	tfrag.positions	1006	345948	4bfe33c5cea7bb2765c505f4add4dce8c43d9f03
tfrag	03	tfrag.rgba	1006	236896	9ba2cfa50f6ac2ed4c6004443c06a2bcaeea91fe
tfrag	03	tfrag.strips_lod0	1006	29152	cd361d1c2adce5546c33bbd85505c2735c449607
tfrag	03	tfrag.strips_lod1	1006	22020	7c936eb4806041ef53e648d81ca433aaa354a62c
tfrag	03	tfrag.strips_lod2	1006	20784	3b7ed22538fb8acf49c25d48f98cde917aa2f607
tfrag	03	tfrag.tier_counts	1006	24144	fbd0ac4ae262c0a74e0c3262383fe9a341c7d558
tfrag	03	tfrag.triangles_lod0	1006	492992	e29e2da6ba4c44fd9173ee5c342d674118b4bc9e
tfrag	03	tfrag.triangles_lod1	1006	188432	0922eddd11dee5209eb0b8516cf2ae26a136e71d
tfrag	03	tfrag.triangles_lod2	1006	150464	93563e83a5b39920a0985919e2e7d6adc3b7d74c
tfrag	03	tfrag.unk_indices_2_lod0	1006	1196	5a4110430f19100f9314edb640f79b50bd82ef9d
tfrag	03	tfrag.unk_indices_2_lod01	1006	104	079b1cd1fb16a6671620c98bb5211c7f79586f40
tfrag	03	tfrag.vertex_info	1006	479152	03c22ac225de5a04cb10402798f1ecccb9c1f62e
tfrag	03	tfrag.vu	1006	40240	f4b053522bca0ec3c1bd44c9ed9d8472fd8e5151
tfrag	03	tfrag.world_positions	1006	718728	ebc94b06e6c2797930d7bc2a709d3ddc0ba177f5
tfrag	04	tfrag.ad_gifs	709	127840	32f242e3f35cd7c8de82c4c8521ab7f4a3929662
tfrag	04	tfrag.block_header	1	16	b54dad8bc63804d3f83d25d60be6e8181714eedc
tfrag	04	tfrag.cube	709	45376	866bd906a25cdcf4b5aa960294d6721d87101601
tfrag	04	tfrag.header	709	45376	8373f3d43172651ca6f51c438394c23947e9d1eb
tfrag	04	tfrag.indices_lod0	709	52096	9f86698fd37bb154611f4a9a9c75546660a5f24c
tfrag	04	tfrag.indices_lod1	709	20652	6a7f165ac025d1d1af33d22c924973a45a5347f6
tfrag	04	tfrag.indices_lod2	709	20020	4e22c82f742ed219630caa942aa217eaef2d895d
tfrag	04	tfrag.lights	709	298512	ae50fcfca37a7bcb386f6185cfcd1000ccf66a58
tfrag	04	tfrag.mspheres	709	115824	fee166a2407684ccb2ac6db8c47e6e7d98bfb192
tfrag	04	tfrag.origin	709	11344	6c5b3cd4d0299d7d0f0710e7d32aef6e942d8b76
tfrag	04	tfrag.parent_indices_lod0	709	21480	8a411a27a6789329b4ae15dff71f1b5deea9daf7
tfrag	04	tfrag.parent_indices_lod01	709	3156	dfb9570395440ae24eaf9bef4f2d0f4b55604d18
tfrag	04	tfrag.positions	709	223884	3af3566cb22458029807a852cfcc4a5b6110b536
tfrag	04	tfrag.rgba	709	153248	82c50c6ef0640811a8c1d91c40729a38e21a3e06
tfrag	04	tfrag.strips_lod0	709	17868	cc345f7391dcd58ef46b0de0a874455dae188455
tfrag	04	tfrag.strips_lod1	709	12952	244810dd417f6c94db6a4275b4169c2efd035155
tfrag	04	tfrag.strips_lod2	709	12852	7e10e220a9c7d148428e6f2e5d7ec26b8fa22818
tfrag	04	tfrag.tier_counts	709	17016	868ef07e08574c50630c699de84c49a965a804a0
tfrag	04	tfrag.triangles_lod0	709	351696	fdb3b84db982dbaab53e760cf5ff0f93d6b31aca
tfrag	04	tfrag.triangles_lod1	709	120544	1a977e746b6309c06a9b6b6cec009912e107c088
tfrag	04	tfrag.triangles_lod2	709	115824	b19a0d392d9e6eb6b66ce7102bab4d8d264dc5dc
tfrag	04	tfrag.unk_indices_2_lod0	709	2356	8ab74ce2a74926a5b1a074efef739f5e086c143b
tfrag	04	tfrag.unk_indices_2_lod01	709	108	34ad899308545e3d25121f45bf15dfae79113c3c
tfrag	04	tfrag.vertex_info	709	331328	da61059528be32fab6e467033cd432919a681a52
tfrag	04	tfrag.vu	709	28360	83a0054c3ba2e8645c2926ef10d0f73e022f9b19
tfrag	04	tfrag.world_positions	709	496992	80244ddf45d5683a2c97b577e605c907c3f6262a
tfrag	05	tfrag.ad_gifs	847	173520	16c5e7ff7ed9bbdb25bf854c25389e46cd8f4fcc
tfrag	05	tfrag.block_header	1	16	8569eacf67906a3144b5ab049481a9ecead245e5
tfrag	05	tfrag.cube	847	54208	ef1763ddc0c04a817be3e2778d7f185ed27c6449
tfrag	05	tfrag.header	847	54208	ff45266231437aa1df19861ba670eb629e40f768
tfrag	05	tfrag.indices_lod0	847	75600	c2b1f18c63b2651922a06b95c32c8a5d635fa0f9
tfrag	05	tfrag.indices_lod1	847	26080	dd64cd1ea1df72980e15601315608f41fae9ad5a
tfrag	05	tfrag.indices_lod2	847	25528	67f3059d9f50def10c1c98435fec700d82529c96
tfrag	05	tfrag.lights	847	419912	af7aad613ad56fd96e5e3fa7cdd71643f373403f
tfrag	05	tfrag.mspheres	847	144400	f0140684263d9bd36bbad0cbf8f9cfa65cd7d74e
tfrag	05	tfrag.origin	847	13552	7442c4128e8bc6ea7e173285cd79c6731a6b061f
tfrag	05	tfrag.parent_indices_lod0	847	32280	4140fb0eaafe504b941f403d59029e0576aa649c
tfrag	05	tfrag.parent_indices_lod01	847	3576	a9efa2279a846ca91a821717183c2d9d404b77cd
tfrag	05	tfrag.positions	847	314934	8802d53abac95a2bb1344d94e05ee7989fe3025a
tfrag	05	tfrag.rgba	847	214608	f7dfb4441334851070b58b676f8432544d8d0605
tfrag	05	tfrag.strips_lod0	847	26836	24e03e9e5d2aa6095490e2b162ffe02dccf12770
tfrag	05	tfrag.strips_lod1	847	17024	e35fc0308ba36892b58bf9389611aace5f9c8a5b
tfrag	05	tfrag.strips_lod2	847	16960	03047630d773cdcd14ebaafcf15bf61dbcdc32c4
tfrag	05	tfrag.tier_counts	847	20328	2a6312c0e54e411c6ac46c4572f0c46c3220d0ac
tfrag	05	tfrag.triangles_lod0	847	506752	cea2af7bc6bfb7fd997ec60e4d21b2480a54932e
tfrag	05	tfrag.triangles_lod1	847	148592	d6837d6a1daff2ff444fdf18612444f1f3de603c
tfrag	05	tfrag.triangles_lod2	847	144400	68a9ac6d91d2b0674cc503585b64601558ffcafc
tfrag	05	tfrag.unk_indices_2_lod0	847	2368	c302d388d15a904f7a6379afb82ef26a71dbba3d
tfrag	05	tfrag.unk_indices_2_lod01	847	124	61fcf38054b58cc453320a863e3504d0bd01b2af
tfrag	05	tfrag.vertex_info	847	452360	c0f61c591e010e6fdef89c2d44747fb27a1572b4
tfrag	05	tfrag.vu	847	33880	578da8ee1905b03938d19ba1a77258a94b40124d
tfrag	05	tfrag.world_positions	847	678540	b8b22737781202fc85bfe834390c93c42cbf3b07
tfrag	06	tfrag.ad_gifs	2144	415200	46fcb7a002bc97f6f38835a43154f54e6a16d523
tfrag	06	tfrag.block_header	1	16	e6dc24c8e40ca9bb51ed50b26c860d4f1e3c1dc4
tfrag	06	tfrag.cube	2144	137216	1b27d659c6d7d2afb7afc7358a519c383adf2a99
tfrag	06	tfrag.header	2144	137216	122c1adcef47ff8b322cb94db3b3e97b00411379
tfrag	06	tfrag.indices_lod0	2144	143072	663d71339e1dc6979ae31d7f3205d002732e7709
tfrag	06	tfrag.indices_lod1	2144	62360	230e40d882f6ca91353c09f8ce900787dcb1cadb
tfrag	06	tfrag.indices_lod2	2144	60156	f335ad96e5d189c6ac8dcec19a06233172aa8b8a
tfrag	06	tfrag.lights	2144	896400	67403ce851ef10a1034637d1cfd423990d2add40
tfrag	06	tfrag.mspheres	2144	323360	596f7d8d0094703c3da48df977e64d71cf6f7384
tfrag	06	tfrag.origin	2144	34304	f82849010d338977255dc778f935405c1ccfaa14
tfrag	06	tfrag.parent_indices_lod0	2144	59272	eeca3ee43abe256c408ce2e2b09d5ac07f75e3a6
tfrag	06	tfrag.parent_indices_lod01	2144	9624	c4884a24ccb8bbda77960f5ca395728da3917122
tfrag	06	tfrag.positions	2144	672300	1b8ae1f57831da8d13ac39fc2c647e3932c683f0
tfrag	06	tfrag.rgba	2144	460592	b0b04e44409b30d5c811a4f6612dc00d0ae3b49f
tfrag	06	tfrag.strips_lod0	2144	60196	fe460b11b4e168b65c4b791311da0e9a66e5c4a0
tfrag	06	tfrag.strips_lod1	2144	45116	e8a6f890209415fe3038d061ce6ba9fdcc0af6f3
tfrag	06	tfrag.strips_lod2	2144	44760	255170fd16934eb7aa6c25b62dce5cd59250360f
tfrag	06	tfrag.tier_counts	2144	51456	f5e6823212af2e7891556beacf5f52ce2d688559
tfrag	06	tfrag.triangles_lod0	2144	926272	560bec6651451a1585aa9b5e9f9b388a439d34cd
tfrag	06	tfrag.triangles_lod1	2144	339360	f98c19cdbe7e9b75873f6ac8645850e9c64dc79b
tfrag	06	tfrag.triangles_lod2	2144	323232	40e7adb9d31fcbd488f545f4bb0ca2a21726c268
tfrag	06	tfrag.unk_indices_2_lod0	2144	3044	629b73cd88660caa8c15748803b9292772621e23
tfrag	06	tfrag.unk_indices_2_lod01	2144	160	82120f41c3d26b9dc6f7bef2b101170ea766d43c
tfrag	06	tfrag.vertex_info	2144	938312	a5e62b88745b85f750f70cd4431f0261b73cdf50
tfrag	06	tfrag.vu	2144	85760	b702ef39ab47b0ba957435544e1194e0599ba5c5
tfrag	06	tfrag.world_positions	2144	1407468	e272fa496e503dec8513eb7bfd2244c026fe3e1d
tfrag	07	tfrag.ad_gifs	1027	202400	e9feefb3c3122ca6ed676cef97dc8d3f7655d685
tfrag	07	tfrag.block_header	1	16	f24fc8c5ac3bbf718c135820e2fb7b4de99539c5
tfrag	07	tfrag.cube	1027	65728	bde41cb0561443142062b70ae2dd7dd583f72f40
tfrag	07	tfrag.header	1027	65728	2fdae3e4d1c3beaf89424d4fbe7191a9fd97a8e9
tfrag	07	tfrag.indices_lod0	1027	56552	f05efba3b38e299b61f7f806e60ea3facc85b6e5
tfrag	07	tfrag.indices_lod1	1027	26856	f86871d1f4e6875b86f1cb0610b0bd109a10efaa
tfrag	07	tfrag.indices_lod2	1027	26332	db5a6f757df45ee522f1e1eaa686f3028783c9b4
tfrag	07	tfrag.lights	1027	348384	3ae509892c81da374dc2292ff63eeef9b41c85a7
tfrag	07	tfrag.mspheres	1027	129584	b194b1e20320182d7e97f44baa1f97b7819fe3b5
tfrag	07	tfrag.origin	1027	16432	244e650d28b783cc4f35b3cb6d1b7921f0613e88
tfrag	07	tfrag.parent_indices_lod0	1027	21312	d3e9b617d606af324522678f91f95aa8dc176868
tfrag	07	tfrag.parent_indices_lod01	1027	4208	77ea4bdcad8c5e6a8c42732338ecfbc9e32ba24c
tfrag	07	tfrag.positions	1027	261288	6d36b2d0f47bafe2e72022c9ee5b1f5214c179eb
tfrag	07	tfrag.rgba	1027	179888	32e8615f217c304f7ba1f079287ab95a3c5690be
tfrag	07	tfrag.strips_lod0	1027	30008	d453abf50d9ce94c845d30790e486715e44211b8
tfrag	07	tfrag.strips_lod1	1027	22688	a554017e77985363fe6eb66dcdc4fa36b5f8cadc
tfrag	07	tfrag.strips_lod2	1027	22536	a12c14db17c07730eb4128d91a3b50d695079844
tfrag	07	tfrag.tier_counts	1027	24648	6c69e25ac3bfe34e1a1116577a22215caf600126
tfrag	07	tfrag.triangles_lod0	1027	342880	c78feeefa1cf21005c882dfaa3e39cd42e0ccdaa
tfrag	07	tfrag.triangles_lod1	1027	132880	be51518c853c0f8c6fc13e7fa8286c58a4a9dc99
tfrag	07	tfrag.triangles_lod2	1027	129584	2d4242af96e31ec3430e062dc79d3004de91e706
tfrag	07	tfrag.unk_indices_2_lod0	1027	1724	8eae2e27f9ffa3ef8d9e69a06a91300fb9d23596
tfrag	07	tfrag.unk_indices_2_lod01	1027	12	a8daeb01b0ed817d91faf3fd047d01e34883b448
tfrag	07	tfrag.vertex_info	1027	375816	980033cd8ed22c82b8e6e6c3506bf1dc5836ea85
tfrag	07	tfrag.vu	1027	41080	4678b8165df127ef7066b8aaa2fe7f0fb5502929
tfrag	07	tfrag.world_positions	1027	563724	3875671f8ad43cc5f9267a09d7c5215e24213cd6
tfrag	08	tfrag.ad_gifs	454	79360	68c61cb36c4d0dd7c3ac80bec20dc45d426b655f
tfrag	08	tfrag.block_header	1	16	30c5786c621254e751b54132dec31feb56b4d207
tfrag	08	tfrag.cube	454	29056	61c6a5af80c5b60e6c6f11e70db5c6b431b8cc48
tfrag	08	tfrag.header	454	29056	6fa28864486ac5ecc5f7c8846ed30d3c728b55b9
tfrag	08	tfrag.indices_lod0	454	34020	e7c2e7717f25beb611b89e0bdee67ea35c7e78b7
tfrag	08	tfrag.indices_lod1	454	16592	b468ac21e2b3d60cc689175d50eed6349af5f475
tfrag	08	tfrag.indices_lod2	454	15856	57e352623ca08586046ea1602b1f18b841fb9d38
tfrag	08	tfrag.lights	454	204144	5e2eab0fe3580708512f317ab17d25894939c9fd
tfrag	08	tfrag.mspheres	454	87088	fc2a802c39315eb508c40df7da3bd49e543bf296
tfrag	08	tfrag.origin	454	7264	28a6071ba1452e7a75da4a10baee4e10eca616fb
tfrag	08	tfrag.parent_indices_lod0	454	12356	dc93e059ed204dd6c6a2e30870a8ab56021ff109
tfrag	08	tfrag.parent_indices_lod01	454	2080	efeadeb74479a2874a5cf68ebe30029ba9561896
tfrag	08	tfrag.positions	454	153108	ea158ba260c904432cc7f268c65bdb4ef6df7d39
tfrag	08	tfrag.rgba	454	105040	09f47c78160eda71ef296da252af971521fe7082
tfrag	08	tfrag.strips_lod0	454	14168	7c61bfe42b956e219be462e8facf6d70411331bf
tfrag	08	tfrag.strips_lod1	454	11436	a782401045149979b18d973e60654809ac964805
tfrag	08	tfrag.strips_lod2	454	11252	b9830eaee0664083b8efb0714c9456ad830cb28a
tfrag	08	tfrag.tier_counts	454	10896	cdb4655bc33cc5b8ae29ef2c658b671253a29fec
tfrag	08	tfrag.triangles_lod0	454	220384	448fde7aaa3e4cfa23f3f8bd1439cc960a9ffa10
tfrag	08	tfrag.triangles_lod1	454	92480	aced664e80cce8ee4fa08e9111f1c94b222999a9
tfrag	08	tfrag.triangles_lod2	454	87088	3b0134bd7884d37776c7eefae373049edd25e781
tfrag	08	tfrag.unk_indices_2_lod0	454	888	c7c7ae60fca9c3b421aa84324eb9941a1205622e
tfrag	08	tfrag.unk_indices_2_lod01	454	48	3403da83cdd92f1453d14676ad1b2c5780d31eb9
tfrag	08	tfrag.vertex_info	454	219896	78483f389c6ea893b70022d39a5060ec311a13a7
tfrag	08	tfrag.vu	454	18160	6a7ec7a6c35d4387ddeae1f012747dfb805b5d98
tfrag	08	tfrag.world_positions	454	329844	7586a071e8a72ed164b566845b534d2a265b3454
tfrag	09	tfrag.ad_gifs	444	126160	222f86934b92d2dbd811efd64f7279799f539864
tfrag	09	tfrag.block_header	1	16	db446cb26ccbbd319309a4453d15143d758b7933
tfrag	09	tfrag.cube	444	28416	06df99ad87024d0eac9897bd8f51e9a9551296b4
tfrag	09	tfrag.header	444	28416	c9eb3d58d433734828159480250e75863c00b701
tfrag	09	tfrag.indices_lod0	444	39948	b954b151422829ca05ebbe71e480813ccab28ef7
tfrag	09	tfrag.indices_lod1	444	15680	e1a5f90cf8da2e2898177c39b6cd9b59ec15a7bd
tfrag	09	tfrag.indices_lod2	444	14540	9538831d0bbf2992d2b12c7d249246a2da09af20
tfrag	09	tfrag.lights	444	220704	05c5e6c3b8a82b0e7cfd35c0fc6c22fed26feae1
tfrag	09	tfrag.mspheres	444	72992	494738ae51ebacca57420010d209293bee758ab3
tfrag	09	tfrag.origin	444	7104	7c8bc456780adbd39b07d001b1c90cac5340e77b
tfrag	09	tfrag.parent_indices_lod0	444	15828	6ada5db5df490d0c15de4883b45aba943568faed
tfrag	09	tfrag.parent_indices_lod01	444	2268	db08023b2c24ee38b893037986600082dc2e036c
tfrag	09	tfrag.positions	444	165528	ae5fb82bb167ac45db9c6a424c319c8833355775
tfrag	09	tfrag.rgba	444	112864	40df67fd313e0dbff16328a5d9718ccea25e7a13
tfrag	09	tfrag.strips_lod0	444	18060	8840d505ddce683ba63941e027efc77d232eec70
tfrag	09	tfrag.strips_lod1	444	12204	9e861444e82965d87c2d18cebfa5ba17743130dd
tfrag	09	tfrag.strips_lod2	444	11900	d2fffae9f383ec72b240464dca7b7a74fd03004a
tfrag	09	tfrag.tier_counts	444	10656	f0625913c3e640b7bc4e70fed54f1a94c1d5df9b
tfrag	09	tfrag.triangles_lod0	444	252256	fefa74d707d36db9cd94b02d1b797cefeafb44ec
tfrag	09	tfrag.triangles_lod1	444	80912	f2bdf6ad927e2589a0e4df90797e8e4342aadfcc
tfrag	09	tfrag.triangles_lod2	444	72992	d2a586f13d6a64e3845950d070d6b8f19c82f58b
tfrag	09	tfrag.unk_indices_2_lod0	444	1632	ca826cc3dc412984a0d862ed10e0ae4912cf4b77
tfrag	09	tfrag.unk_indices_2_lod01	444	128	b926af41a8255195d77801fea9ed4fd73873217f
tfrag	09	tfrag.vertex_info	444	249056	2b3ad60154b0660c3e7dd536e07ae828893712d5
tfrag	09	tfrag.vu	444	17760	a3e3e2586d35046bcc9a184e536dac7be2e1ac79
tfrag	09	tfrag.world_positions	444	373584	3906bc6db9dafaf475245a55e96266777a07a591
tfrag	10	tfrag.ad_gifs	892	202400	12acf13509cc9d6e18610e2a09d4a252931c65db
tfrag	10	tfrag.block_header	1	16	a93c9df81d1214aee1b3c9d41348b4c961a5e5dd
tfrag	10	tfrag.cube	892	57088	a20e66ff1b78609297f5a698abd605f87e736f78
tfrag	10	tfrag.header	892	57088	176e7224295f13a42203906839d43e6c0344483b
tfrag	10	tfrag.indices_lod0	892	64868	0f5e019cfe80be2a0222326617bf828589550ea2
tfrag	10	tfrag.indices_lod1	892	32288	bf4b309b680e93e9ad5627473ff030004905598e
tfrag	10	tfrag.indices_lod2	892	30592	9bdeaef0656930f0b02954f2af4a0fce5c31462f
tfrag	10	tfrag.lights	892	403680	29d90c990c32349195a6b545e379744366c32c58
tfrag	10	tfrag.mspheres	892	164432	bb9d778ca99fff1ada930c80940fa80e0588f204
tfrag	10	tfrag.origin	892	14272	f6e54f7834f5cd3b4542369ef88523c99f7b7e79
tfrag	10	tfrag.parent_indices_lod0	892	23448	99d4173b35ad82d25a714d463b148006c6c37578
tfrag	10	tfrag.parent_indices_lod01	892	3740	ae07618098f5c0902ad3b7e393534be65c27fad6
tfrag	10	tfrag.positions	892	302760	7cb9181e2234470c5cdf0ab084a4459904a25c8a
tfrag	10	tfrag.rgba	892	207216	afe7a65f7ea5fb06e0923525cc0f81aa2294bacc
tfrag	10	tfrag.strips_lod0	892	28512	f7db9fafe52b1eaa39063fe535139848e08537b4
tfrag	10	tfrag.strips_lod1	892	22100	4f1a13653225dea578f038ff55c757b8eaa443b9
tfrag	10	tfrag.strips_lod2	892	21748	076a19e88ad1fc8e0cbb31e5a57775a0df366274
tfrag	10	tfrag.tier_counts	892	21408	daa50f9d22e20a9511938bf3f21101c95a84b2eb
tfrag	10	tfrag.triangles_lod0	892	411680	0f1d3a2c24ffc68c583bc049c9dc947fb738426d
tfrag	10	tfrag.triangles_lod1	892	176432	1cb75d07a1366d6e964f3f4bc9cf4b58683f961b
tfrag	10	tfrag.triangles_lod2	892	164384	31eb57fc36b9f4d86f3a88a53505c9fdf5e21b70
tfrag	10	tfrag.unk_indices_2_lod0	892	1228	cea262b2457ad6c448400eb22d6334f14bf3968a
tfrag	10	tfrag.unk_indices_2_lod01	892	108	95a5b2c382174d1f8ee6a901cdfd79c24133bdb5
tfrag	10	tfrag.vertex_info	892	424840	2de331498a3600363e217ab31325357c489106aa
tfrag	10	tfrag.vu	892	35680	551cb72dcdc24aee22b31bfae9f4ec746ed7f874
tfrag	10	tfrag.world_positions	892	637260	24aabf84be1893ae8596ee78efa038851875c494
tfrag	11	tfrag.ad_gifs	1170	205520	a3ff6b10284df9146083f3521c8ec64964a9169d
tfrag	11	tfrag.block_header	1	16	f2b760276c3205761bc88fea80155397eea6fccb
tfrag	11	tfrag.cube	1170	74880	ee4e0e4e5118f886b5890cd179d43f6fbd6151ee
tfrag	11	tfrag.header	1170	74880	46aaef6a6fd22bd999739390f96d4e3cbdb65eda
tfrag	11	tfrag.indices_lod0	1170	65296	22105b55134dbc4e370f254b8806c1a02bf31bee
tfrag	11	tfrag.indices_lod1	1170	25336	9529a6697a8a2357fa52ae4d1ce01d6ad201e95f
tfrag	11	tfrag.indices_lod2	1170	24268	dbfad6ca60f901819edeb7842248382e89aa56df
tfrag	11	tfrag.lights	1170	379728	998a04a27509c0a46c3db6f2d4cc15b58df9f902
tfrag	11	tfrag.mspheres	1170	129808	d04b4a15d5a7a0f29c4ffdc8ee32ac0de3234484
tfrag	11	tfrag.origin	1170	18720	4db9429039f439cc16fa04869c71e8a5794cafd5
tfrag	11	tfrag.parent_indices_lod0	1170	28292	b9c7d603c66f28de770a0c9abc9c44fd3e93b85e
tfrag	11	tfrag.parent_indices_lod01	1170	5184	8e37c58877f62c82ba06f57310fe93ecb4e79a22
tfrag	11	tfrag.positions	1170	284796	39eb2904793ad2f17158fbb93737ab6081472634
tfrag	11	tfrag.rgba	1170	197424	cc1bd1b16d90eed67cb22e2a80059b4ea418b1c8
tfrag	11	tfrag.strips_lod0	1170	28588	03ef1b547971ee5d01797d4dc79043c985a6cfa4
tfrag	11	tfrag.strips_lod1	1170	19748	3f8c0095baf8285365a3ec9c7ff0fd5dfaa4f3e0
tfrag	11	tfrag.strips_lod2	1170	19556	e35457456fd7404e938d50d32e002befc59a7157
tfrag	11	tfrag.tier_counts	1170	28080	b030bd56299add436df6b0ccf5cb9691d47db412
tfrag	11	tfrag.triangles_lod0	1170	423200	56b46f866f4a79d7d1eecb68bc58f3090e9631d0
tfrag	11	tfrag.triangles_lod1	1170	137504	45426aecd70cc10e89e02e7428da4df6d101859c
tfrag	11	tfrag.triangles_lod2	1170	129808	619e4677e2ede3d90b1d9ad908a1436a232c1ca8
tfrag	11	tfrag.unk_indices_2_lod0	1170	2336	cf55603306160c73ff04107306ec3d8d732edd28
tfrag	11	tfrag.unk_indices_2_lod01	1170	68	669416b8d4b9cb630ebba1f802bf3506eb84a671
tfrag	11	tfrag.vertex_info	1170	415552	bdfc70d3878f779e75afbe6103a650ad80e05d26
tfrag	11	tfrag.vu	1170	46800	5acc78b9c087975d43e192f3c9925bc048dc013e
tfrag	11	tfrag.world_positions	1170	623328	a871b5bff6d0625b3728bb09462670342a634d0f
tfrag	12	tfrag.ad_gifs	1108	258720	3a8c786fa84ead6bf7c8ecc1f7306daa7c4106ff
tfrag	12	tfrag.block_header	1	16	4d4dd7130d21ce633354293c94e5fe52d1e464df
tfrag	12	tfrag.cube	1108	70912	2a3695aca7e8aa3fa5634ffa75a0ecb65fc3893c
tfrag	12	tfrag.header	1108	70912	4d28c35dbabb25dfe2c9d91c5e8daa6178b7071b
tfrag	12	tfrag.indices_lod0	1108	97832	4253363c8053cfec9dca7e285d21b5cfbc4c6b39
tfrag	12	tfrag.indices_lod1	1108	41212	943c8b1b45718d92ad6ed0e9addc5ea954bed3eb
tfrag	12	tfrag.indices_lod2	1108	39644	d2649614dfe564a64cd51c98f5aa90e752c4f7f5
tfrag	12	tfrag.lights	1108	571592	7f828f80d02ca018e2fe363adec975fcf2c76ca5
tfrag	12	tfrag.mspheres	1108	218992	9c2fec0c704a545b58b0570f9c35c54811dcb4ee
tfrag	12	tfrag.origin	1108	17728	bf25b632e8d4f1c6801bfb77906584db608013e8
tfrag	12	tfrag.parent_indices_lod0	1108	38396	93163ec3f5403dbd32d0ad8de3bc754a0576092b
tfrag	12	tfrag.parent_indices_lod01	1108	5084	9a7eff2ed0111d640ddc5955a073ff36e2a1015a
tfrag	12	tfrag.positions	1108	428694	229a085f8b834c2178b7abd5107ff977001bc5c6
tfrag	12	tfrag.rgba	1108	292352	86655c2cad94aad7e1ec9dfc3bb478bd97383514
tfrag	12	tfrag.strips_lod0	1108	38432	020019bb634121c11c549d12a6f9528b5b3f2567
tfrag	12	tfrag.strips_lod1	1108	27560	62d502c74af637ac5c9a26439d2b87df8ae5a92d
tfrag	12	tfrag.strips_lod2	1108	27108	0a31f3ead225bcbbf906c11b493363e01220ec7d
tfrag	12	tfrag.tier_counts	1108	26592	66905621d80c003c0c1725f5ffec39e8107e373c
tfrag	12	tfrag.triangles_lod0	1108	641280	5bb250589ad9511b438cf85277109aae45d5c406
tfrag	12	tfrag.triangles_lod1	1108	229584	20c28109f972c3b779a222a0692cd7d818266ffa
tfrag	12	tfrag.triangles_lod2	1108	218800	d6041a2838eefdce0c46a75b440a4e4fc02fecdc
tfrag	12	tfrag.unk_indices_2_lod0	1108	2928	2a2fb13a0f0e4fb167e233eb3315f3afabdb5460
tfrag	12	tfrag.unk_indices_2_lod01	1108	40	811a4bbe6d65b955e0637de59e6d4ae45ebddccd
tfrag	12	tfrag.vertex_info	1108	619656	e14c3655e7df616b924ed51fdb70b6d95bf2d0dd
tfrag	12	tfrag.vu	1108	44320	ee92ac4c87dcf5e78445959fb454000117f68ca4
tfrag	12	tfrag.world_positions	1108	929484	5063309f1ed040af976410b4d9c69bfe654f0eac
tfrag	13	tfrag.ad_gifs	1096	272960	c8f5fe093077dce403af0f8868b50ffa3dd9d511
tfrag	13	tfrag.block_header	1	16	b9a3d98598697b6ee512228f2806cbd64e787f9f
tfrag	13	tfrag.cube	1096	70144	ba202e21122cae929ae9f37bc6983edb807e1a42
tfrag	13	tfrag.header	1096	70144	5cfdefabe23f952ab58259fe858ae3b57c6ea1c1
tfrag	13	tfrag.indices_lod0	1096	87696	2edbe063617d486511a73854f7b0c2cc81c1dd34
tfrag	13	tfrag.indices_lod1	1096	39904	083230e04ff5ca8797379ac8f252ff0e804deba8
tfrag	13	tfrag.indices_lod2	1096	37216	e47fed822ef753d6bca741b3c1fa48f005fe84d2
tfrag	13	tfrag.lights	1096	542464	30c4189cf0fba95672acd36abb0ad770ac64807a
tfrag	13	tfrag.mspheres	1096	199168	1ef23411e8b962ef30c7d1148f1d838f583a60be
tfrag	13	tfrag.origin	1096	17536	b89763c5a47d230d627a2c9511d6f8f42479d8c0
tfrag	13	tfrag.parent_indices_lod0	1096	34180	eaa675983e1f1945f8c1f72cf63fa89d96f79b41
tfrag	13	tfrag.parent_indices_lod01	1096	5528	98f8b2902994456ed3c83562986b9c4f57f119a4
tfrag	13	tfrag.positions	1096	406848	aeaecf83987ce06a3432933155a3d414757d7c17
tfrag	13	tfrag.rgba	1096	277728	4fbc4a513e92bdede38a7d9cb01f3dd584fadbf2
tfrag	13	tfrag.strips_lod0	1096	36988	5e6a4f44c850d80a4ecd4cce5020703002997bf1
tfrag	13	tfrag.strips_lod1	1096	27768	51978e9206d096f8d901b902836b17fa83e01c88
tfrag	13	tfrag.strips_lod2	1096	27164	adbee752c9f8e6eb5a4b59d7e80510897b0b36ca
tfrag	13	tfrag.tier_counts	1096	26304	d12d66e4b282c5449e4ca2e67506c224a06168aa
tfrag	13	tfrag.triangles_lod0	1096	563552	6681a9db64de5b2fbcecb8d8b1d3f82b4c388963
tfrag	13	tfrag.triangles_lod1	1096	218592	21ae80b82e3b930ff2bc33480aafc10f621467ae
tfrag	13	tfrag.triangles_lod2	1096	199136	cd262af5b3021ff7feeae92eca2f86bf8b0c0195
tfrag	13	tfrag.unk_indices_2_lod0	1096	1572	53cac3fd64635d65b9de55ef2596fef7ea216974
tfrag	13	tfrag.unk_indices_2_lod01	1096	148	219e26ec6d72389db006538ee6f73574bf773085
tfrag	13	tfrag.vertex_info	1096	563592	64de2565df3ae1a038e252b6a89aed35c1402000
tfrag	13	tfrag.vu	1096	43840	8cc57ec65dceeabca010d93a470b921d30fc8b28
tfrag	13	tfrag.world_positions	1096	845388	9e5372dd042d02304ede6220888ef1bd40a29e37
tfrag	14	tfrag.ad_gifs	961	171600	9c4d30cf9d24eee9efc7fc451dd73dac77ed4891
tfrag	14	tfrag.block_header	1	16	c2ef0de37df4ee22a9b97a29388d9b468d38b679
tfrag	14	tfrag.cube	961	61504	254837e6261032c4ab9d61207572760ae7234450
tfrag	14	tfrag.header	961	61504	35d33444b518ab908f467afa8057a94a2dfc4277
tfrag	14	tfrag.indices_lod0	961	64400	b3438bb345a25935aa2fdfdc2ed8d9e2bf98b00d
tfrag	14	tfrag.indices_lod1	961	27276	162087e495f9ccab2d153d99a5bc6e4158b6e2e3
tfrag	14	tfrag.indices_lod2	961	26968	942881673c7cad3fbe616f25dee6dc444cbbd7f6
tfrag	14	tfrag.lights	961	410888	842cc540b91b9b020c2624f55cf136a6a5445d66
tfrag	14	tfrag.mspheres	961	148752	5ec91b8cade8e2e1fc6ac95c113597155ffdd689
tfrag	14	tfrag.origin	961	15376	d02ccfc526b577eb31c3f0d1d25eb791590caa58
tfrag	14	tfrag.parent_indices_lod0	961	27764	40c235ea5820fbc86d73037f51f8ff8b5ea57cc3
tfrag	14	tfrag.parent_indices_lod01	961	3980	155699b83a4f4ccbc2ac5be421fab57b51408839
tfrag	14	tfrag.positions	961	308166	b65f8b11dc93d6121491cb8270a50ac5a939e459
tfrag	14	tfrag.rgba	961	212000	65cd3029c02a46a704686144a6d3e42ab1cdac9b
tfrag	14	tfrag.strips_lod0	961	25988	f218bbd1d9ed8fb78faab6adc2028c2b4785b1dd
tfrag	14	tfrag.strips_lod1	961	19464	c3f9d06f3c917a80fe9b697ba16e47a601f0119a
tfrag	14	tfrag.strips_lod2	961	19372	d323b423cc7c58febb085b3a26ef68125251ffca
tfrag	14	tfrag.tier_counts	961	23064	298c9e288263febbad1444e591072bcfa7be4729
tfrag	14	tfrag.triangles_lod0	961	421984	af8a45205729ec6b4b1074a161e414244f5c2455
tfrag	14	tfrag.triangles_lod1	961	151008	8b2bcf5fae221e9e85f9b266872b354fd2876a29
tfrag	14	tfrag.triangles_lod2	961	148752	1fc8c93bb638ad001f8da345e224e8bf43559116
tfrag	14	tfrag.unk_indices_2_lod0	961	884	791f294be7986e7f314a7d6dc552b21b151bde7d
tfrag	14	tfrag.unk_indices_2_lod01	961	0	da1198a72d0b8d864716ad1d484f2820de473851
tfrag	14	tfrag.vertex_info	961	426008	93207da88eecb6fe8c575857ee32a9f1bc8cbcc4
tfrag	14	tfrag.vu	961	38440	fb92d2a8521b357276f105b5906a9c2dea979155
tfrag	14	tfrag.world_positions	961	639012	27949380055b1fb4f0ea912de1c718ced70343b6
tfrag	15	tfrag.ad_gifs	2119	373120	348fbf6c09c9dced1673716b04fd6b8537cdfe96
tfrag	15	tfrag.block_header	1	16	4824f284c5c74cc171357046580fb9b19f07cfed
tfrag	15	tfrag.cube	2119	135616	f1e5c070036233b7c50ac9638ddbf6d3019a782b
tfrag	15	tfrag.header	2119	135616	6ec5f475c6f2b168230179365851c4072bd2954c
tfrag	15	tfrag.indices_lod0	2119	99620	78dedc9a92ceb71141c5b9c3e19067badd2e316d
tfrag	15	tfrag.indices_lod1	2119	50436	7e19f8fb65527ca7c628a835ea3183f74fc0bd50
tfrag	15	tfrag.indices_lod2	2119	49708	7c0332110e2d8ea7929be2e9b557a78174a5e6d1
tfrag	15	tfrag.lights	2119	636632	ad83b4310e19e3c27c625880dd22d79fbaffa423
tfrag	15	tfrag.mspheres	2119	266544	c43d4a5f37e91d4ccd976cefd9f69188d0dcc508
tfrag	15	tfrag.origin	2119	33904	36dd5ce2bfcc0ad69c5069545e084b8b4a6961bd
tfrag	15	tfrag.parent_indices_lod0	2119	36752	eb839db0b790da9dce38faf1d00c4160e4e94716
tfrag	15	tfrag.parent_indices_lod01	2119	5636	622aff87831a61f44e36c58f6184b4959e8b4207
tfrag	15	tfrag.positions	2119	477474	e2811787d1cc1977bd2242ff1c1a030a73f944dc
tfrag	15	tfrag.rgba	2119	327456	b44cff98c64563c7688524508f0ad12b9a1d3709
tfrag	15	tfrag.strips_lod0	2119	47244	8fc6e48bea5bd8282eb3f81b11af3cefd310f46f
tfrag	15	tfrag.strips_lod1	2119	38784	3c571f361e33ea0fd661e28d0b655a85f6886340
tfrag	15	tfrag.strips_lod2	2119	38624	3da5f74adc6ecfe20d61e18b6cebd5057176d9b1
tfrag	15	tfrag.tier_counts	2119	50856	d48f0200ab826d67ae058285b864e2803f2ceb41
tfrag	15	tfrag.triangles_lod0	2119	631568	db6c70676752685545b0fb6e8f5c1f81d423e391
tfrag	15	tfrag.triangles_lod1	2119	271696	964b4fcd59334c59cab6eafeac0091b6d85afdcf
tfrag	15	tfrag.triangles_lod2	2119	266544	18d05fb1380f96228e8f985a4c52e687b858cb9c
tfrag	15	tfrag.unk_indices_2_lod0	2119	2116	55f2d3c4510414940731ece2fe59607371b05759
tfrag	15	tfrag.unk_indices_2_lod01	2119	36	f275e74cf91fe050a8d62b6aaf3bc68588b740d2
tfrag	15	tfrag.vertex_info	2119	671872	2e60c98008ea0d92df81856a280ea76f09781a4e
tfrag	15	tfrag.vu	2119	84760	0ba0631d3025bd51c9fe281dce5f0527c859ea5a
tfrag	15	tfrag.world_positions	2119	1007808	9f694dae84bedd02f5e8f536915fc9aa2bdf0399
tfrag	16	tfrag.ad_gifs	1769	260720	4c2978cad175f9c23fa0c364e1502cb2b2a30f8f
tfrag	16	tfrag.block_header	1	16	dbad1530febed51ddeb2364de03df40c23b3b735
tfrag	16	tfrag.cube	1769	113216	deff83cb2e647155ac58188e45eb9214afd17ad3
tfrag	16	tfrag.header	1769	113216	bd8dbcc3991ee8ee0ffebfcaa1e03ef08af51097
tfrag	16	tfrag.indices_lod0	1769	78044	394c01487e95426d81b939f4cba63cd8f14559ee
tfrag	16	tfrag.indices_lod1	1769	40344	82afcfc5daf20b050a5bfd46e69dda6c02cae0ca
tfrag	16	tfrag.indices_lod2	1769	37628	d76c02d1bbcf5b33d2f7b14779afa90398913b41
tfrag	16	tfrag.lights	1769	520784	7d8dc24c227bfc3d0c533d86926120e8a1aa5dae
tfrag	16	tfrag.mspheres	1769	209680	b38edc60f6c9abefe475ba9d58c6199a4f63892b
tfrag	16	tfrag.origin	1769	28304	a843919068c6c9910972729527ae119c0ebca840
tfrag	16	tfrag.parent_indices_lod0	1769	30876	36bf8ea74d9bb5155c2a7c7e4c5b4c8147a2e7b4
tfrag	16	tfrag.parent_indices_lod01	1769	6972	2140a973b46604ee01e434088f7bd6c6b81500dd
tfrag	16	tfrag.positions	1769	390588	06a297d6d9023e79c4d6f8a7e8f8fefec62dd122
tfrag	16	tfrag.rgba	1769	270656	a8460257471eb09f2ed6af46723508924c63c2f3
tfrag	16	tfrag.strips_lod0	1769	30748	7c1c4d8c3e690be649c70427282e7b6e8d2e90ea
tfrag	16	tfrag.strips_lod1	1769	26584	22c9ede9216d34f70fb19df855c1481a57fa0655
tfrag	16	tfrag.strips_lod2	1769	26404	6c2bc7bd34ace4830ca834cddd155e15a16105b7
tfrag	16	tfrag.tier_counts	1769	42456	ca3e08f01b2df50370dd43e6075fad6f50dadf20
tfrag	16	tfrag.triangles_lod0	1769	515728	b3856c7e29d6e522f4daf36d3390f85fc9f3fd38
tfrag	16	tfrag.triangles_lod1	1769	230640	b97b61be28f65fb164b073d5cadd117eb36885e5
tfrag	16	tfrag.triangles_lod2	1769	209680	831c72086304c24bab0831dea0a902a87934e0b9
tfrag	16	tfrag.unk_indices_2_lod0	1769	2084	917e16d62adf2624666e0bb0ff6786282705871f
tfrag	16	tfrag.unk_indices_2_lod01	1769	16	823e34e50dae07536c0ee1f7b63f099b8e08e053
tfrag	16	tfrag.vertex_info	1769	554672	87b7d1ec1463afd0ffe879d24b2231829f0c400b
tfrag	16	tfrag.vu	1769	70760	ba2d207763b55f9ec9a8ea5310d0c7e827ad768f
tfrag	16	tfrag.world_positions	1769	832008	5de952e0e49ebb220203cf13cd5000b27e6121a9
tfrag	17	tfrag.ad_gifs	967	258960	c496276418be8a71a8fa3af87ea57992e1e89aff
tfrag	17	tfrag.block_header	1	16	6f08f22b1a621fcb8d0ccbe2f10a6b065610fe36
tfrag	17	tfrag.cube	967	61888	c6c0e2b5448ad785d94269cbfc899ce57340d7ac
tfrag	17	tfrag.header	967	61888	d993c2c22794385580a20fba4fa424929b312adf
tfrag	17	tfrag.indices_lod0	967	79912	e91a9eebe84f57c24fbb163d1a4ff8e2f9e143c1
tfrag	17	tfrag.indices_lod1	967	38668	6809077e2dce196780e3973b3450aec8628a77bd
tfrag	17	tfrag.indices_lod2	967	38084	105e43035b59d1f88b96d78d8eec4b38417ca92f
tfrag	17	tfrag.lights	967	514160	d9db35ed07ab8403d0592de2f99d28923d3b97cf
tfrag	17	tfrag.mspheres	967	200688	3a70aaed25a5e2167925e6961c9b5f2aa1e6ded1
tfrag	17	tfrag.origin	967	15472	135098fda20cb0e20b8f954034322cc919fcd999
tfrag	17	tfrag.parent_indices_lod0	967	30840	04d173c307b36c1736130f3e27ef1c4f45aeb1cb
tfrag	17	tfrag.parent_indices_lod01	967	4096	a1fc0c8478ce0965fdeb55a33b57af25d587d6cb
tfrag	17	tfrag.positions	967	385620	12e9e9e80c985ee1f79a2b343c9d618658f85373
tfrag	17	tfrag.rgba	967	262720	26d62340cc751ef6b42bd4e3b16dccd7d01d88ee
tfrag	17	tfrag.strips_lod0	967	35760	0356699281bf410df857584cb6b8c866ff9f5f22
tfrag	17	tfrag.strips_lod1	967	28164	bec35da98b5b7d2c933c8af4ed458a9eccdad16b
tfrag	17	tfrag.strips_lod2	967	28144	f8d10db7ddff7bddc2d094c9d97578b605278de0
tfrag	17	tfrag.tier_counts	967	23208	2e5fa22435eaa27a933fc1d63b72809d0b41c72c
tfrag	17	tfrag.triangles_lod0	967	505152	e298ffbe2c5f3456e87a8d595890325340c73f96
tfrag	17	tfrag.triangles_lod1	967	205296	daef1a8bff55f311b85671f4b86a02670820d3bf
tfrag	17	tfrag.triangles_lod2	967	200688	14bef3a3c14154c7e8dcac368664a3df78189432
tfrag	17	tfrag.unk_indices_2_lod0	967	1900	4fd66e4c222b1023c977be81bcb6e0a80b82f493
tfrag	17	tfrag.unk_indices_2_lod01	967	128	9111291a280eb6dcf8b805dc173b0f54ccc0188c
tfrag	17	tfrag.vertex_info	967	544416	be505822f1de2dfd74e0cfe33126ca478a2b0ea1
tfrag	17	tfrag.vu	967	38680	b1ff92c222ecf8b50b496cbfe03654d43eda464b
tfrag	17	tfrag.world_positions	967	816624	0264b094a74e6e50cd3c57901d935f15cbda434c
tfrag	18	tfrag.ad_gifs	1144	240640	00e777db89eecaff8cd651db0fc4410cfd94867d
tfrag	18	tfrag.block_header	1	16	f275b48c9f0e2f174be83c9d068a64c0a1a1b42e
tfrag	18	tfrag.cube	1144	73216	4bd06e2556aa0310f25e1c221eb32bf08196e328
tfrag	18	tfrag.header	1144	73216	a950014fb207091ef7f457d30906d8405c6a84d7
tfrag	18	tfrag.indices_lod0	1144	74692	9d5f1ff79db7b54017bdfa407fbd0c8c889ae15d
tfrag	18	tfrag.indices_lod1	1144	31796	c8717a27da01fdf0f2d574a9ef90ec0be551e5a9
tfrag	18	tfrag.indices_lod2	1144	30680	757ad66b9008c0d9794f6dec16c75fc2756f6afb
tfrag	18	tfrag.lights	1144	456792	8e328862ec4ba8452173dc201fd516f4a8eab364
tfrag	18	tfrag.mspheres	1144	170016	4978e424abf0ba936460d0c5137153fc1308e79c
tfrag	18	tfrag.origin	1144	18304	e3b66394398545efa30033abc3bec4c37686f7d6
tfrag	18	tfrag.parent_indices_lod0	1144	30856	4cdd7eb7ef850de22198e003115ad0caf43f477d
tfrag	18	tfrag.parent_indices_lod01	1144	5060	6fa402019b15c821730fe64c52f0c88e0e93549c
tfrag	18	tfrag.positions	1144	342594	da6bdc446e17ce2335cbdd2d2eeedfb974275db5
tfrag	18	tfrag.rgba	1144	235664	dea088cd73f0d91afcc5259fdc08ba20762571f8
tfrag	18	tfrag.strips_lod0	1144	29748	ce96dd022711d4015adb80dc91a89cd4bb24462d
tfrag	18	tfrag.strips_lod1	1144	21964	03c2ce7fa85c9725cd1a882f2fe438c341f48c0b
tfrag	18	tfrag.strips_lod2	1144	21596	86bc9b81944b6c4449e79710afdae65da42bcd0a
tfrag	18	tfrag.tier_counts	1144	27456	b9a57e7eee9ec0827f8624d3c326b960d4117748
tfrag	18	tfrag.triangles_lod0	1144	490800	9e03b98c34142df1f044ebb95e3cda883a31fb1f
tfrag	18	tfrag.triangles_lod1	1144	178048	53a0abbf2574b5c7b0cd44985f04becd93379675
tfrag	18	tfrag.triangles_lod2	1144	170016	835418d951fd300e672918c806c647431bdfaedc
tfrag	18	tfrag.unk_indices_2_lod0	1144	2052	796498c819d390b0e9cc0de6a9a341356f4218af
tfrag	18	tfrag.unk_indices_2_lod01	1144	88	5425f42a564b8ed32da903263ffa43dd1a0f074a
tfrag	18	tfrag.vertex_info	1144	486288	fd7b99d3735db930d0428b255efbd051537e89f5
tfrag	18	tfrag.vu	1144	45760	d97af69fe4f2b31fa91fedadeaf69192accd6b09
tfrag	18	tfrag.world_positions	1144	729432	96c43fdde2aff7a551573138b6c350a5aaeb90ca
tie	00	tie.ad_gifs	63	35280	2e632eacee47ad2979431d45c35708d2cf97186c
tie	00	tie.header	63	8064	1daa6b37bb7fc0a10f65903734ef4046b8c2d4fe
tie	00	tie.header_ext	63	12096	db904b3f08f56960c8de808ea4f5176396fb25f0
tie	00	tie.instances	1	249536	9cc87ecc7d0d0411a96e6c52e4041cf483de4ed6
tie	00	tie.lod_packets	189	756	c4637798417f1bb5336553762455ed4eee0d1fa9
tie	00	tie.normals	63	32256	9f63d9107be442929eea29585a7018a85067c8f0
tie	00	tie.o_class	63	252	2c3641db43ff32df58e556db9759562ef9302e42
tie	00	tie.packet.ad_gif_dest_src	1512	48384	82491096e6bcc2cd91977fde90596f215f23d001
tie	00	tie.packet.colors	1512	137808	04b69e2d6451944c9ba76756db08bd38b082f6d4
tie	00	tie.packet.colors_b	1512	137808	b7d609943c3c0ff78dd389c4e2f8e811be2effee
tie	00	tie.packet.dinky	1512	751472	2c04c758748412366cc22e24a90ae15285194d33
tie	00	tie.packet.draws	1512	187556	02f31a8c30847e38f338dda229c4952216edcc51
tie	00	tie.packet.fat	1512	534672	867d88f1ebcc655abd09c18c2a51c0ca3ec2a9c5
tie	00	tie.packet.packet_header	1512	24192	4e68b33c4f5f6e147eae7518e8d21675f747d70d
tie	00	tie.packet.slot_table	1512	91824	48e6ddca6cbc765608e9f4f9df80630536a0bceb
tie	00	tie.packet.strips	1512	34072	6845900dc60640394046c408744747519eb8ab4e
tie	00	tie.packet.triangles	1512	477648	7568e4c2696da840a6e15f6833f036a3f41ca931
tie	00	tie.packet.unpack	1512	18144	201d9eb89c56e836ea7291dfc4c5be8cdf5786f9
tie	00	tie.packet.vertices	1512	1800370	40975651123eefa94e337e1ba3da059915ef3656
tie	01	tie.ad_gifs	95	47440	1c6feeaf43f96c1d895839079c87ad21a5a04f65
tie	01	tie.header	95	12160	0fa8553906760ea10851e7d33cffb41978b90992
tie	01	tie.header_ext	95	18240	c2b3f62ae25057900ca3205edbe07e45c0330184
tie	01	tie.instances	1	337792	90a7c1b16d6e26f1367ab2b235c5c11b3994e6bc
tie	01	tie.lod_packets	285	1140	0a99c5ca15498a69529fc9be4b34bff7d4fdc367
tie	01	tie.normals	95	48640	67462eb2a5a5222d5052d6554461379a9c73519d
tie	01	tie.o_class	95	380	7a9ce05eb7ff1dc560f8e107db4cffc23139e533
tie	01	tie.packet.ad_gif_dest_src	2899	92768	6e8dd3d9700bed9feec70af600c59e7f3296d7f0
tie	01	tie.packet.colors	2899	272456	b91620adb05dc63d66b16c53dc2f32c1e5ff7110
tie	01	tie.packet.colors_b	2899	272456	52f5a6a85436105a59624e3a31834789a8e095e6
tie	01	tie.packet.dinky	2899	1247904	7f01e2501dc91892566e9fa1d5662e25d7798587
tie	01	tie.packet.draws	2899	366080	f9e5d2e56d017ae3b216a06beaf0614d49b26ab8
tie	01	tie.packet.fat	2899	1147440	bf5908d8ba943b564d93300931b63b2fdc644037
tie	01	tie.packet.packet_header	2899	46384	91a2a30b7e2aced21cce4800f74222dee4fa452f
tie	01	tie.packet.slot_table	2899	177248	6e9b32ce94188716b19a3369bc381408dea6ce05
tie	01	tie.packet.strips	2899	71988	5a74f7ef414434aacdaeab0aa944537ffc7249d8
tie	01	tie.packet.triangles	2899	888416	2b4040c70c4a24ea44cd9f688ab82ccaa0c5e7e8
tie	01	tie.packet.unpack	2899	34788	89a360ecb75025bf471ac84816f5bb9a0c5758c3
tie	01	tie.packet.vertices	2899	3270904	2cb7be32efe951d6eb314c7e3a3378f8afb091b7
tie	02	tie.ad_gifs	105	36240	bbb3cf3002e0623e8607eccf7ebed44a88815a7b
tie	02	tie.header	105	13440	f51f31ff409d80cae8aada44ede69daf63d14d41
tie	02	tie.header_ext	105	20160	8c5b21c19bf8e093e6249e0ef6593508e41d1e61
tie	02	tie.instances	1	840224	7b781738cf4aae3a48aeb3b13bee88f904680451
tie	02	tie.lod_packets	315	1260	fb7a79e349a804467fac467d8d04415bdb2cbaca
tie	02	tie.normals	105	53760	88a1581b2c5fc7865556b75cc85b131ab6697ddd
tie	02	tie.o_class	105	420	db5f4ba37d61954790fa58bb946fa7c79ef0a2f2
tie	02	tie.packet.ad_gif_dest_src	1470	47040	74335659edd7e8d8eee2572acd948933162d0e55
tie	02	tie.packet.colors	1470	119448	9fcc87461b30932354c9121d97c88164687bf396
tie	02	tie.packet.colors_b	1470	119448	3689103dcda8b7e97158476c1e6be7ea230f8bd8
tie	02	tie.packet.dinky	1470	719184	a0eac5c4201f3923db2f6a47ef3987a71b6e639c
tie	02	tie.packet.draws	1470	177652	960cab35964eef5f5fe019e5e22a114d5421d28f
tie	02	tie.packet.fat	1470	439080	4a7c0829b70a5e5e561768aa5b20895e9a5cb761
tie	02	tie.packet.packet_header	1470	23520	ab7efd4145d91aaf34b771774ac86178ee6f4630
tie	02	tie.packet.slot_table	1470	84800	a31329fa8e56dac1d100c6c76789e5054a084571
tie	02	tie.packet.strips	1470	38316	939bda2745800b91a315ccee45cdf9c652924bb3
tie	02	tie.packet.triangles	1470	404080	a35f983cab2ac5bf3835aa1ff8c3a121b49386c5
tie	02	tie.packet.unpack	1470	17640	7cab794a3a302943ca4532c0caef29e749e93a38
tie	02	tie.packet.vertices	1470	1644344	1f09dca5c68c7052d7ced2224dc456e9226222b7
tie	03	tie.ad_gifs	127	37360	7fa29c5a258b40c9f0a6981d1d1d3226f3c9445b
tie	03	tie.header	127	16256	9ce01f2432c55d3711f88999ce99b1fc249023af
tie	03	tie.header_ext	127	24384	16a1fc7791e18915b55da76f7328db18a1bfb404
tie	03	tie.instances	1	1143520	6b9264c6da17d2b49888bcd5923ebeee7c904952
tie	03	tie.lod_packets	381	1524	e3b9eeab927c49c53768eeb81d27348058d86a74
tie	03	tie.normals	127	65024	d95edbc22d77689ad5e1a125bacaa70cf36cf1ce
tie	03	tie.o_class	127	508	40402bec7e53c21ce257f9c3440bd67976a64049
tie	03	tie.packet.ad_gif_dest_src	1814	58048	032ada9510a4d3f208ea15314a39c20b82081850
tie	03	tie.packet.colors	1814	155468	9daf7a139df9b15794320d36465a08b326c944ea
tie	03	tie.packet.colors_b	1814	155468	40f33b70f3ec0d53de6c804a818d4ead33180b60
tie	03	tie.packet.dinky	1814	911104	9f1ab9cca4eab2d40357b4a4b5b180105f5b021f
tie	03	tie.packet.draws	1814	224140	0b223420f4f09cdded6f3e781ca70bbefdea559c
tie	03	tie.packet.fat	1814	580392	783374199c84d123e403d493a768bce4875e2724
tie	03	tie.packet.packet_header	1814	29024	1979c1739aeae4b0545386cbdfe41dcdd197947d
tie	03	tie.packet.slot_table	1814	107312	2ed3a8d70e7fb30b712a4a6dd6777c951626fcb7
tie	03	tie.packet.strips	1814	47116	8eb4c958b2512e0502a0d0ff5b9cec2904713ea8
tie	03	tie.packet.triangles	1814	519632	133bb7e547cf21a97cede86be8fec7e225fb52cd
tie	03	tie.packet.unpack	1814	21768	0fcf998de7b57c8d3f73468046595831415baf49
tie	03	tie.packet.vertices	1814	2109302	e211f5d6c63d86c70990bd1f21c1b02d17b84306
tie	04	tie.ad_gifs	79	43760	f8d2a3fcea6245f337735ceb23bdb4cc78a2bd74
tie	04	tie.header	79	10112	e98e4ed022d4e5fd1796617f226149e75afa6b6c
tie	04	tie.header_ext	79	15168	dfd1671e668b85b5a5816091314928c8b9dd8817
tie	04	tie.instances	1	279776	907c71655c5266d26cda279a692e949b7ae08b7d
tie	04	tie.lod_packets	237	948	2df1e66fe5731ad2e57f01ae5b91537760f59ebd
tie	04	tie.normals	79	40448	cd46c558868db6dc3943048d41ce005160e48993
tie	04	tie.o_class	79	316	94860af46f3bff3019ce8c22e5ca1776c585c079
tie	04	tie.packet.ad_gif_dest_src	2383	76256	c645c377de3eb1c03c3f69a9e42cce80050151ff
tie	04	tie.packet.colors	2383	195588	bff0bf301c9988c32b14b72d93e6b14bf72d62cd
tie	04	tie.packet.colors_b	2383	195588	85b8ed63f35b9850bda9383cd728d74c97248d67
tie	04	tie.packet.dinky	2383	1328800	8f747b477d5c1f56e44401dd1561429c5f97f46c
tie	04	tie.packet.draws	2383	303636	4a281d76558155917c27c499c32b27c4da949780
tie	04	tie.packet.fat	2383	660840	0ef01f5c8a114b636499d1ac3af832c02dc33549
tie	04	tie.packet.packet_header	2383	38128	64b3509db802ea8dd08304be5cf3a61edd750982
tie	04	tie.packet.slot_table	2383	146288	e8c1549d5784389e84db412098ff1c25df71a4c9
tie	04	tie.packet.strips	2383	60352	c778c475e49f202a07c56e9c6c837270fcfaff9d
tie	04	tie.packet.triangles	2383	731728	586514176e759376c26f030b7227bfb9a4e496f6
tie	04	tie.packet.unpack	2383	28596	bbcde890de52450c9049f6293aa98477a7537058
tie	04	tie.packet.vertices	2383	2875210	bf86a2e2d61c6b25414e46be2000118c92584851
tie	05	tie.ad_gifs	112	68800	7d19f2e178a357b545ea1bcee6a6b839677b9274
tie	05	tie.header	112	14336	83b043be67b91cca9ef27d2b20839fe4b3255f6f
tie	05	tie.header_ext	112	21504	1658a4d1f1b8af16d84090f9686ad3991aa46f0b
tie	05	tie.instances	1	415520	f732a1c8f97354fa3602017327e06691d4e88950
tie	05	tie.lod_packets	336	1344	e7180ef628ab31cb9766564ae02a2ceb0d6222a7
tie	05	tie.normals	112	57344	1d621d2aaf811aa63b17cb8a61d9cc7109685161
tie	05	tie.o_class	112	448	031a6e242bc5c1ab85584d58b552402b7705f851
tie	05	tie.packet.ad_gif_dest_src	3960	126720	7e242349459175dba36c48f50c832a6842ba61cf
tie	05	tie.packet.colors	3960	355916	0102a604dc2441bfd2a06747b76badc6555347b4
tie	05	tie.packet.colors_b	3960	355916	6c521507f188f69211e93cc77d2d2f0150af001e
tie	05	tie.packet.dinky	3960	2129584	106471b2fd7adfaa128e3f9259d71fe57e922901
tie	05	tie.packet.draws	3960	508980	7b40f35fcc4dac20f1b299244dccf413920358bf
tie	05	tie.packet.fat	3960	1312128	65644b78b7665c27ac9f55baff5a1934577da41a
tie	05	tie.packet.packet_header	3960	63360	2d3f9f50245ef1b3680450fe5aa806b8ac019429
tie	05	tie.packet.slot_table	3960	244864	e8bb27467282d431389542a9ad9f2da1f75686e6
tie	05	tie.packet.strips	3960	97928	55ea4ea0a50e45c2710f1a5947cdce89e914c03c
tie	05	tie.packet.triangles	3960	1252496	5c3a85289a55a8712c88a266d934ee3bbbedf26d
tie	05	tie.packet.unpack	3960	47520	6af994faad746fba394e744c075c4463f815d4fd
tie	05	tie.packet.vertices	3960	4882046	862da038110a6672531192bc9200f297c3dfbf1c
tie	06	tie.ad_gifs	97	52240	3f5c6fac3554ac72a46acac0d319ecd8801d69cd
tie	06	tie.header	97	12416	e0b1b8ab27347b4e3eaabc0b70591509515eb75b
tie	06	tie.header_ext	97	18624	6d3b111962e63cbc47ced54e7879b482000a2ec0
tie	06	tie.instances	1	288960	4864a86b78bebd5ba03b4e1c3fe01cc2cc0f82df
tie	06	tie.lod_packets	291	1164	eba0a9397b86c87322ca2895d5dc60ce658f2f73
tie	06	tie.normals	97	49664	ec6df5484d383c6c9ac1e9c00fb4eac86069eaa4
tie	06	tie.o_class	97	388	5eb1e358c0df0c2a5b16fa6c934a6b69cfe66ab4
tie	06	tie.packet.ad_gif_dest_src	3775	120800	2458f80753d1c9f459fcc0c0a6331b6bafa1afe7
tie	06	tie.packet.colors	3775	350560	64aabdd2352b23b94ca3e8660d0c931f0b98e7c0
tie	06	tie.packet.colors_b	3775	350560	c51feea019ce797762db26a545ad17dc5d619fde
tie	06	tie.packet.dinky	3775	1815232	101e8428249986deebde4713310527145a81fb7a
tie	06	tie.packet.draws	3775	475352	e991c831e004a3f3c08cb5806b4beb9cfacb0d38
tie	06	tie.packet.fat	3775	1396416	c988aa5850e898608b945aca094ca9629bf17d93
tie	06	tie.packet.packet_header	3775	60400	a930427dd4ccfc898fd9dcde45fc9f533310c514
tie	06	tie.packet.slot_table	3775	233392	fdcd68a51ffd0cd6b818343512b7564259e7f13d
tie	06	tie.packet.strips	3775	83128	b72d920facfcb8e2d12d4ad51d72ecd422520770
tie	06	tie.packet.triangles	3775	1236384	33407b683f357a24a689d53356430a539583e49e
tie	06	tie.packet.unpack	3775	45300	75f045664b2419fd7e79bb7d7cd31851fba0412c
tie	06	tie.packet.vertices	3775	4462536	2cb0508aa43a034e77acab7ef47e1cd250f9d165
tie	07	tie.ad_gifs	64	18880	9a80f134add2399d242da4e4f182aeec557db470
tie	07	tie.header	64	8192	1bd53ba7fc83fbb6a836332b5a3de4ed23dd39da
tie	07	tie.header_ext	64	12288	0c65981a3b46af87725e41890e3c659f23f05493
tie	07	tie.instances	1	257600	75fa9bfbc6f59acf4cad7aae4bff0a9db96209bd
tie	07	tie.lod_packets	192	768	02ae6e4d01cd8c09da1cf90a0428541ae2711901
tie	07	tie.normals	64	32768	f2038a1cc91ba4e12fa2b10031dc0e3bdc9ee370
tie	07	tie.o_class	64	256	ae388cc795d04ef5c951c37d134c72909d086b70
tie	07	tie.packet.ad_gif_dest_src	1706	54592	88c9eb8a6cdebf53fd0907c9fb267ec4a011ff49
tie	07	tie.packet.colors	1706	158464	ea45f06ee9f6f6e89b25e8abd841c9f1aac6a204
tie	07	tie.packet.colors_b	1706	158464	ce14fa87f5092a5f774d0809f99cc1f8e3fd433d
tie	07	tie.packet.dinky	1706	828816	92f47eda0d99dc596b54f3bb2bbfa45d1765db87
tie	07	tie.packet.draws	1706	216364	7085078e92ec7c35104048a738e3ba292ab5087f
tie	07	tie.packet.fat	1706	628944	89380f54441d98a27142d8c2423cfe5f8a3c5071
tie	07	tie.packet.packet_header	1706	27296	b75a8123513f2d9a5debab25481779f5edb08406
tie	07	tie.packet.slot_table	1706	105120	b4b1bfd73d6d2216d4e7f3e3064f9059c5536ba7
tie	07	tie.packet.strips	1706	40252	7f172d3cc2cab82503182f6913b3e00cfad589cf
tie	07	tie.packet.triangles	1706	543440	e54b77e557a15d99f5250b1a16c223ea166bfd78
tie	07	tie.packet.unpack	1706	20472	bec155ca1652508c784890a93f040a1fe446ffb1
tie	07	tie.packet.vertices	1706	2028182	1b838205e0e3eae658a9af60a8267f095247ac97
tie	08	tie.ad_gifs	109	41920	e914906d43f14d31cec6ef4bdffa8cbff48c1662
tie	08	tie.header	109	13952	b537be2a49740cda9de6405f2a4d0d81cb8f09a5
tie	08	tie.header_ext	109	20928	c9fc5be30edadcb338099d0c0cf4e36a47a4cc32
tie	08	tie.instances	1	758912	49fc5762f50f60a717f0bc36714cbbc59226c62a
tie	08	tie.lod_packets	327	1308	c891c15fb64b74b07938ec275a43684a07a87d39
tie	08	tie.normals	109	55808	be0ba7475f2f7966ddd7a275cd810edd438525e1
tie	08	tie.o_class	109	436	fe9223e6b35fca038eeb1f04b97f968e42b1a9ab
tie	08	tie.packet.ad_gif_dest_src	1441	46112	7db731851161b143486d7197b31718adaba2ab42
tie	08	tie.packet.colors	1441	110612	0893bb830a5ad20fdf2f9199cf5edfd3e1d94104
tie	08	tie.packet.colors_b	1441	110612	f734f07d48a80f17cc7657251f8a981c247f240a
tie	08	tie.packet.dinky	1441	745904	49d5e966172951f3950e9a2a8e4be264d53b2526
tie	08	tie.packet.draws	1441	173032	723ee8594714f578fe5056b1ca367cfd8d9d50ea
tie	08	tie.packet.fat	1441	375264	8a24dd6c2ddda24122dfc45d0724c210a228a5d0
tie	08	tie.packet.packet_header	1441	23056	5b71ca163a60cc686836fca7186eca5d06e3b3c7
tie	08	tie.packet.slot_table	1441	84144	612e239dc3bc0e6bcd1c1f2244533665c940b22a
tie	08	tie.packet.strips	1441	34884	bacaa7e66a7991be1458cb002157acbd3ae863c6
tie	08	tie.packet.triangles	1441	413056	8d3a3b24905d35826b46e80c7ed903eccc75b058
tie	08	tie.packet.unpack	1441	17292	9cf360f5b78b7adab2499727a23790d61ea1e9fe
tie	08	tie.packet.vertices	1441	1618630	0d20821a64256311a67c43002eb6a1b97ce319c9
tie	09	tie.ad_gifs	69	27840	9b305d3d2a08fcc985c44abb3223118c4441b5da
tie	09	tie.header	69	8832	aa670c012bc4d83c7238788ef4c66e4955c6730b
tie	09	tie.header_ext	69	13248	1c4a6d1e8a870dcc5c9ca6efeddef422c2485c18
tie	09	tie.instances	1	482272	ecaf07cc03c089062630cae6a25d2f5d0e81a68f
tie	09	tie.lod_packets	207	828	1ee8c6cfc2af2294a047a24bdd19eb4242cac795
tie	09	tie.normals	69	35328	01587498685ac0e2b708d604c85500fcdf6a2173
tie	09	tie.o_class	69	276	733cb9c1f1c2910ed36010d1bde541e1d4e3d458
tie	09	tie.packet.ad_gif_dest_src	1806	57792	c49c72a863edd32fc78790f6a258f92ab0e21674
tie	09	tie.packet.colors	1806	168928	2cd8527248e7649148545623f4247894e2bee517
tie	09	tie.packet.colors_b	1806	168928	76c4bc3cd55cc813020711f60f871bd1c90adc3c
tie	09	tie.packet.dinky	1806	839744	3519c740d6161edcdc15c5884a164471de8c3c18
tie	09	tie.packet.draws	1806	225760	d719fe3d99e40045ac96fbc10895d9cffa681a8b
tie	09	tie.packet.fat	1806	687288	4fd62c275f0416ce22ea80ce985d7d68cfb30a0f
tie	09	tie.packet.packet_header	1806	28896	f0af825252488fa18ecf30556d5f0f2523e8e6a5
tie	09	tie.packet.slot_table	1806	109952	7290cbad980dd246dee8f1c006575bae97d95806
tie	09	tie.packet.strips	1806	41744	dd97e21fe87c4b481664035cf2e38ef165928bb4
tie	09	tie.packet.triangles	1806	569088	7f376b35424d6d94e13aa295e070ddc834ce976e
tie	09	tie.packet.unpack	1806	21672	5bbcc7777e6d2546fe1e9064547df003333d5381
tie	09	tie.packet.vertices	1806	2109146	15dbedc1b5ebe9491472d2df18f181262944dc65
tie	10	tie.ad_gifs	127	44720	cd04068f8107237baf38e20ce1ae91cba361bb85
tie	10	tie.header	127	16256	aea8efd4ed13551850833cbf904e7fba06e474a1
tie	10	tie.header_ext	127	24384	b2a04bd921a67f99ebefc8ce9baea605678372bf
tie	10	tie.instances	1	421792	a1b16b2c69149c517542aebf10d762493f2ad726
tie	10	tie.lod_packets	381	1524	3bba225417308a17916aa571a782a04532316689
tie	10	tie.normals	127	65024	705b5539cc97a33e9110a61be20438db07de88cb
tie	10	tie.o_class	127	508	35680ab48e2d48b201a15f3a144dff78d7a71c01
tie	10	tie.packet.ad_gif_dest_src	2530	80960	557f42b313d951a478f93c02e168b488980f7541
tie	10	tie.packet.colors	2530	223696	2ff6bdb1843fc3ee201056b3dfcb6fa1a18eee7c
tie	10	tie.packet.colors_b	2530	223696	d4e25942abc321dbecac5f522a816c4ceca2d5b4
tie	10	tie.packet.dinky	2530	1206496	1cb3cd343caea049919f1bb2c427dd9cbd760194
tie	10	tie.packet.draws	2530	312692	8ba792184b6ad9b0baa7d97c41051e87e1123776
tie	10	tie.packet.fat	2530	873144	36576e5339956f35ad725607137903b3f4e0f8e5
tie	10	tie.packet.packet_header	2530	40480	b6721a7afa8d25b1c08cf1b285236f0c826419b7
tie	10	tie.packet.slot_table	2530	152640	ca5946d113b0e77535a4f45fc194f357c9257e6c
tie	10	tie.packet.strips	2530	57948	8698f5cb936df719da3ad06b002683cf4fe0559e
tie	10	tie.packet.triangles	2530	787184	c39aee22e2b8d1905e40ef3010a1fc39bb659082
tie	10	tie.packet.unpack	2530	30360	19d693e732ea0ef9867a43ddfcacbbe1fc99438f
tie	10	tie.packet.vertices	2530	2906462	ca898794602ace415bd0486e2186033295396534
tie	11	tie.ad_gifs	43	19600	983a13548ac083f5a781e028c7d7db7cb94931ab
tie	11	tie.header	43	5504	c65d7e866b36c90faeadcd47f9241642f930708f
tie	11	tie.header_ext	43	8256	1691f2dfee092960d4ccb3aad74a8626040d946e
tie	11	tie.instances	1	298144	5464c300686b71f7235dde886a5e08949385b0ad
tie	11	tie.lod_packets	129	516	b21313dad2c4bc4f386b3ffe3c2ceda9ba53beb9
tie	11	tie.normals	43	22016	fda75adbbff1a67774bbb3a3d66a8d1340e4eb13
tie	11	tie.o_class	43	172	cd892ec9931c755d1597341a0178223d00cf2db5
tie	11	tie.packet.ad_gif_dest_src	2413	77216	fa843114e84ad72339e7198b386d4c67b17c7d1c
tie	11	tie.packet.colors	2413	226936	3568ac4657cc99331d128d490f44126338080631
tie	11	tie.packet.colors_b	2413	226936	03bc63ede6f8f6f5db357b2db73ff60791aa3fd7
tie	11	tie.packet.dinky	2413	1262976	3c331f7accd2c665baaba0a476d52d480f412bde
tie	11	tie.packet.draws	2413	309712	5bae0a0326bcd316cd8d7d7a25fc89785faaee76
tie	11	tie.packet.fat	2413	872568	dfb057ca0d018d6f9e9cfe6ebdbdc650bef9cc1c
tie	11	tie.packet.packet_header	2413	38608	af851af2bf4fa4d16e934eb308b1e5df5e36d6a6
tie	11	tie.packet.slot_table	2413	151408	ab5d239077520355c5aec29ae0fcf1c9930b40fb
tie	11	tie.packet.strips	2413	55288	72f22ae93fd1b868069aabb2cd093a31a35f4e0c
tie	11	tie.packet.triangles	2413	796544	88366712c2d23ecff0caa35c23275b762c0509de
tie	11	tie.packet.unpack	2413	28956	eb233f3290dad29c55213ef85e6f57da13000ade
tie	11	tie.packet.vertices	2413	2997618	a6345cd605ff1334db81f9bf8c4b1e8d3e6364fd
tie	12	tie.ad_gifs	101	41840	53623c65fa337f4bf283b3b7d5d3d109e992bdf0
tie	12	tie.header	101	12928	e83ea9f5246151e2416ee1617b4bbc57a156d7ae
tie	12	tie.header_ext	101	19264	b5f710d08aaa89a53e16eb090d7562d5e5c333bd
tie	12	tie.instances	1	1031296	3c97d3a503683bfd92be87f10bd33c5bee802764
tie	12	tie.lod_packets	303	1212	1526e226977773b6eb328dc039cf51e07ae8d300
tie	12	tie.normals	101	51712	a8da3dcde0c35b7ff23753000c46c2507fb3218f
tie	12	tie.o_class	101	404	b97ab3c45375ba9d0c377db2ae1314f2dbb3b52f
tie	12	tie.packet.ad_gif_dest_src	2311	73952	84c86d0dc956bae451c0fb190d361bfae8549811
tie	12	tie.packet.colors	2311	185976	b720ac27d746fb5acb3b8deef9d15bd8a9596a83
tie	12	tie.packet.colors_b	2311	185976	4e204396826b538d8cc120e9459547e70147d423
tie	12	tie.packet.dinky	2311	1331504	e3c3ebafc726099473b109f1d609c27388c88fb1
tie	12	tie.packet.draws	2311	289884	323fadc7b31748ebd4a887942f220ad23a551dba
tie	12	tie.packet.fat	2311	601272	f916da7bad5a1d57034f4639da3c6eaa373b6a9f
tie	12	tie.packet.packet_header	2311	36976	0b36771d1b2681e92a2ad603f9eecc37cffbd43d
tie	12	tie.packet.slot_table	2311	141120	705224f28b6ff17840c55b75a709dc0417040763
tie	12	tie.packet.strips	2311	52576	8b7789a945ffeeaf46aec027274312e2b2de31a9
tie	12	tie.packet.triangles	2311	738928	d7aeff0b15deea781f828bd81178f6c2c804a425
tie	12	tie.packet.unpack	2311	27732	05df5f5a86f48182bff46f1ddbc83681f14d93ca
tie	12	tie.packet.vertices	2311	2815072	2e588bff780541513ddc781722e4f3530181081c
tie	13	tie.ad_gifs	120	30480	5ad8594347c6aa474f7e832a98ecf698dfab6823
tie	13	tie.header	120	15360	2ba48485f37022fe54d161650d89e2896e5ed69b
tie	13	tie.header_ext	120	23040	4b1f2a3ef49ce19b2e4bdb08eea361fef8cee731
tie	13	tie.instances	1	456960	6c79c86250e64fba3c33722d51671437e36f73ca
tie	13	tie.lod_packets	360	1440	da68ad8533fa51accf7eb7f172f6e4f0b353b6a4
tie	13	tie.normals	120	61440	f8efae8449b3962cc5b15e4086e35ea5a2acc171
tie	13	tie.o_class	120	480	38ec72755a51e0d5301bc39cffa144060a17594b
tie	13	tie.packet.ad_gif_dest_src	1980	63360	cd28599d94249fc0045c98186e0a45bca6053739
tie	13	tie.packet.colors	1980	170724	56ee4b938c7a1369b72fea2a5a9fc488bd87690d
tie	13	tie.packet.colors_b	1980	170724	2c9cfaba43f1633447b6fedd6295089b683ee7a9
tie	13	tie.packet.dinky	1980	958096	59f0b301b0fe866fd9f31180c60001a45d957f1a
tie	13	tie.packet.draws	1980	242834	df1d22ab6541d070c7834885d1b3e0929caa9bd8
tie	13	tie.packet.fat	1980	653040	447bb4fbd9ebf0b0c23245b77ba1bccaec4eae6f
tie	13	tie.packet.packet_header	1980	31680	e2559c3da0835c6c7d74ea76f0fed6ebd7000831
tie	13	tie.packet.slot_table	1980	118064	1de4d24593a5524247ec64e21347ae60097da286
tie	13	tie.packet.strips	1980	46696	8b404ac258c928f44ce285fc5c16bb681e8b86a9
tie	13	tie.packet.triangles	1980	597768	21833fae2cd776c7fd0a7317e499c7e4548109de
tie	13	tie.packet.unpack	1980	23760	54a8afc54f8489b9dc309099f73d3446fbe8abad
tie	13	tie.packet.vertices	1980	2264366	53880d378e5ca6812aaf7179630edb4b4ae5ede3
tie	14	tie.ad_gifs	80	22960	0b42ebbb24d78f7ae5bc825828a212cfa449ef5f
tie	14	tie.header	80	10240	d5ed70c79b71c321c147a49f1607603db69d6965
tie	14	tie.header_ext	80	15360	af1a5b64443bb449a171acb678f68b73f5ff3a34
tie	14	tie.instances	1	397152	ee5f430741396de0dda1006653d9eadfacdd86b6
tie	14	tie.lod_packets	240	960	91ee2ea3a04ce471c90ca08c1c3d50826f09bca4
tie	14	tie.normals	80	40960	59a03b9968be02867d6629e475ba51225c356379
tie	14	tie.o_class	80	320	28a2413a853a44b3f2c17e828f6a45302abb2eaa
tie	14	tie.packet.ad_gif_dest_src	2018	64576	72448bd9792c5937e2d063db834df247904d7180
tie	14	tie.packet.colors	2018	168384	f2a509c1624f2fd2990acd1b706183fd25d9a1b0
tie	14	tie.packet.colors_b	2018	168384	5cf0f3c4817d66e498704460b0ff940653d676cd
tie	14	tie.packet.dinky	2018	1123792	d5fe0467769f9227bc06ad0dce252dde489a248a
tie	14	tie.packet.draws	2018	265904	2f2b5abaa1abad5c1ab4a71bc7e943d522df85f8
tie	14	tie.packet.fat	2018	576600	a19e118a398f5eb0e4ad757506a0730b5177c8b4
tie	14	tie.packet.packet_header	2018	32288	a8e0d24c86f40eb4abf8b45f72807c223ce30b9a
tie	14	tie.packet.slot_table	2018	124064	9c62090bef6cfe6a246c78991a301ecdc2028a07
tie	14	tie.packet.strips	2018	58700	093b3bda42637bb4fc235186d998f005522cb847
tie	14	tie.packet.triangles	2018	594016	b4736977912b2ce94270d24a3180fe413fd3c4fd
tie	14	tie.packet.unpack	2018	24216	95b211e6233757b3755f699e787cfa34414f363e
tie	14	tie.packet.vertices	2018	2450812	855fc19d4e8f682c736292e6c296a1c827e2e2f4
tie	15	tie.ad_gifs	112	55600	07a2ac6826b0279ea1271255bdba9b8f7077c274
tie	15	tie.header	112	14336	35ec446459339b865d14d495e7917f8bc14e8942
tie	15	tie.header_ext	112	21504	4a356be564b121ad445abf9938ba8ad1d975e262
tie	15	tie.instances	1	560224	7d005eed6d6c407ee1bf577577520b0bfb21103a
tie	15	tie.lod_packets	336	1344	5f4349cc85dbab285d1c8718043656767e0d8f92
tie	15	tie.normals	112	57344	410d6143432e56a7f5e5be761f821c16ad3524e9
tie	15	tie.o_class	112	448	17dc7e3e687d5db2543d8982e9537be6f59641ea
tie	15	tie.packet.ad_gif_dest_src	3226	103232	703beb8a6b59b50e3068b536530b8c8a0a7dcdb1
tie	15	tie.packet.colors	3226	293292	68228f81b501403346c6cb74b86d968f7ed8f4d9
tie	15	tie.packet.colors_b	3226	293292	4a0b77bd6f0601f7e281f5a4df20652a59273bee
tie	15	tie.packet.dinky	3226	1604176	bc4fb98282a62e8c34325459693f2bcd116a335b
tie	15	tie.packet.draws	3226	404510	082280ad3d7b9de788e9e96180bebd47d2011e62
tie	15	tie.packet.fat	3226	1135608	a708717b8239da1520c6f8dd3fea022a6079fe44
tie	15	tie.packet.packet_header	3226	51616	581d32f8842373b8925745c8a88b7795a835613c
tie	15	tie.packet.slot_table	3226	198464	20d473e27d0bab8192b6111015ea2b8643a44bc1
tie	15	tie.packet.strips	3226	72524	3751fab615584a9882a097fd2352cc85e6859be5
tie	15	tie.packet.triangles	3226	1037848	79a0c93c2465fc64f98bc26ab12df3168ca0b252
tie	15	tie.packet.unpack	3226	38712	713959e67019be9ae549c5b5ccf99190690b37b5
tie	15	tie.packet.vertices	3226	3837028	9780b6fd6ed69b2d0e498dbdca2faab853e53030
tie	16	tie.ad_gifs	124	34800	ff5738967dcb7263b2f7e7da3f6fe8ce90ff665f
tie	16	tie.header	124	15872	31ec3d965c74a8670df2ae4339bb85445574e6b2
tie	16	tie.header_ext	124	23808	b1595c15e79943128fb3b9cf04f5dd050280a364
tie	16	tie.instances	1	689472	dcce16b816662b7d47a2d8f61a9ac83a8ba097c5
tie	16	tie.lod_packets	372	1488	e75cbbae6100b331ed06d136f813e98245f0b156
tie	16	tie.normals	124	63488	e55a7f836c42d31105506473bd70e6c9a44a2e75
tie	16	tie.o_class	124	496	8e7d8bd90cc89835515a969e328d6dbbe896ecf7
tie	16	tie.packet.ad_gif_dest_src	1826	58432	0cdd4c9a5f3560e4a99eb4bfea14bcddab1d455c
tie	16	tie.packet.colors	1826	155016	be828f7eb8742e052f49a4c7b2d304bbce3be8d2
tie	16	tie.packet.colors_b	1826	155016	e6446eca46695a8150b1ff35c07d616638e00959
tie	16	tie.packet.dinky	1826	893760	699e591187426361ea43978c06e23a09bfde08f3
tie	16	tie.packet.draws	1826	219902	eba36c5ed377ed016e3fe917f1694ce74b392e6b
tie	16	tie.packet.fat	1826	582816	3b6832d4f980c422b188210104429536aaf3a9ef
tie	16	tie.packet.packet_header	1826	29216	f7c72249d24d3378942bf9ab1a3529f796184ae7
tie	16	tie.packet.slot_table	1826	107936	460c03bcd02b4a36ca1657784ec581fe1a6f0bd7
tie	16	tie.packet.strips	1826	40752	651833b12623fc6375f8d716ae892da8d9c2f50e
tie	16	tie.packet.triangles	1826	553592	c23a2df90397ec8954aae08408e9c163ff2774f3
tie	16	tie.packet.unpack	1826	21912	281c8ef3cb4f05aad58c186bffba23c6f2d6cd61
tie	16	tie.packet.vertices	1826	2083744	eaa528e2972d1f9a03596662109deff44411180c
tie	17	tie.ad_gifs	85	23680	21f5004baf0b78a8cb47580cc21d0689c0276adf
tie	17	tie.header	85	10880	b04501acd47177dfc268458294bfaa42dee73614
tie	17	tie.header_ext	85	16320	2ae086309ad860b74f993945d99be1145e9f505f
tie	17	tie.instances	1	259168	6216ccd6de94a2cc64c5b2b01433157a4ddc8d43
tie	17	tie.lod_packets	255	1020	fe0f64b71a9c9ecb68758e873d68ee6d89d505a8
tie	17	tie.normals	85	43520	4e4c85656a7f482452a72a051981f6065f23f8b7
tie	17	tie.o_class	85	340	d62484607becafafdd73a0261e00173f42341c9a
tie	17	tie.packet.ad_gif_dest_src	1653	52896	d7ccbf6dcd1490980d26fd314cd40a14b55480f4
tie	17	tie.packet.colors	1653	152028	893dd7865968a44737f6ae96eded389117ed5fbc
tie	17	tie.packet.colors_b	1653	152028	f0e859cfd3d14a41af50460813b0c209a3671336
tie	17	tie.packet.dinky	1653	751968	c2cb4fc86d64711005be41e3978abd2bc753ef86
tie	17	tie.packet.draws	1653	202044	0af7ef7185fc3f1c83152dc7584ebd143e9169f0
tie	17	tie.packet.fat	1653	618096	f94f0dc3beda8551d3c86910e1059590a45db21b
tie	17	tie.packet.packet_header	1653	26448	d353d8ee3922159af5f1b103b5e33fe3fb025d13
tie	17	tie.packet.slot_table	1653	99984	e76a8c10b5136797fbf3581dc7caefa0885b4ef7
tie	17	tie.packet.strips	1653	34784	1a9c5291967e47f5f92632835f8f373f4752591e
tie	17	tie.packet.triangles	1653	529904	5c4a21e49d6550e0c3a1fd9de51d96f6c20fdca4
tie	17	tie.packet.unpack	1653	19836	355ef52e378fd2e3afe434fe9a170b89448bb539
tie	17	tie.packet.vertices	1653	1891552	ab7f46083d9ee28922396495c44ff1196684f3c5
tie	18	tie.ad_gifs	92	46800	bcf7b241cc12298e6e9e3c8bd2d5705364cd0c2b
tie	18	tie.header	92	11776	eb008b912699a9e53eeb47b4843de85f046d1656
tie	18	tie.header_ext	92	17664	a51058168c60e995d86f05f14cca272c89967fe6
tie	18	tie.instances	1	847168	1ab556ef9fbd1b4228a2dae0c6762c212c4b9e05
tie	18	tie.lod_packets	276	1104	0a4bd69cad0f2997167a5302777e477325b507ba
tie	18	tie.normals	92	47104	0359711676f5dea512bd115ce48b5cc0e3b67d28
tie	18	tie.o_class	92	368	8e217d05578fc76d4374cb0effdcaaed949af2d6
tie	18	tie.packet.ad_gif_dest_src	2002	64064	b0a875130d056431fc97b9367bbfa24970981090
tie	18	tie.packet.colors	2002	180456	18ab64a865f0c57d8df743b65af53621f0a83099
tie	18	tie.packet.colors_b	2002	180456	42f8489ef6f5f6ba7323d4f3e176d479c4549534
tie	18	tie.packet.dinky	2002	983648	8dfe716b6e3af1025b2688f34c64597be0d057b7
tie	18	tie.packet.draws	2002	245644	fa228435e53138ffd34dd378c63be804320cf558
tie	18	tie.packet.fat	2002	699720	82f8dc70dc69682955fa65640bd3dd7c1879f090
tie	18	tie.packet.packet_header	2002	32032	41bcbed501e2568b7b29b82cf52b5bf8b99012ba
tie	18	tie.packet.slot_table	2002	120704	0717fd145c35afa4db8da54e5f0d0130f30d52e9
tie	18	tie.packet.strips	2002	44660	e5119c71cc0403bc0eba797553b6a0cccb06f40e
tie	18	tie.packet.triangles	2002	625296	7a17b13e014846f84146c7c18e37c1c9f3e2f3c9
tie	18	tie.packet.unpack	2002	24024	c3ab4908be365ad775d3f7997051fadba8c72c96
tie	18	tie.packet.vertices	2002	2356458	afedb904f109d534d4b77f8aec8e3b29f7aa3b6d
wad	00	core_data	1	16766912	8ec93220facba84f7a8cff45602c42758496d58f
wad	00	gameplay_ntsc	1	1113280	704d428fa5333acb6ead801702ec594dac924585
wad	00	gameplay_pal	1	1113280	98255afdaa47eee0f57deced944cca4650701159
wad	00	hud_bank_0	1	131072	22b20cf90b43996b299e53f3ca842e80cebb035c
wad	00	hud_bank_1	1	326912	6beb7623232a1c6b484e29f5c50f783cb7d1eed0
wad	00	hud_bank_2	1	0	05fe405753166f125559e7c9ac558654f107c7e9
wad	00	hud_bank_3	1	0	05fe405753166f125559e7c9ac558654f107c7e9
wad	00	hud_bank_4	1	70656	3cdd58b132d43b8cc3a2ae7a01d78b39785c82b5
wad	01	core_data	1	23908288	eb48307e4633a1b0553cae8ad0bddabc09958ce1
wad	01	gameplay_ntsc	1	1430528	e14708558300909498ddc2e285b21433bdf6322b
wad	01	gameplay_pal	1	1430528	6d62bec990374c9641de43c2a9f2fcc1b9ff1bcd
wad	01	hud_bank_0	1	131072	22b20cf90b43996b299e53f3ca842e80cebb035c
wad	01	hud_bank_1	1	326912	6beb7623232a1c6b484e29f5c50f783cb7d1eed0
wad	01	hud_bank_2	1	0	05fe405753166f125559e7c9ac558654f107c7e9
wad	01	hud_bank_3	1	0	05fe405753166f125559e7c9ac558654f107c7e9
wad	01	hud_bank_4	1	70656	3cdd58b132d43b8cc3a2ae7a01d78b39785c82b5
wad	02	core_data	1	20684480	2904d22d68e58d49e12ae6738682b5f3e32be9ad
wad	02	gameplay_ntsc	1	1894592	4b8e5f3d3a62938c9438a66ad2f5f7fd302c2010
wad	02	gameplay_pal	1	1894592	cf0f7c20d7430e20a88f473542809fade387dcd8
wad	02	hud_bank_0	1	131072	22b20cf90b43996b299e53f3ca842e80cebb035c
wad	02	hud_bank_1	1	326912	6beb7623232a1c6b484e29f5c50f783cb7d1eed0
wad	02	hud_bank_2	1	0	05fe405753166f125559e7c9ac558654f107c7e9
wad	02	hud_bank_3	1	0	05fe405753166f125559e7c9ac558654f107c7e9
wad	02	hud_bank_4	1	70656	3cdd58b132d43b8cc3a2ae7a01d78b39785c82b5
wad	03	core_data	1	22492032	06f5c8e6e4495d455bb301ffbf1a10c5eacc93b0
wad	03	gameplay_ntsc	1	2395648	226e9adab9f4c62cb1a79f4781fbd6d8c6ed1b7e
wad	03	gameplay_pal	1	2395648	13811bc912e5396e51a7e2a0ad051b260f09e6a2
wad	03	hud_bank_0	1	131072	22b20cf90b43996b299e53f3ca842e80cebb035c
wad	03	hud_bank_1	1	326912	6beb7623232a1c6b484e29f5c50f783cb7d1eed0
wad	03	hud_bank_2	1	0	05fe405753166f125559e7c9ac558654f107c7e9
wad	03	hud_bank_3	1	0	05fe405753166f125559e7c9ac558654f107c7e9
wad	03	hud_bank_4	1	70656	3cdd58b132d43b8cc3a2ae7a01d78b39785c82b5
wad	04	core_data	1	20755968	de365b09c217b32741ce94f5f5ce3da58d5cbbb1
wad	04	gameplay_ntsc	1	1216064	c1205385cc451fe0a57beb2443c059c7d7d90e47
wad	04	gameplay_pal	1	1216064	d86edc32f896674f78a77bb10e657ab393e68ca4
wad	04	hud_bank_0	1	131072	22b20cf90b43996b299e53f3ca842e80cebb035c
wad	04	hud_bank_1	1	326912	6beb7623232a1c6b484e29f5c50f783cb7d1eed0
wad	04	hud_bank_2	1	0	05fe405753166f125559e7c9ac558654f107c7e9
wad	04	hud_bank_3	1	0	05fe405753166f125559e7c9ac558654f107c7e9
wad	04	hud_bank_4	1	70656	3cdd58b132d43b8cc3a2ae7a01d78b39785c82b5
wad	05	core_data	1	24005248	6136b8f26524699caff288dfa8dc7e0736c2eebc
wad	05	gameplay_ntsc	1	1810176	42a1f2b89de6bb7089377394df9ecea2433f95ea
wad	05	gameplay_pal	1	1810176	83093317c7a71dc54287d721971bc2a05fe73951
wad	05	hud_bank_0	1	105472	7bc458a63a532e341cb60924343e33583681749c
wad	05	hud_bank_1	1	326912	af3973a9261b8a1ac787b19eb3bf23b74947c080
wad	05	hud_bank_2	1	0	05fe405753166f125559e7c9ac558654f107c7e9
wad	05	hud_bank_3	1	0	05fe405753166f125559e7c9ac558654f107c7e9
wad	05	hud_bank_4	1	131072	e78109a716fa363e15f076fdb271818c900c9b27
wad	06	core_data	1	24708864	f0c3073ce0373d13d7e702e0e2e6cbe8b093b41d
wad	06	gameplay_ntsc	1	1439808	259bd7eefa55d8166a583c4aad7388ab5f002042
wad	06	gameplay_pal	1	1439808	5b3d3eef6d6b6aeb7b993859f72359f887eecb4c
wad	06	hud_bank_0	1	131072	22b20cf90b43996b299e53f3ca842e80cebb035c
wad	06	hud_bank_1	1	327168	60dc6ba20633f448b4c5b5e8d982450f56a5af55
wad	06	hud_bank_2	1	0	05fe405753166f125559e7c9ac558654f107c7e9
wad	06	hud_bank_3	1	0	05fe405753166f125559e7c9ac558654f107c7e9
wad	06	hud_bank_4	1	83968	370ffb8016490184b09fe3f8be855b0c95c3eb1a
wad	07	core_data	1	20033152	83b357ad39c683ecbeb4ff745bb6c4f6431dfee3
wad	07	gameplay_ntsc	1	1154560	62e882d91ee2371381551a9b577e803493d09f15
wad	07	gameplay_pal	1	1154560	40e014ab7cc0dfa01faebe1a05a6d54844856ee3
wad	07	hud_bank_0	1	131072	22b20cf90b43996b299e53f3ca842e80cebb035c
wad	07	hud_bank_1	1	327168	0389ececf738eb999cc8a8d8e58c7773822516bc
wad	07	hud_bank_2	1	0	05fe405753166f125559e7c9ac558654f107c7e9
wad	07	hud_bank_3	1	0	05fe405753166f125559e7c9ac558654f107c7e9
wad	07	hud_bank_4	1	75776	1e9ecab991c677de80a47c747831f58160737cdc
wad	08	core_data	1	19630144	b29448506f4b73791ea7617222f909bb36788937
wad	08	gameplay_ntsc	1	1930112	565797e26123b8f8c1277d079b7ccea7709d20ee
wad	08	gameplay_pal	1	1930112	fb271ed16cb22c01f879133d6b1d581e8d3ab601
wad	08	hud_bank_0	1	131072	22b20cf90b43996b299e53f3ca842e80cebb035c
wad	08	hud_bank_1	1	326912	6beb7623232a1c6b484e29f5c50f783cb7d1eed0
wad	08	hud_bank_2	1	0	05fe405753166f125559e7c9ac558654f107c7e9
wad	08	hud_bank_3	1	0	05fe405753166f125559e7c9ac558654f107c7e9
wad	08	hud_bank_4	1	70656	3cdd58b132d43b8cc3a2ae7a01d78b39785c82b5
wad	09	core_data	1	20717504	5227aa65e31e50854cd8db3bf5c01f4ffcf5f9ef
wad	09	gameplay_ntsc	1	1772096	58d21f3d00e9b90a9e7d6a1fdc0c3251e12f2b27
wad	09	gameplay_pal	1	1772096	69ea27963a7f20be93327e5b45c686f36f60c171
wad	09	hud_bank_0	1	131072	22b20cf90b43996b299e53f3ca842e80cebb035c
wad	09	hud_bank_1	1	326912	6beb7623232a1c6b484e29f5c50f783cb7d1eed0
wad	09	hud_bank_2	1	0	05fe405753166f125559e7c9ac558654f107c7e9
wad	09	hud_bank_3	1	0	05fe405753166f125559e7c9ac558654f107c7e9
wad	09	hud_bank_4	1	70656	3cdd58b132d43b8cc3a2ae7a01d78b39785c82b5
wad	10	core_data	1	20509568	0fab220abb6abf31bf0cee14ca0a15dd25201ea5
wad	10	gameplay_ntsc	1	1743552	3c7c366619346e3f56b3c0102c38f83b0dd752ef
wad	10	gameplay_pal	1	1743552	d857cc6866ca9618b59580ceb8b0b0121c1c4d63
wad	10	hud_bank_0	1	131072	22b20cf90b43996b299e53f3ca842e80cebb035c
wad	10	hud_bank_1	1	326912	7a6e4a78d5bc654d6c5675b7a2fb26118e7a675d
wad	10	hud_bank_2	1	0	05fe405753166f125559e7c9ac558654f107c7e9
wad	10	hud_bank_3	1	0	05fe405753166f125559e7c9ac558654f107c7e9
wad	10	hud_bank_4	1	78848	9a6b72e5649781c14d39bedcf740758394d6125e
wad	11	core_data	1	23314432	f5fcd39cf37f537d0236cae13242d4f0365c3b12
wad	11	gameplay_ntsc	1	1487424	ed838f2b6d10f19395a84eb58af7750c89535260
wad	11	gameplay_pal	1	1487424	e55316776375eac128c5a1d81f73af0a1c5c6fed
wad	11	hud_bank_0	1	131072	22b20cf90b43996b299e53f3ca842e80cebb035c
wad	11	hud_bank_1	1	326912	6beb7623232a1c6b484e29f5c50f783cb7d1eed0
wad	11	hud_bank_2	1	0	05fe405753166f125559e7c9ac558654f107c7e9
wad	11	hud_bank_3	1	0	05fe405753166f125559e7c9ac558654f107c7e9
wad	11	hud_bank_4	1	70656	3cdd58b132d43b8cc3a2ae7a01d78b39785c82b5
wad	12	core_data	1	22259008	613969d7bade93ebda0d76e1a5f9726d88fc50a1
wad	12	gameplay_ntsc	1	2305472	b4b79dc214b25c142c228ef937f02c17407e7185
wad	12	gameplay_pal	1	2305472	88ba70e6cb4bf854a5493c37417c305232fa891a
wad	12	hud_bank_0	1	131072	22b20cf90b43996b299e53f3ca842e80cebb035c
wad	12	hud_bank_1	1	326912	6beb7623232a1c6b484e29f5c50f783cb7d1eed0
wad	12	hud_bank_2	1	0	05fe405753166f125559e7c9ac558654f107c7e9
wad	12	hud_bank_3	1	0	05fe405753166f125559e7c9ac558654f107c7e9
wad	12	hud_bank_4	1	70656	3cdd58b132d43b8cc3a2ae7a01d78b39785c82b5
wad	13	core_data	1	23905536	88e480e63277e6be670ea9cddbc4362dadd445e2
wad	13	gameplay_ntsc	1	1557696	44c2fc5fb3e5171c1d382c6d3b73d954e65e11f5
wad	13	gameplay_pal	1	1557696	52f1c868a34b80deb6c4c590f026071b9ca23458
wad	13	hud_bank_0	1	131072	22b20cf90b43996b299e53f3ca842e80cebb035c
wad	13	hud_bank_1	1	327168	0834c71e8df5cdc5da90015cb1e354f8681398c3
wad	13	hud_bank_2	1	0	05fe405753166f125559e7c9ac558654f107c7e9
wad	13	hud_bank_3	1	0	05fe405753166f125559e7c9ac558654f107c7e9
wad	13	hud_bank_4	1	75776	1e9ecab991c677de80a47c747831f58160737cdc
wad	14	core_data	1	23768512	11bc0afa4b27c0a183fada0ee0ed0f0a9c4ca457
wad	14	gameplay_ntsc	1	1444544	f39094cc22c0e1ae69c54922c2b9991966294391
wad	14	gameplay_pal	1	1444544	2208185bd010b3e09ea4470f6c2db0fcaf832669
wad	14	hud_bank_0	1	131072	22b20cf90b43996b299e53f3ca842e80cebb035c
wad	14	hud_bank_1	1	326912	6beb7623232a1c6b484e29f5c50f783cb7d1eed0
wad	14	hud_bank_2	1	0	05fe405753166f125559e7c9ac558654f107c7e9
wad	14	hud_bank_3	1	0	05fe405753166f125559e7c9ac558654f107c7e9
wad	14	hud_bank_4	1	70656	3cdd58b132d43b8cc3a2ae7a01d78b39785c82b5
wad	15	core_data	1	24059968	1e03b51272085f7fb7641253be75aa21bc9776be
wad	15	gameplay_ntsc	1	1661184	ad365cd47f74ea54e6e5a3c7edefc6de7a8eb65d
wad	15	gameplay_pal	1	1661184	5dad24c2a8602f206e34a656168a0e24dbb4a98e
wad	15	hud_bank_0	1	105472	7bc458a63a532e341cb60924343e33583681749c
wad	15	hud_bank_1	1	326912	999cafb34cf6d4b7e37b660b5a2be00fddc4bf4b
wad	15	hud_bank_2	1	0	05fe405753166f125559e7c9ac558654f107c7e9
wad	15	hud_bank_3	1	0	05fe405753166f125559e7c9ac558654f107c7e9
wad	15	hud_bank_4	1	131072	e78109a716fa363e15f076fdb271818c900c9b27
wad	16	core_data	1	22441664	7a699783efaf9e06b7c0eb3b351e461506572214
wad	16	gameplay_ntsc	1	2204736	d476002c7adc05dd3b9e9aeed4f38229090ce76c
wad	16	gameplay_pal	1	2204736	4478e53579376ddb6cdba6eeb184ddb4a09ea84f
wad	16	hud_bank_0	1	105472	7bc458a63a532e341cb60924343e33583681749c
wad	16	hud_bank_1	1	326912	af3973a9261b8a1ac787b19eb3bf23b74947c080
wad	16	hud_bank_2	1	0	05fe405753166f125559e7c9ac558654f107c7e9
wad	16	hud_bank_3	1	0	05fe405753166f125559e7c9ac558654f107c7e9
wad	16	hud_bank_4	1	131072	e78109a716fa363e15f076fdb271818c900c9b27
wad	17	core_data	1	20673088	a4d85a640e7c09d2a6609ddb22ed6f756fd57baa
wad	17	gameplay_ntsc	1	1210752	d4d2220ef48486f5b245a0d8e81e4cb626b43c1e
wad	17	gameplay_pal	1	1210752	9251661b127b8bdb41da8d4d7cbf789959b15659
wad	17	hud_bank_0	1	131072	22b20cf90b43996b299e53f3ca842e80cebb035c
wad	17	hud_bank_1	1	326912	6beb7623232a1c6b484e29f5c50f783cb7d1eed0
wad	17	hud_bank_2	1	0	05fe405753166f125559e7c9ac558654f107c7e9
wad	17	hud_bank_3	1	0	05fe405753166f125559e7c9ac558654f107c7e9
wad	17	hud_bank_4	1	70656	3cdd58b132d43b8cc3a2ae7a01d78b39785c82b5
wad	18	core_data	1	22639168	358e67fc1068e25b6924c0f6b642f11ab7871775
wad	18	gameplay_ntsc	1	2204224	4182f5d718c67f8f464e4b0b9a1016d8334f1be4
wad	18	gameplay_pal	1	2204224	67131329ff7d0e0beebfecb53373e4577e44167f
wad	18	hud_bank_0	1	110592	8eecf2d52a7284ddd329f726569a9424a5f41781
wad	18	hud_bank_1	1	327168	056022665198991153f3f6f7091f96343599ce00
wad	18	hud_bank_2	1	0	05fe405753166f125559e7c9ac558654f107c7e9
wad	18	hud_bank_3	1	0	05fe405753166f125559e7c9ac558654f107c7e9
wad	18	hud_bank_4	1	131072	e78109a716fa363e15f076fdb271818c900c9b27
wad	global	global/character_renders/000	1	66592	582862b7748701f66f963d055ac4b8e31e0fc7c1
wad	global	global/character_renders/001	1	66592	a10c2fb6e6831a59da770af73e0b61e379004222
wad	global	global/character_renders/002	1	66592	de68698c260097701080f4832ea8f0fbae2f64ee
wad	global	global/character_renders/003	1	66592	4f2a68692209d58c47c9560d5d2fe9a010c1f5b4
wad	global	global/character_renders/004	1	66592	44b60114c73ee0cdebc6fc0a6040dbf85616bfa2
wad	global	global/character_renders/005	1	66592	2106d7c1099fcecf4ac479612f2bd2c90cfbfe7a
wad	global	global/character_renders/006	1	66592	28406aac15e869f979891bd3a811a2c128adf8b2
wad	global	global/character_renders/007	1	66592	e7c736269f37f7b97717e07fe345390d84c99d42
wad	global	global/character_renders/008	1	66592	46c1473083b3a025add9570bd155764bac4029d0
wad	global	global/character_renders/009	1	66592	49921c4b11c6e8cd78e7d691c5861bcfd51da861
wad	global	global/character_renders/010	1	66592	bab7b9091fda5ccff66e4fca2788a8d9e1bd67ec
wad	global	global/character_renders/011	1	66592	8bea298e731325b2aeb92b4b14c3ec2fe15ed162
wad	global	global/character_renders/012	1	66592	cb8f6def627463887ba2881122d8648733f0294b
wad	global	global/character_renders/013	1	66592	37446bf11e7ded51a88fbbff764dec97ec074fef
wad	global	global/character_renders/014	1	66592	613e326d2ffb2ed9b0c016dcfcc4dfe98653e76c
wad	global	global/character_renders/015	1	66592	97e289b9dcf7c02eb6d61326bc844bec815c623f
wad	global	global/character_renders/016	1	66592	2b156adfe2b885f3223aae25784647ff3c765f57
wad	global	global/character_renders/017	1	66592	1c04472cc88b7ed5b9612a5ecd030725d7bea0e1
wad	global	global/character_renders/018	1	66592	e1b397363d4afd27ec8b83f1ab9a77df5cbae9bf
wad	global	global/character_sketches/000	1	66592	77b70d8901d14ba4da1549116ff6f248d215d1ac
wad	global	global/character_sketches/001	1	66592	ee0ea9a8b81ffaa187788170bb8656b08d1b1019
wad	global	global/character_sketches/002	1	66592	ade182dcaae161a64dd4f9da55b8fb000e243e3b
wad	global	global/character_sketches/003	1	66592	4cddbc8bb6e76452f95a538e165413baee683dd0
wad	global	global/character_sketches/004	1	66592	4908571986057ca50dbcb4124ce3e92e28f71234
wad	global	global/character_sketches/005	1	66592	d73f9f8e17474427743cabcc1cb2047b914cb9e1
wad	global	global/character_sketches/006	1	66592	c112145e9c59cffbfc60fda47b6adaf19e616dda
wad	global	global/character_sketches/007	1	66592	52b6994224d626ab17132ea93d743383cf47bf41
wad	global	global/character_sketches/008	1	66592	e14e09290d5912d5dacf958854bf039c9b74b2fe
wad	global	global/character_sketches/009	1	66592	1c4282133ae1b888f1d2df9e956b7bcbe56c54d0
wad	global	global/character_sketches/010	1	66592	e16d571cfdb5924b2f44828a7066174c0c2fa1d9
wad	global	global/character_sketches/011	1	66592	f01e27943da46f234c37483e6c5fb049c721532f
wad	global	global/character_sketches/012	1	66592	4ab7b6e1830f8b56e90b95245e4f903c99202a9a
wad	global	global/character_sketches/013	1	66592	205be3a50b1fdb621a6930e186560c41bc00713c
wad	global	global/character_sketches/014	1	66592	ba9b62e5fb169896afb050c6d0629e35bf2fa219
wad	global	global/character_sketches/015	1	66592	352674b8bf598bacb7143caa91d2d40dcbb1e10c
wad	global	global/character_sketches/016	1	66592	fb95f6fd1fe62c583c22b4c0ef29e7786b0f135a
wad	global	global/character_sketches/017	1	66592	e69d2180ba0470bc85fd4eab65e0ab7182726f73
wad	global	global/character_sketches/018	1	66592	9800f4bab5a74e53f0b514e827e5132f9d9b4004
wad	global	global/commercials/000	1	132128	90f870df16bd406721559452a9d944d1dbf11eb0
wad	global	global/commercials/001	1	132128	665e03ee6eef67f0be1fab6c1c76d566aa3f45c5
wad	global	global/commercials/002	1	132128	ac2050b8cadf4a01d6a4d158b0245b897b1f4d77
wad	global	global/commercials/003	1	132128	af7fb33f953c75fa349dbc4d2b9a732f39e90335
wad	global	global/epilogue_english/000	1	263200	66e832af190d8fad7152be30a15795f20ef8286b
wad	global	global/epilogue_english/001	1	263200	0fd45c040b4183ade841cc4dda1c35976caa15a6
wad	global	global/epilogue_english/002	1	263200	a64d57a599c960e0c84ce7b6922cd23e86526ddb
wad	global	global/epilogue_english/003	1	263200	f3f5cfa955b788304d2ba6e9d5ee7101a6b7fea0
wad	global	global/epilogue_english/004	1	263200	c44db147d0620938e548f5511c0a8028ac284a5f
wad	global	global/epilogue_english/005	1	263200	9f80d113e0107045235845a5c196c68b512d4e93
wad	global	global/epilogue_english/006	1	263200	e6372506e19a56cda80edd8dc1e2d9f25891f089
wad	global	global/epilogue_english/007	1	263200	01e99c2f9aeeec093cfaab8524ac57dbc3dc9a0a
wad	global	global/epilogue_english/008	1	263200	a4abee17a8163aa6d3aaf807e8826fae020a5dd2
wad	global	global/epilogue_english/009	1	263200	91b6e618cc44132caa28713ced24a98a8fa51748
wad	global	global/epilogue_english/010	1	263200	538f1cf8cad41158ae35c6431746e6077d07654b
wad	global	global/epilogue_english/011	1	263200	d352927790cbcc094e144090b2c2cd52bbafac59
wad	global	global/epilogue_french/000	1	263200	19bb5b55b61833fb3892f1c37f649c5060cac72f
wad	global	global/epilogue_french/001	1	263200	8808585a04fe6ec72f4df177700bb19c12f7d27e
wad	global	global/epilogue_french/002	1	263200	ad8eed206832cabde7512bebae936df79a010cff
wad	global	global/epilogue_french/003	1	263200	6d89fd0b564cbd307d5b2be62b340c3d0dcbd705
wad	global	global/epilogue_french/004	1	263200	cfd723131cf8f75dbd749412e40515dfad889f81
wad	global	global/epilogue_french/005	1	263200	4b4117a82e4bcff76a67126fed8cc5f646c0de41
wad	global	global/epilogue_french/006	1	263200	f4c0eac4a20da0f123ba35e1a5736fc3a4c13406
wad	global	global/epilogue_french/007	1	263200	c514fe1e690a44470bbbc2bc1794982c4f814a9a
wad	global	global/epilogue_french/008	1	263200	34968c6fabd9f9997c0ed5fa2a4987be7cbe5691
wad	global	global/epilogue_french/009	1	263200	3774ab44a3953de44040ed8dfeb5df74c4ad36b3
wad	global	global/epilogue_french/010	1	263200	cebd032faadaaa1dbd081d535959ded163a7bc21
wad	global	global/epilogue_french/011	1	263200	904635310bc377576afca6f93517ad417aadaecf
wad	global	global/epilogue_german/000	1	263200	dbde37de4405cd05a53757bcc2a6b514627453fc
wad	global	global/epilogue_german/001	1	263200	0bca3f642da2abf70314afe545d8b59a5ab26c1c
wad	global	global/epilogue_german/002	1	263200	7ed063986ccadd840240874f667e0b5e072d6bd3
wad	global	global/epilogue_german/003	1	263200	a4c1d817d443c99a8f7f06113c51ce9b04ce8159
wad	global	global/epilogue_german/004	1	263200	0e41b44d2425986ddb7c471a0c5014064e388b34
wad	global	global/epilogue_german/005	1	263200	8948208d604f6fedd34b40c8685d6f0d2c12d302
wad	global	global/epilogue_german/006	1	263200	9ccfb20d9f310481c59b09206dce33fecb5c0d82
wad	global	global/epilogue_german/007	1	263200	28b38f95f3eb0ed233f1a6d14dc4e09b99f32d8f
wad	global	global/epilogue_german/008	1	263200	e9887e8580692dc11e36038086b3d9093301ed9f
wad	global	global/epilogue_german/009	1	263200	d465ccb30bb1b05d76f940fa9bec35c0efa2a23d
wad	global	global/epilogue_german/010	1	263200	d12eaf19c5f5392cc7873a87f62de4c8afe252b4
wad	global	global/epilogue_german/011	1	263200	d24832b4b85d7b277829fb9bb253f63d61fa594d
wad	global	global/epilogue_italian/000	1	263200	ccadeb073d42548de949c79c762fd4aececf2e4e
wad	global	global/epilogue_italian/001	1	263200	3cfd642dfc33daa2011f651d5ac5b55012e3647e
wad	global	global/epilogue_italian/002	1	263200	c6e499225fe3e9ec3177bc1fd97be91c40062baf
wad	global	global/epilogue_italian/003	1	263200	12fa71cb071904d4d0fe46f2c5263520fbdec9fb
wad	global	global/epilogue_italian/004	1	263200	a33d7d5d5d4e4fef4e8b80fc63599ad3dc663268
wad	global	global/epilogue_italian/005	1	263200	6c53e06cfefcd67b15d77a222d0abba08b93827d
wad	global	global/epilogue_italian/006	1	263200	43a44177d72c91e7b87d70f9793d289166860e05
wad	global	global/epilogue_italian/007	1	263200	eff89a47e0139e25fea069d50bb0fa375ca81f48
wad	global	global/epilogue_italian/008	1	263200	bb2cd1d38c8504477952d3fe8af3a1637cd109d1
wad	global	global/epilogue_italian/009	1	263200	5512fcfac2418c5fee6cf3d2f522b779a9d06daa
wad	global	global/epilogue_italian/010	1	263200	8073278bc1a907de22bb87ce4948dc293b4d4ae7
wad	global	global/epilogue_italian/011	1	263200	af3fcf0a0432f8ef9e52bcf45e0d0da313937904
wad	global	global/epilogue_spanish/000	1	263200	d4c9405061023f7754a0188c0e9bfaaccbc5494c
wad	global	global/epilogue_spanish/001	1	263200	693ae5e5cfabff0d825eb16ad1b5499bfe833037
wad	global	global/epilogue_spanish/002	1	263200	1de15b390b670e20c2e6cbe306109514704f3c82
wad	global	global/epilogue_spanish/003	1	263200	86926f2446446d55faabd88d6dc8ab278dcf3dae
wad	global	global/epilogue_spanish/004	1	263200	4d5ad2b69c89900600fb15678ff47ea0fd461ca7
wad	global	global/epilogue_spanish/005	1	263200	7720db8d431b71e5cd4d5f1bccc77438d003d163
wad	global	global/epilogue_spanish/006	1	263200	6d789a4cecfd68f6e5a5f71981a649febb2f0b1c
wad	global	global/epilogue_spanish/007	1	263200	8ffa6b1d87919b4a107957c5b84a03e76bd1b540
wad	global	global/epilogue_spanish/008	1	263200	4bc9ced2374697fd662e16697e95bfeadc04d0a8
wad	global	global/epilogue_spanish/009	1	263200	4baddfe084375445f755042c79410d686aa956d6
wad	global	global/epilogue_spanish/010	1	263200	2de211dddabcebba92ddb49ac603337f6fde77ad
wad	global	global/epilogue_spanish/011	1	263200	ebb7a1d973dfb3246921c32e4d295342f9ce8057
wad	global	global/goodies_images/000	1	132128	a2c6353c4ed12a3490f61c8b76249a30b7303935
wad	global	global/goodies_images/001	1	132128	e5ea7d4cdddd317ae7668506a0a86be3bb8c9dbb
wad	global	global/goodies_images/002	1	132128	3b7e46328fb660ad1c8abe9ad093a0ddb82eee1c
wad	global	global/goodies_images/003	1	132128	014e9ef2e1e69860c604d29bd57a3bdd1a337435
wad	global	global/goodies_images/004	1	132128	c08b19d2614ed8b0bb1914ed97541f92769cd9ce
wad	global	global/goodies_images/005	1	132128	3df4ca3b1bba82232be2a0e34612232578ff9e19
wad	global	global/goodies_images/006	1	132128	fab0237a121382ac618014abe087e04544171907
wad	global	global/goodies_images/007	1	132128	9dbced8962c97aa1d4320b6ab9cdbe677f2a68a5
wad	global	global/goodies_images/008	1	132128	68d2166032fc76d5097881053ae6fda5552c2315
wad	global	global/goodies_images/009	1	132128	fb4b8f2c33bd821c4cc5896106a2a16acafdf7d7
wad	global	global/help_gadgets/000	1	66592	50c30d334c930fb4b4688242ff91c8e488305288
wad	global	global/help_gadgets/001	1	66592	b54c8cfff2db61cfcf47f40fec73f374c496defd
wad	global	global/help_gadgets/002	1	66592	ea9fac7a7ca8bbd7938acd3d000bfe2efd06f3a7
wad	global	global/help_gadgets/003	1	66592	db5eae1e89395ce0c59d1cb51c0b25cdd91b9a41
wad	global	global/help_gadgets/004	1	66592	cf9d81a2993e8dce9a7049cce5af5e875ce0673b
wad	global	global/help_gadgets/005	1	66592	f705b5980b4263078c906f9a11fef3c6a790544c
wad	global	global/help_gadgets/006	1	66592	ceb33d9f84077d28a5a718fc18d4f32610d61862
wad	global	global/help_gadgets/007	1	66592	7ba2da277271683455a7c44b9ce9f872df65b6a5
wad	global	global/help_gadgets/008	1	66592	835c54ad4f4317f34e9c6413daf3794324e07133
wad	global	global/help_gadgets/009	1	66592	a4894d8b0a063b8b6b715dc8df844ab467536a00
wad	global	global/help_gadgets/010	1	66592	21b2a16249cdba0c1cfb8b11c905d72cbb534252
wad	global	global/help_gadgets/011	1	66592	bbb45f5bbd7a7ada3f15a05a0f8646299684009d
wad	global	global/help_gadgets/012	1	66592	b42d592e1f075a79afe3008ad201cf900f01dc0b
wad	global	global/help_gadgets/013	1	66592	4b98f0a153a9e23933a1927d3b740639ae4424f1
wad	global	global/help_moves/000	1	66592	934b9828610bb6e9478e8d9adc782bee298844d7
wad	global	global/help_moves/001	1	66592	c20d45253dbfa4221b39ed3127d05f14e63bc7cb
wad	global	global/help_moves/002	1	66592	b10598eced5dc8f25dcb7b191f3eb408a2481e0e
wad	global	global/help_moves/003	1	66592	c6543dedbe34d2bdc073ca460002b25b78974359
wad	global	global/help_moves/004	1	66592	6276bffff4aa092920a14e9f7ff2d18f9eed27d6
wad	global	global/help_moves/005	1	66592	f5c3d8f7efd4ce4cb899e9a34ce4002377943035
wad	global	global/help_moves/006	1	66592	8f29edda03a5fbcec1356f7c652ce2b879e68da3
wad	global	global/help_moves/007	1	66592	913e4abc449d9c5852394a3b0fe5f1afaba80515
wad	global	global/help_moves/008	1	66592	69f7214c84e9eafe2664dd7a500adfad2dccae7c
wad	global	global/help_moves/009	1	66592	32066ebd251221633816404578336a8f70ade584
wad	global	global/help_moves/010	1	66592	b7c426e305e1a6b446561a725f4232de035f8e9c
wad	global	global/help_moves/011	1	66592	a04fbc0c200fc6658b19176c24dd8c34ae270b3d
wad	global	global/help_moves/012	1	66592	3cd696fb6989b8ce38363e932b345940b64d04fb
wad	global	global/help_moves/013	1	66592	9954a909e26584bf378642b8de470ca8ef0f3c9b
wad	global	global/help_moves/014	1	66592	8054d31b6ae785d0fdccb814272fdc095aeda01b
wad	global	global/help_ss/000	1	66592	44566d9d4444c78250c095ffaecfddbad4f15e34
wad	global	global/help_ss/001	1	66592	9e69aff4ddd2068f9195701313ccb42788ac87e9
wad	global	global/help_ss/002	1	66592	2c77dce06812dfd99f5c5442454708498ef863f3
wad	global	global/help_ss/003	1	66592	28860c0bd7551aca2a86619ee8d0172504576661
wad	global	global/help_ss/004	1	66592	74cf46649e6613e1fb4288678caf9096b89b73c2
wad	global	global/help_ss/005	1	66592	de5173637a8388380db9a7f9cd9cd42c2f54556a
wad	global	global/help_ss/006	1	66592	32499775ff679a61769b7bbcbc4573a53a789237
wad	global	global/help_weapons/000	1	66592	e6459a6447e52e49134861c26f22ebb1ec73632b
wad	global	global/help_weapons/001	1	66592	ef0e5711562d7d22de809f36ade87091af553586
wad	global	global/help_weapons/002	1	66592	e1efce5e7273802dcad301e5c7ed7553ef69a556
wad	global	global/help_weapons/003	1	66592	76c5bcc9f7fe7dcea57e8c81c03df080eb17a98d
wad	global	global/help_weapons/004	1	66592	fe3df7fb29907e74d952ba16911d814b46498152
wad	global	global/help_weapons/005	1	66592	fff49467a2ec0ee3b3a8d84628ff0ee4a4086d0e
wad	global	global/help_weapons/006	1	66592	03a6ac63d81c46a3dc6943b309810cd74dc74f17
wad	global	global/help_weapons/007	1	66592	21cc1789a7a303f7f48a5a1cc12ce0d92d811356
wad	global	global/help_weapons/008	1	66592	3647c3877673eca777f163433d26f3431e667a2d
wad	global	global/help_weapons/009	1	66592	800d95d4406142ed09baa64146219031d5a0cc1c
wad	global	global/help_weapons/010	1	66592	ea54a8e1e83a72484ce998665ea196053657e798
wad	global	global/help_weapons/011	1	66592	f5fd5dc9b859923f1ef825a53fc2c8d2333cf692
wad	global	global/help_weapons/012	1	66592	bc397da4a153d566888e5730dd11336cf010db86
wad	global	global/help_weapons/013	1	66592	a769cbcf640ecbb7a9d57db09e4d3e29d0b4d4b0
wad	global	global/help_weapons/014	1	66592	5652a9ec68f7e4f57570aed742d9eb953a1ed0d2
wad	global	global/hud_banks/000	1	131072	22b20cf90b43996b299e53f3ca842e80cebb035c
wad	global	global/hud_banks/001	1	326912	6beb7623232a1c6b484e29f5c50f783cb7d1eed0
wad	global	global/hud_banks/002	1	0	05fe405753166f125559e7c9ac558654f107c7e9
wad	global	global/hud_banks/003	1	0	05fe405753166f125559e7c9ac558654f107c7e9
wad	global	global/hud_banks/004	1	70656	3cdd58b132d43b8cc3a2ae7a01d78b39785c82b5
wad	global	global/hud_seqs/000	1	53664	8c44d1c2ca42851ce1a4f011e535793efd495f2a
wad	global	global/hud_seqs/001	1	11392	257caff57747f7dfca815f0b7c54815e232cb1eb
wad	global	global/hud_seqs/002	1	14864	7a37932155b0b75554dee7483ab2afeb09cd3787
wad	global	global/hud_seqs/003	1	20032	551e171282bbde6579c50db8abdb1913e24e5bf6
wad	global	global/hud_seqs/004	1	20032	afc994636b084c74b336b01220d07dc56d79daf5
wad	global	global/hud_seqs/005	1	20032	1089b977dbc7228a2d089c9934d7fdec9e79d507
wad	global	global/hud_seqs/006	1	103424	fae0129a4b62efca8137f43046c5c36c7fd6afd2
wad	global	global/hud_seqs/007	1	52736	85b3c87f07eeb976ac264ec3c75b8ed5b93bcfd4
wad	global	global/hud_seqs/008	1	52736	fde8254bb998e7aa7a7249057ed9874a14961e9f
wad	global	global/hud_seqs/009	1	52736	4677f0680d0e7532c81b1d6bab5a28611fa694d1
wad	global	global/hud_seqs/010	1	7552	1fff996c5df101e6c0345e0255e5a99279960952
wad	global	global/hud_seqs/011	1	118784	fc73c9ee24fd1bafb36cbe4339c3e71d5b23f536
wad	global	global/hud_seqs/012	1	13040	34e223318ca0d8133ad6b777087c1083c0e77d91
wad	global	global/hud_seqs/013	1	11696	6b0329465c67ed7fb8ccf38e92edcc88e6b6da23
wad	global	global/hud_seqs/014	1	33648	d23d8439238209a465a98027fa923e2e45e0a534
wad	global	global/hud_seqs/015	1	96	e735bf5d5f2921feb0f3122ad38baaff37d9a858
wad	global	global/hud_seqs/016	1	69872	b360c91cabf6c01ac3b737690ad552ed9a01a2fb
wad	global	global/irx	1	668780	1ffe6304aecced77c96400ba8d059cab88fcd16e
wad	global	global/item_images/000	1	33824	8cbac812b47fc57735fe6bc41147bfb85f88d64c
wad	global	global/item_images/001	1	33824	0b2d28af18931ebca829abb1b691c16c1ccfe013
wad	global	global/item_images/002	1	33824	f61a639a2e0488079c501a2d29684cc0ba2599f7
wad	global	global/item_images/003	1	33824	898179ca0adb7dd8500a84ef4c753a28d992cda5
wad	global	global/item_images/004	1	33824	0d5f14222647839dc2548bec53534db34af1b07e
wad	global	global/item_images/005	1	33824	f56c6ac22a1a928bef81fdef0e39a459b780acc8
wad	global	global/item_images/006	1	33824	32e24aedbcb99557bb233b35770d17e3de317d5f
wad	global	global/item_images/007	1	33824	6e3977051059b06d8ea830b64b8ec17f61854eb2
wad	global	global/item_images/008	1	33824	9db329a688292f9aa806502ab721941f138c8c2d
wad	global	global/mission_ss/000	1	66592	8106a839ede60ac6a1966b0f02da416d73dc8b7b
wad	global	global/mission_ss/001	1	66592	340f0a855e7074da9b8dea6f137c30b7cb245b6e
wad	global	global/mission_ss/002	1	66592	871c74fcdb34649a1e1afa0f14a5ed8efe0d1a8f
wad	global	global/mission_ss/003	1	66592	ed877c9631e1b8f2921c787be75723954384e297
wad	global	global/mission_ss/004	1	66592	40ce52756702aa246a0d4621a7dbc0f4004c8a76
wad	global	global/mission_ss/005	1	66592	a8359ddb1f84f453a6c372534e81232584a59342
wad	global	global/mission_ss/006	1	66592	3db709c3f41dd7dc3e01ba94acee43f2febca374
wad	global	global/mission_ss/007	1	66592	17389b9a5cc77d4007c4e277eb114f8b172502ce
wad	global	global/mission_ss/008	1	66592	17389b9a5cc77d4007c4e277eb114f8b172502ce
wad	global	global/mission_ss/009	1	66592	1387a76726d88647228443fe8d0bfec4cb28b365
wad	global	global/mission_ss/010	1	66592	fb4949d914ae2a896832299c8afc79df9a01c241
wad	global	global/mission_ss/011	1	66592	7f693117973e09eaba7bbcefdb3bf400bd250c64
wad	global	global/mission_ss/012	1	66592	2090fc47d29ac673c57507367de80691be95331f
wad	global	global/mission_ss/013	1	66592	b3ca663972397a53e758975131d522379ce9feb9
wad	global	global/mission_ss/014	1	66592	4c36d4bbcd1fd4c4f1c6637874a7cd4e83404bb7
wad	global	global/mission_ss/015	1	66592	4dc69a2030f554dad1a055108c744b629eb07681
wad	global	global/mission_ss/016	1	66592	2b567320b1f7e4a89100433850e1c92dc682b9f1
wad	global	global/mission_ss/017	1	66592	48131cd62f02bc479083be0c80efd3a77d3d4a02
wad	global	global/mission_ss/018	1	66592	c9cae9b3b247d74ddc9fceb7f8723a2eb75f9d11
wad	global	global/mission_ss/019	1	66592	3410e5d7f320cb3acff5f3c7aba7193ce8d4158d
wad	global	global/mission_ss/020	1	66592	fe490289f826d78dd126d09bc9b34ecd3c9c16b2
wad	global	global/mission_ss/021	1	66592	fa53048e9244040ed6ff9b07b6eba84c9e0a765d
wad	global	global/mission_ss/022	1	66592	139830d7be0f569a8ffbe93dcd9908b3996886f4
wad	global	global/mission_ss/023	1	66592	58171f6230a4eb05e00e70dafcc9092b057b70bb
wad	global	global/mission_ss/024	1	66592	7208bc630664bb9539d40811ef14b20513f47a00
wad	global	global/mission_ss/025	1	66592	a7eaf24f43a48b500812e134193f7f6b7bef87bf
wad	global	global/mission_ss/026	1	66592	fa18be19ab47178ddb981f998d0cb0f2a5a42bd4
wad	global	global/mission_ss/027	1	66592	70d1aaaafe20d756da1ec0a3e9259e653708c865
wad	global	global/mission_ss/028	1	66592	09e52c95cee7dc055293fbea77adc17625558bf1
wad	global	global/mission_ss/029	1	66592	e5a2800bfe5bd05af02fca34790ff2673bc8bc51
wad	global	global/mission_ss/030	1	66592	cd10edd723e50301337fa6f7394a4cc58b08df1f
wad	global	global/mission_ss/031	1	66592	ea17ae1c97a81c4a7282863888fd969306182e07
wad	global	global/mission_ss/032	1	66592	9ef3010ed49b382a35c97c5a44a70968ca39b395
wad	global	global/mission_ss/033	1	66592	27cf7f79e26e86a8b86d6b541ff84ada115dfd0c
wad	global	global/mission_ss/034	1	66592	f0ac3a84c2ef25893e16bd22106d931d6aac5d44
wad	global	global/mission_ss/035	1	66592	89f4f7b3177a69e486ffceae78ca660ae49ebcb3
wad	global	global/mission_ss/036	1	66592	7ca3e3e9da5123275e7401d578f714bf0ea5e445
wad	global	global/mission_ss/037	1	66592	4df9ac08cf31d7777403e4a352f83318f6b6ce13
wad	global	global/mission_ss/038	1	66592	915730eec147df2e960a2e9ca815d6731a888ba7
wad	global	global/mission_ss/039	1	66592	cfd49a47802e07f2b484b808d1bed1a18259950f
wad	global	global/mission_ss/040	1	66592	6ee9afd80e9c1a9d5a310b752dc7a35ee51b0f0b
wad	global	global/mission_ss/041	1	66592	76530ccd2ba5f1a6245e38cfab1cdfeff321d4e8
wad	global	global/mission_ss/042	1	66592	4cd1dc9aa8a2ef5c6819f37310bd812b3b9cba97
wad	global	global/mission_ss/043	1	66592	230bda334092612c4e847c2b22fd2482ee8b8ed6
wad	global	global/mission_ss/044	1	66592	72b5464b1aac7864080763966111683151221735
wad	global	global/mission_ss/045	1	66592	de61396d378d2ba4946fc803fc7bc235d89ae4ed
wad	global	global/mission_ss/046	1	66592	179f3c06cb197fc525faf50fc17d864c389f5be3
wad	global	global/mission_ss/047	1	66592	fdda97b89ffdc47681ab287d1606e7c4d6ae8796
wad	global	global/mission_ss/048	1	66592	3bc264d525ca5f2a903cd4d791bfb89a487f8817
wad	global	global/mission_ss/049	1	66592	bbc4d4966a196c097e7c6a747c65b32827402375
wad	global	global/mission_ss/050	1	66592	42bbe44d98f2f282bcf06b476976017c1332a77e
wad	global	global/mission_ss/051	1	66592	219d029ddd859dc5807a75ee6d66de70b07b1010
wad	global	global/mission_ss/052	1	66592	60ab4944e370de8c277d160f98e7311a57ac2f36
wad	global	global/mission_ss/053	1	66592	a53570b9600a63195bac9af5be012e182d808a78
wad	global	global/mission_ss/054	1	66592	762f43beeda9a688faea93fcdb3dea01fde1a801
wad	global	global/mission_ss/055	1	66592	f2bab676f9d80931810b25390c095eb859c224b6
wad	global	global/mission_ss/056	1	66592	1b4c7412716e657667c71e0299e72e62abb14866
wad	global	global/mission_ss/057	1	66592	4f523f4d8db0bd0ca781bf7c1e614ea837b54fdd
wad	global	global/mission_ss/058	1	66592	87ef0c83ada3cd3475ee16684b091a1fb803f9b6
wad	global	global/mission_ss/059	1	66592	c28d8a16f6c23f991a21320b36b7b37cac11962c
wad	global	global/mission_ss/060	1	66592	9fe669550731886d833bd188a253d53eda0ee20f
wad	global	global/mission_ss/061	1	66592	8d322ae446df4c1c3d1686ac4f486dc5c04b571a
wad	global	global/mission_ss/062	1	66592	1ae6aa0a1e47fdfdabb33cf71d5ec41528197dec
wad	global	global/mission_ss/063	1	66592	1ae6aa0a1e47fdfdabb33cf71d5ec41528197dec
wad	global	global/mission_ss/064	1	66592	9831f3f2aac024ac703afa0be17d8e3c9455f894
wad	global	global/mission_ss/065	1	66592	75fdea9bd84ca5a57b22a5e04349ba2f384078d2
wad	global	global/mission_ss/066	1	66592	bf15ffb30ddd3d1f8db9f077abccbd563b7179dc
wad	global	global/mission_ss/067	1	66592	598baafd461e2a0d066e2c0e69a3d766149c6919
wad	global	global/mission_ss/068	1	66592	a1291b93db61d74b16bfee72c56ec2f4eefc9a8d
wad	global	global/mission_ss/069	1	66592	d11e808bb478b014e201db55b978ca605aa6b443
wad	global	global/mission_ss/070	1	66592	d11e808bb478b014e201db55b978ca605aa6b443
wad	global	global/mission_ss/071	1	66592	f4fb7a64372749d95a827a8c8e843fcc22bf1b32
wad	global	global/mission_ss/072	1	66592	f4fb7a64372749d95a827a8c8e843fcc22bf1b32
wad	global	global/mission_ss/073	1	66592	14e29c8f773aa981c325fc3c901cd0b5fcd15f9b
wad	global	global/mission_ss/074	1	66592	21c59bf389983fef243f6655dfae26dafc33ce62
wad	global	global/mission_ss/075	1	66592	5a59288e7e5bf80e5c2138afa031300d6dcbe2e9
wad	global	global/mission_ss/076	1	66592	f3713174bf43e6954ed3768308f31ac8b03964e0
wad	global	global/mission_ss/077	1	66592	fb484de7c569cdc705bea5a024d8106f48388fce
wad	global	global/mission_ss/078	1	66592	da6977a7a2ed44c4d07ccdc3afba83a9357ea906
wad	global	global/mission_ss/079	1	66592	7a8649f4d32abf195a102fcfbdaa153751bb645e
wad	global	global/mission_ss/080	1	66592	bd2ce89ef2b24d3030dc57743e1b1ec6399e0013
wad	global	global/options_ss/000	1	66592	71df36f8d8747ee60db4da50e2b8a76f3cc76f0c
wad	global	global/options_ss/001	1	66592	374036d81d3a185d6dead5ab72593328e39c06a7
wad	global	global/options_ss/002	1	66592	f928b1576f41caa5c1e601bda5068373e9547ea9
wad	global	global/options_ss/003	1	66592	6bcb8b49761b135ef7476c90ce887af9e5575dd9
wad	global	global/options_ss/004	1	66592	e12b77251787e4aca262c336e46c4749f526be84
wad	global	global/options_ss/005	1	66592	fdfce9eed1bcab98704158ea906f9dda6f1aebc4
wad	global	global/options_ss/006	1	66592	d5d5562c532d95a8551bb61f57c18ab250ec74c7
wad	global	global/planets/000	1	66592	bd65e5ee1303beea6d06fd726fa4406cad2ba832
wad	global	global/planets/001	1	66592	6225c42b4d9fabd349b5dd49bd29361dc9866159
wad	global	global/planets/002	1	66592	127ab526f654ea954f830bf0c69afbd164906b38
wad	global	global/planets/003	1	66592	25fb8ff89f1d431bc607510ff95941e58ac7d4a0
wad	global	global/planets/004	1	66592	5110385010e190d7594e3aa486e14bbc3ecdb446
wad	global	global/planets/005	1	66592	620017b00b50f73e500f46ef436daf54c3f45476
wad	global	global/planets/006	1	66592	468bebe460329e878ef6b756be3051af409219c2
wad	global	global/planets/007	1	66592	59059b0df6968e8223ca31a284b52d725d403e06
wad	global	global/planets/008	1	66592	1f3ff05a8fb2bf7881914109a201563b42736809
wad	global	global/planets/009	1	66592	e183f8c99cb45cefee9a450b5c135d7d5c966396
wad	global	global/planets/010	1	66592	3188687a853d31b9b01e1afd65e41346c69f029a
wad	global	global/planets/011	1	66592	ed269b47e9d00e3e02a30096525fd39cc9d6d7f6
wad	global	global/planets/012	1	66592	f54f10d9161edc4def3d05a6b2d590aad6178e87
wad	global	global/planets/013	1	66592	e5b6c2c9600a47a85ac62e58752042a56c8c59fa
wad	global	global/planets/014	1	66592	8ab04e2e264d4782dd177824e12ddff8716676d7
wad	global	global/planets/015	1	66592	96fea9530a8f306fed227fd2871003bf55ee2368
wad	global	global/planets/016	1	66592	cf71588007567158b6f2249f8570a20fa8c7d36d
wad	global	global/planets/017	1	66592	76c771b01a16f52e510045f9d42de2b869b93ea4
wad	global	global/planets/018	1	66592	bd65e5ee1303beea6d06fd726fa4406cad2ba832
wad	global	global/post_credits_helpdesk_girl_seq	1	233424	e5c86ac605712a9d431ff6997c52f5214459be41
wad	global	global/ratchet_seqs/000	1	174096	c9277b242fa4fc26dc1ed0fe0914a9667895def6
wad	global	global/ratchet_seqs/001	1	130624	dd9581b1c70f4fcbd75f3df5bea0bf3a78a52d29
wad	global	global/ratchet_seqs/002	1	118544	2be547d1b96ccd702f1640ba416f48272068c762
wad	global	global/ratchet_seqs/003	1	316400	389a7eb47d8693f2eedd6b7039013dc15be32d58
wad	global	global/ratchet_seqs/004	1	205440	b902c3452bdb69c837f26df0c834b8b07028f678
wad	global	global/ratchet_seqs/005	1	272800	d1cc473c6bab2397a21061c011080f9bd719dce7
wad	global	global/ratchet_seqs/006	1	249328	ef4037fb1a96af3a9de6251c8670a2627b08471d
wad	global	global/ratchet_seqs/007	1	222224	b2489362178625488f68e55036da6719a71a8786
wad	global	global/ratchet_seqs/008	1	118336	5623c1cad38633199174ab6d4e80f2b1fca47bda
wad	global	global/ratchet_seqs/009	1	274704	c11c352cdca1e4549c29e81bfabca672bbbc4fbb
wad	global	global/ratchet_seqs/010	1	130624	dd9581b1c70f4fcbd75f3df5bea0bf3a78a52d29
wad	global	global/ratchet_seqs/011	1	200832	e8dfa9894cbb102200d7454a45188d0a3aae98b1
wad	global	global/ratchet_seqs/012	1	204368	7e624bf81aa42b0ae0a3f5d30cd1957dc06bd813
wad	global	global/ratchet_seqs/013	1	194288	fbb338a8f5b059abae875ab33c9acfdfb302cb49
wad	global	global/ratchet_seqs/014	1	158416	4e06b49090a1e329a8f2091041d73daee930316c
wad	global	global/ratchet_seqs/015	1	240384	2d6278520d0e075ed7ca56ceed2bb0c05059aa37
wad	global	global/ratchet_seqs/016	1	217360	fc9815a318d3a72d94d4dc65627d442d5811f57c
wad	global	global/ratchet_seqs/017	1	230992	f2863dbc50c9c8d2085c56009bb716321efde74e
wad	global	global/ratchet_seqs/018	1	188144	be336e23f44597926245e61cce1dcad881f86888
wad	global	global/ratchet_seqs/019	1	221360	df7439eee03a74f37f5d347f0e6918406974c70f
wad	global	global/ratchet_seqs/020	1	182752	f2acde351e9552355a6f90cc5ee3f46c6c54fc2c
wad	global	global/ratchet_seqs/021	1	63664	df723490077e331ae419fac82a357da7acc59c5a
wad	global	global/ratchet_seqs/022	1	175328	4855d507dffeef234749eacaa3a1b443fae51363
wad	global	global/ratchet_seqs/023	1	210336	06d05a124168b8154e3b4d66e78669cc2cabcd0b
wad	global	global/ratchet_seqs/024	1	156640	96bee486c59b49c798a177da54ce16f377546df0
wad	global	global/ratchet_seqs/025	1	69344	ae7f91085e4734a570f3897f340bef4579b7d5d0
wad	global	global/ratchet_seqs/026	1	256784	d95d3c7ea85817f045fa1054c712c2920bed572b
wad	global	global/ratchet_seqs/027	1	82480	e9af5df47171d788f314cb72a2e6eaee5978c0b6
wad	global	global/sketchbook/000	1	263200	38db53611bb93e7f619494266bc5e03a98d63c41
wad	global	global/sketchbook/001	1	263200	f453c67f8e7144a4d60167da3f108ed50faadbfc
wad	global	global/sketchbook/002	1	263200	a290da9bd95d3875e16cc9d96b81afe77d12f3ea
wad	global	global/sketchbook/003	1	263200	0fb168dac66ac2d675c40205f63c6b8582d6f007
wad	global	global/sketchbook/004	1	263200	bf0fc07c287acca226ae2553d848979bba013535
wad	global	global/sketchbook/005	1	263200	9a4d5c80712ed40cb0ab0df8260c00fc65849e6a
wad	global	global/sketchbook/006	1	263200	8cf7540dcb78cd509243e9fbb885a18bdc8e5b5c
wad	global	global/sketchbook/007	1	263200	003d8696ba1bb7016994151e8a94603f13b6c11c
wad	global	global/sketchbook/008	1	263200	21d6581c723cfdc295de7b851ae60ffee4f46ca9
wad	global	global/sketchbook/009	1	263200	d1805a5337a8838e3a854f267e06edce71b50cee
wad	global	global/sketchbook/010	1	263200	39854665e008ddbdf08daa180002b8de89797e41
wad	global	global/sketchbook/011	1	263200	09f19b54d9e7ba4e08623d55b5194009ae01c84f
wad	global	global/sketchbook/012	1	263200	df4edd15375253830dcb88049ca1cc7c85787e55
wad	global	global/sketchbook/013	1	263200	bb980b84aa8af720b6d7db10a90aa8dca9346c39
wad	global	global/sketchbook/014	1	263200	fc37c8540649eb2dcb855c900484226c2d076b8b
wad	global	global/sketchbook/015	1	263200	a2070834f76309567f3983398edb58cb53d93373
wad	global	global/sketchbook/016	1	263200	49b317616a73dd11c77b15130c63e8a947d10912
wad	global	global/sketchbook/017	1	263200	c272ee357de6b87108fe7e5c9f7e79fae3cf4819
wad	global	global/sketchbook/018	1	263200	49f21754afa558bd4ae17f5a3fd2b7eb991add71
wad	global	global/sketchbook/019	1	263200	c48f93549cad72d173af29781d8947165286930c
wad	global	global/sketchbook/020	1	263200	0f3f30db46dc6c4858ae81c48509498d91d313d3
wad	global	global/sketchbook/021	1	263200	47561ed20d6111c63837ed69fedb38e1516e1d05
wad	global	global/sketchbook/022	1	263200	6c477149edcd6c1a3c00f425586062626b937234
wad	global	global/sketchbook/023	1	263200	072633c940a0c1c750cfff9b8fee5ff8538d3a0d
wad	global	global/sketchbook/024	1	263200	1eba38a588bad90597a6ec0014f79e20c5fce04f
wad	global	global/sketchbook/025	1	263200	72c64b531cf2011e27f930bed58653add901c916
wad	global	global/sketchbook/026	1	263200	4c50e33798f4afdf07a982bf11107915405721d7
wad	global	global/sketchbook/027	1	263200	00aa2d5b76cac1480f35a843678e6a6bf810a857
wad	global	global/sketchbook/028	1	263200	07632a4825cc930a7813af1cf338389684b26aae
wad	global	global/sketchbook/029	1	263200	fc0688eeec9f094044108d8f910a8aa3700380bb
wad	global	global/skill_images/000	1	66592	32bee475f26e8d9e6b4ece293a2879cd5d3c1304
wad	global	global/skill_images/001	1	66592	5a6e85fbcae6f6450796b835f748b40d7f19dc77
wad	global	global/skill_images/002	1	66592	965b6ede811eb794cf82afba10117476fc051c37
wad	global	global/skill_images/003	1	66592	2310e7cd6a8d8c8e5b3c88e59d0e1df76bb7cd98
wad	global	global/skill_images/004	1	66592	b0af2c44b9266f819fbc7b3d6992fc9a697cacc1
wad	global	global/skill_images/005	1	66592	1d45950b180fc169f3b38d299af0f2d84f927530
wad	global	global/skill_images/006	1	66592	32e95dd5c57cf196f0e5ce4aa738df44de679444
wad	global	global/skill_images/007	1	66592	a0856dceacaf42adeb5be86e3614d7efd358b93b
wad	global	global/skill_images/008	1	66592	10bcbae11794334f3ec115c83bb08e8a0a660ccc
wad	global	global/skill_images/009	1	66592	1924f17854388da5a0c57c5e36913755d33fe3f4
wad	global	global/skill_images/010	1	66592	0bece80c3467b8a27a51ef52354c087c08dd3b6d
wad	global	global/skill_images/011	1	66592	d7d8a61d3dfd66b1301799dc11009ee3d8b37492
wad	global	global/skill_images/012	1	66592	f50286211fe136b3ad7c350fa8ffbcbb9509fc3a
wad	global	global/skill_images/013	1	66592	489ba68ebb3dab2364fad58e17972e2edda4a92f
wad	global	global/skill_images/014	1	66592	a47b12f4dd383b84ad7395c03e4fc3ce333ab019
wad	global	global/skill_images/015	1	66592	11c72aac8289a0a4b229671b5a81e0c488fa8dbb
wad	global	global/skill_images/016	1	66592	aae1333627d52c5d4adf011ad4967b9614924e40
wad	global	global/skill_images/017	1	66592	6b6ca94c6959b0d8d7b1e0bce63fcf779a0f6bd2
wad	global	global/skill_images/018	1	66592	193778ef3085d7a0b7682ba350dd18ef70c3c170
wad	global	global/skill_images/019	1	66592	510c09a96359b512ce97650d47886301a14db7d2
wad	global	global/skill_images/020	1	66592	811b42486964ec809dd7d24872a3ab169c65dbac
wad	global	global/skill_images/021	1	66592	0aac30d669ed3b207fa0556c72df4e57c44a53ca
wad	global	global/skill_images/022	1	66592	2617406a1e4f3a82e24bccac624e8c33096302d5
wad	global	global/skill_images/023	1	66592	32c23cd65cf1432035d71e1c0ecfd46525e0c42d
wad	global	global/skill_images/024	1	66592	f5f1363f507d15b111b52b7881378ce777f5c93e
wad	global	global/skill_images/025	1	66592	04c03024a783824eaa05e76b6771f3e06b5fdfbc
wad	global	global/skill_images/026	1	66592	57b52beee4569210faf341ab55a2429081734a6b
wad	global	global/skill_images/027	1	66592	3034463290048138f3a4e08b57d372294dc9fef0
wad	global	global/skill_images/028	1	66592	1c4dfa9d0c21c7d5e5c8d5a78cf8803b7a40070c
wad	global	global/skill_images/029	1	66592	73c9c00e273ecefc7fc8ce9592824898a10bfcf8
wad	global	global/skill_images/030	1	66592	3dd5eb700be2c27cb71dd140bf5493d705e29ca9
wad	global	global/space_plates/000	1	580240	f32c79ccd967e409ee0012abdcfaa6fea89cfccc
wad	global	global/space_plates/001	1	580240	8555f1731ed61ca57365e4e503d841041064597a
wad	global	global/space_plates/002	1	580240	30e7a0e855a06f99b2b733ae86a9a5f376121152
wad	global	global/space_plates/003	1	580240	dac7be75a2e8bfbf3c86a0fa817659f09c3d7f02
wad	global	global/space_plates/004	1	580240	ed607150e13d784fe7c399efba1672b18e7c5c73
wad	global	global/space_plates/005	1	580240	3f09ca7c3820be5ccd1c8ac8ec2799382d8a7c67
wad	global	global/transition	1	2863552	32efd6c9d22bfd4fb0ed6e73316f996b11f82c9a
wad	global	global/unknown_0820/000	1	617296	e97958ff9deac514757c4d783a20c2007685463d
wad	global	global/unknown_0820/001	1	626672	54b173a6bc9cf84d5f548cba1886f5d1aca63c7c
wad	global	global/unknown_0820/002	1	624304	16ee72cf3a0e75624ac2e7bbd7b65a6a368d8813
wad	global	global/unknown_0820/003	1	620672	b335763b3c24dc375adeb1082e6080317633be5d
wad	global	global/unknown_0820/004	1	623424	fdebb195c86b6614d7929534441d17fe425c97b0
wad	global	global/unknown_0820/005	1	629632	b16e5e4fed707128a970776749986689c8d13880
wad	global	global/unknown_0820/006	1	625104	591af0279fd566d7ebe10b57dfb4c9feacacdb0c
wad	global	global/unknown_0820/007	1	621376	0a30734d21d29975368f97852e929ce7f3bf058f
wad	global	global/unknown_0820/008	1	628736	60dce8e6810f0e56c9016fc11215a124a64ed7f4
wad	global	global/unknown_0820/009	1	623008	bffa6200f4a5bed3189e2f0c161d284204ff1c3e
wad	global	global/unknown_0820/010	1	629216	ec26cfbb39b5e0fd1feed4911a2e2983012016a8
wad	global	global/unknown_0820/011	1	624080	4cdc356dfdecafdd7cd431116a3f1eeae1d4f85d
wad	global	global/unknown_0820/012	1	625904	d2458b463d4d56155ad5e221a3e8f509e1577cf7
wad	global	global/unknown_0820/013	1	627504	2a48112c166ab7e3827007db2c2321927df57063
wad	global	global/unknown_0820/014	1	629232	750f22273f229d871dd0a37cec258010a6a3e100
wad	global	global/unknown_0820/015	1	623344	1d51dfe1180fdbd8f4c471687ee56df6d7150c3d
wad	global	global/unknown_0820/016	1	630400	c28ab5aece5d5bc2cf66adb7ba03313d3ed5f241
wad	global	global/unknown_0820/017	1	620656	82769b673ce73a28b54a1fb770ca691e26b29705
wad	global	global/unknown_0820/018	1	626272	78ac29329f8bf1ac72b0e783f798e84f1aded305
wad	global	global/unknown_0820/019	1	617296	e97958ff9deac514757c4d783a20c2007685463d
wad	global	global/unknown_0820/020	1	626672	42388a91c630d3fa3f5eec009db31959b1d18196
wad	global	global/unknown_0820/021	1	624304	c3cb042487e183e5c1ac321ef8d644a6d469639d
wad	global	global/unknown_0820/022	1	620672	56ada0bb9cbdd803914d13adecc3ffb602661c87
wad	global	global/unknown_0820/023	1	623424	fdebb195c86b6614d7929534441d17fe425c97b0
wad	global	global/unknown_0820/024	1	629632	0dd3dbd00a50c165798bc469ee696395c1f3c89f
wad	global	global/unknown_0820/025	1	625104	e0b93e68c33eafd73117bc4c4349c2397054fed2
wad	global	global/unknown_0820/026	1	621376	9c452b918021ee1384bc82050b8c900e45ff5d15
wad	global	global/unknown_0820/027	1	628736	0945c6fefe55fdf2faeefa4714a11494bbef46a4
wad	global	global/unknown_0820/028	1	623008	f41e13b6d5fa676ba8d8e4cc83ce88e283dae9c2
wad	global	global/unknown_0820/029	1	629216	7393de05399afbda38b58e4bc36faf1f43bfed9b
wad	global	global/unknown_0820/030	1	624080	7d35481f388215e0b7fec8d5c7de141c25ebd169
wad	global	global/unknown_0820/031	1	625904	fa84c0c38c29c5293911e4b9994bff4efaa1cd47
wad	global	global/unknown_0820/032	1	627504	3ac5ebd196bb02ca2b658aa7f6983fe4beb3f881
wad	global	global/unknown_0820/033	1	629232	4c1774592e06df196235aee25380ee6cec0813d1
wad	global	global/unknown_0820/034	1	623344	7d8891c696f8f9d81a2a3080d5d95d58dc4884ef
wad	global	global/unknown_0820/035	1	630400	4eea48a7a28381cdc44e640496ddfdcbc17a9032
wad	global	global/unknown_0820/036	1	620656	a0143b1f1d798d9d7e08b9cc896f84d8e2132492
wad	global	global/unknown_0820/037	1	626272	1f80d8a25bd53c94ead206b81c9b6e5d74f5b388
wad	global	global/unknown_14e8	1	7542976	d68768a2111b3950ce93d6bde8d139fafbe98c46
wad	global	global/unknown_17e8/000	1	2116160	ef982e574c909217f1eb2db2536c83b0b056ff5c
wad	global	global/unknown_17e8/001	1	6193448	00b300f56ae0316742d03fb295504600d788a0ab
wad	global	global/vendor	1	611152	08cbab283a16624189cf8a5c7951af5c9611fd56
